frame,timestamp,t_sec,lat,lon,rel_alt,abs_alt,yaw,pitch,roll,focal_len,dzoom,gsd
1,2024-11-24 17:38:03.576,0.0,48.267013,25.914562,102.229,426.185,-65.8,-89.9,0.0,24.0,1.0,0.07986640625000001
2,2024-11-24 17:38:03.612,0.036,48.267013,25.914562,102.229,426.185,-65.8,-89.9,0.0,24.0,1.0,0.07986640625000001
3,2024-11-24 17:38:03.656,0.08,48.267013,25.914562,102.229,426.185,-65.8,-89.9,0.0,24.0,1.0,0.07986640625000001
4,2024-11-24 17:38:03.675,0.099,48.267013,25.914562,102.231,426.188,-65.8,-89.9,0.0,24.0,1.0,0.07986796874999999
5,2024-11-24 17:38:03.725,0.149,48.267013,25.914562,102.231,426.188,-65.8,-89.9,0.0,24.0,1.0,0.07986796874999999
6,2024-11-24 17:38:03.740,0.164,48.267013,25.914562,102.231,426.188,-65.8,-89.9,0.0,24.0,1.0,0.07986796874999999
7,2024-11-24 17:38:03.774,0.198,48.267013,25.914562,102.231,426.187,-65.8,-90.0,0.0,24.0,1.0,0.07986796874999999
8,2024-11-24 17:38:03.824,0.248,48.267013,25.914562,102.231,426.187,-65.8,-90.0,0.0,24.0,1.0,0.07986796874999999
9,2024-11-24 17:38:03.840,0.264,48.267013,25.914562,102.231,426.187,-65.8,-90.0,0.0,24.0,1.0,0.07986796874999999
10,2024-11-24 17:38:03.874,0.298,48.267013,25.914562,102.231,426.188,-65.8,-89.9,0.0,24.0,1.0,0.07986796874999999
11,2024-11-24 17:38:03.911,0.335,48.267013,25.914562,102.231,426.188,-65.8,-89.9,0.0,24.0,1.0,0.07986796874999999
12,2024-11-24 17:38:03.941,0.365,48.267013,25.914562,102.231,426.188,-65.8,-89.9,0.0,24.0,1.0,0.07986796874999999
13,2024-11-24 17:38:03.974,0.398,48.267013,25.914562,102.231,426.188,-65.8,-89.9,0.0,24.0,1.0,0.07986796874999999
14,2024-11-24 17:38:04.008,0.432,48.267013,25.914562,102.231,426.188,-65.8,-89.9,0.0,24.0,1.0,0.07986796874999999
15,2024-11-24 17:38:04.043,0.467,48.267013,25.914562,102.231,426.188,-65.8,-89.9,0.0,24.0,1.0,0.07986796874999999
16,2024-11-24 17:38:04.074,0.498,48.267013,25.914562,102.233,426.189,-65.8,-90.0,0.0,24.0,1.0,0.07986953125
17,2024-11-24 17:38:04.109,0.533,48.267013,25.914562,102.233,426.189,-65.8,-90.0,0.0,24.0,1.0,0.07986953125
18,2024-11-24 17:38:04.141,0.565,48.267013,25.914562,102.233,426.189,-65.8,-90.0,0.0,24.0,1.0,0.07986953125
19,2024-11-24 17:38:04.174,0.598,48.267013,25.914562,102.232,426.189,-65.8,-89.9,0.0,24.0,1.0,0.07986875
20,2024-11-24 17:38:04.207,0.631,48.267013,25.914562,102.232,426.189,-65.8,-89.9,0.0,24.0,1.0,0.07986875
21,2024-11-24 17:38:04.241,0.665,48.267013,25.914562,102.232,426.189,-65.8,-89.9,0.0,24.0,1.0,0.07986875
22,2024-11-24 17:38:04.275,0.699,48.267013,25.914562,102.232,426.188,-65.8,-89.9,0.0,24.0,1.0,0.07986875
23,2024-11-24 17:38:04.309,0.733,48.267013,25.914562,102.232,426.188,-65.8,-89.9,0.0,24.0,1.0,0.07986875
24,2024-11-24 17:38:04.341,0.765,48.267013,25.914562,102.232,426.188,-65.8,-89.9,0.0,24.0,1.0,0.07986875
25,2024-11-24 17:38:04.375,0.799,48.267013,25.914562,102.234,426.19,-65.8,-89.9,0.0,24.0,1.0,0.0798703125
26,2024-11-24 17:38:04.409,0.833,48.267013,25.914562,102.234,426.19,-65.8,-89.9,0.0,24.0,1.0,0.0798703125
27,2024-11-24 17:38:04.442,0.866,48.267013,25.914562,102.234,426.19,-65.8,-89.9,0.0,24.0,1.0,0.0798703125
28,2024-11-24 17:38:04.474,0.898,48.267013,25.914562,102.232,426.188,-65.8,-90.0,0.0,24.0,1.0,0.07986875
29,2024-11-24 17:38:04.509,0.933,48.267013,25.914562,102.232,426.188,-65.8,-90.0,0.0,24.0,1.0,0.07986875
30,2024-11-24 17:38:04.542,0.966,48.267013,25.914562,102.232,426.188,-65.8,-90.0,0.0,24.0,1.0,0.07986875
31,2024-11-24 17:38:04.578,1.002,48.267013,25.914562,102.233,426.189,-65.8,-90.0,0.0,24.0,1.0,0.07986953125
32,2024-11-24 17:38:04.609,1.033,48.267013,25.914562,102.233,426.189,-65.8,-90.0,0.0,24.0,1.0,0.07986953125
33,2024-11-24 17:38:04.641,1.065,48.267013,25.914562,102.233,426.189,-65.8,-90.0,0.0,24.0,1.0,0.07986953125
34,2024-11-24 17:38:04.674,1.098,48.267013,25.914562,102.233,426.19,-65.8,-89.9,0.0,24.0,1.0,0.07986953125
35,2024-11-24 17:38:04.709,1.133,48.267013,25.914562,102.233,426.19,-65.8,-89.9,0.0,24.0,1.0,0.07986953125
36,2024-11-24 17:38:04.741,1.165,48.267013,25.914562,102.233,426.19,-65.8,-89.9,0.0,24.0,1.0,0.07986953125
37,2024-11-24 17:38:04.776,1.2,48.267013,25.914561,102.232,426.189,-65.8,-90.0,0.0,24.0,1.0,0.07986875
38,2024-11-24 17:38:04.809,1.233,48.267013,25.914561,102.232,426.189,-65.8,-90.0,0.0,24.0,1.0,0.07986875
39,2024-11-24 17:38:04.842,1.266,48.267013,25.914561,102.232,426.189,-65.8,-90.0,0.0,24.0,1.0,0.07986875
40,2024-11-24 17:38:04.875,1.299,48.267013,25.914561,102.229,426.185,-65.8,-89.9,0.0,24.0,1.0,0.07986640625000001
41,2024-11-24 17:38:04.909,1.333,48.267013,25.914561,102.229,426.185,-65.8,-89.9,0.0,24.0,1.0,0.07986640625000001
42,2024-11-24 17:38:04.942,1.366,48.267013,25.914561,102.229,426.185,-65.8,-89.9,0.0,24.0,1.0,0.07986640625000001
43,2024-11-24 17:38:04.976,1.4,48.267013,25.914561,102.225,426.181,-65.8,-89.9,0.0,24.0,1.0,0.07986328124999999
44,2024-11-24 17:38:05.008,1.432,48.267013,25.914561,102.225,426.181,-65.8,-89.9,0.0,24.0,1.0,0.07986328124999999
45,2024-11-24 17:38:05.042,1.466,48.267013,25.914561,102.225,426.181,-65.8,-89.9,0.0,24.0,1.0,0.07986328124999999
46,2024-11-24 17:38:05.076,1.5,48.267013,25.914561,102.228,426.184,-65.8,-89.9,0.0,24.0,1.0,0.079865625
47,2024-11-24 17:38:05.109,1.533,48.267013,25.914561,102.228,426.184,-65.8,-89.9,0.0,24.0,1.0,0.079865625
48,2024-11-24 17:38:05.142,1.566,48.267013,25.914561,102.228,426.184,-65.8,-89.9,0.0,24.0,1.0,0.079865625
49,2024-11-24 17:38:05.176,1.6,48.267014,25.91456,102.223,426.18,-65.9,-89.9,0.0,24.0,1.0,0.07986171874999999
50,2024-11-24 17:38:05.210,1.634,48.267014,25.91456,102.223,426.18,-65.9,-89.9,0.0,24.0,1.0,0.07986171874999999
51,2024-11-24 17:38:05.242,1.666,48.267014,25.91456,102.223,426.18,-65.9,-89.9,0.0,24.0,1.0,0.07986171874999999
52,2024-11-24 17:38:05.275,1.699,48.267014,25.914559,102.218,426.175,-65.8,-90.0,0.0,24.0,1.0,0.0798578125
53,2024-11-24 17:38:05.308,1.732,48.267014,25.914559,102.218,426.175,-65.8,-90.0,0.0,24.0,1.0,0.0798578125
54,2024-11-24 17:38:05.341,1.765,48.267014,25.914559,102.218,426.175,-65.8,-90.0,0.0,24.0,1.0,0.0798578125
55,2024-11-24 17:38:05.375,1.799,48.267015,25.914556,102.208,426.164,-65.8,-89.9,0.0,24.0,1.0,0.07985
56,2024-11-24 17:38:05.408,1.832,48.267015,25.914556,102.208,426.164,-65.8,-89.9,0.0,24.0,1.0,0.07985
57,2024-11-24 17:38:05.444,1.868,48.267015,25.914556,102.208,426.164,-65.8,-89.9,0.0,24.0,1.0,0.07985
58,2024-11-24 17:38:05.476,1.9,48.267016,25.914554,102.203,426.159,-65.8,-89.9,0.0,24.0,1.0,0.07984609375000001
59,2024-11-24 17:38:05.509,1.933,48.267016,25.914554,102.203,426.159,-65.8,-89.9,0.0,24.0,1.0,0.07984609375000001
60,2024-11-24 17:38:05.542,1.966,48.267016,25.914554,102.203,426.159,-65.8,-89.9,0.0,24.0,1.0,0.07984609375000001
61,2024-11-24 17:38:05.576,2.0,48.267017,25.91455,102.195,426.152,-65.8,-90.0,0.0,24.0,1.0,0.07983984375
62,2024-11-24 17:38:05.608,2.032,48.267017,25.91455,102.195,426.152,-65.8,-90.0,0.0,24.0,1.0,0.07983984375
63,2024-11-24 17:38:05.642,2.066,48.267017,25.91455,102.195,426.152,-65.8,-90.0,0.0,24.0,1.0,0.07983984375
64,2024-11-24 17:38:05.676,2.1,48.267018,25.914545,102.188,426.144,-65.8,-89.9,0.0,24.0,1.0,0.079834375
65,2024-11-24 17:38:05.709,2.133,48.267018,25.914545,102.188,426.144,-65.8,-89.9,0.0,24.0,1.0,0.079834375
66,2024-11-24 17:38:05.742,2.166,48.267018,25.914545,102.188,426.144,-65.8,-89.9,0.0,24.0,1.0,0.079834375
67,2024-11-24 17:38:05.776,2.2,48.26702,25.91454,102.178,426.135,-65.8,-89.9,0.0,24.0,1.0,0.0798265625
68,2024-11-24 17:38:05.809,2.233,48.26702,25.91454,102.178,426.135,-65.8,-89.9,0.0,24.0,1.0,0.0798265625
69,2024-11-24 17:38:05.843,2.267,48.26702,25.91454,102.178,426.135,-65.8,-89.9,0.0,24.0,1.0,0.0798265625
70,2024-11-24 17:38:05.875,2.299,48.267021,25.914534,102.17,426.126,-65.8,-90.0,0.0,24.0,1.0,0.0798203125
71,2024-11-24 17:38:05.909,2.333,48.267021,25.914534,102.17,426.126,-65.8,-90.0,0.0,24.0,1.0,0.0798203125
72,2024-11-24 17:38:05.943,2.367,48.267021,25.914534,102.17,426.126,-65.8,-90.0,0.0,24.0,1.0,0.0798203125
73,2024-11-24 17:38:05.976,2.4,48.267023,25.914527,102.159,426.115,-65.8,-89.9,0.0,24.0,1.0,0.07981171875000001
74,2024-11-24 17:38:06.011,2.435,48.267023,25.914527,102.159,426.115,-65.8,-89.9,0.0,24.0,1.0,0.07981171875000001
75,2024-11-24 17:38:06.042,2.466,48.267023,25.914527,102.159,426.115,-65.8,-89.9,0.0,24.0,1.0,0.07981171875000001
76,2024-11-24 17:38:06.076,2.5,48.267025,25.91452,102.149,426.106,-65.8,-89.9,0.0,24.0,1.0,0.07980390625
77,2024-11-24 17:38:06.109,2.533,48.267025,25.91452,102.149,426.106,-65.8,-89.9,0.0,24.0,1.0,0.07980390625
78,2024-11-24 17:38:06.143,2.567,48.267025,25.91452,102.149,426.106,-65.8,-89.9,0.0,24.0,1.0,0.07980390625
79,2024-11-24 17:38:06.178,2.602,48.267028,25.914512,102.137,426.094,-65.8,-89.9,0.0,24.0,1.0,0.07979453125
80,2024-11-24 17:38:06.209,2.633,48.267028,25.914512,102.137,426.094,-65.8,-89.9,0.0,24.0,1.0,0.07979453125
81,2024-11-24 17:38:06.242,2.666,48.267028,25.914512,102.137,426.094,-65.8,-89.9,0.0,24.0,1.0,0.07979453125
82,2024-11-24 17:38:06.277,2.701,48.26703,25.914503,102.126,426.083,-65.8,-89.9,0.0,24.0,1.0,0.07978593750000001
83,2024-11-24 17:38:06.309,2.733,48.26703,25.914503,102.126,426.083,-65.8,-89.9,0.0,24.0,1.0,0.07978593750000001
84,2024-11-24 17:38:06.342,2.766,48.26703,25.914503,102.126,426.083,-65.8,-89.9,0.0,24.0,1.0,0.07978593750000001
85,2024-11-24 17:38:06.376,2.8,48.267033,25.914494,102.113,426.07,-65.8,-89.9,0.0,24.0,1.0,0.07977578125
86,2024-11-24 17:38:06.410,2.834,48.267033,25.914494,102.113,426.07,-65.8,-89.9,0.0,24.0,1.0,0.07977578125
87,2024-11-24 17:38:06.444,2.868,48.267033,25.914494,102.113,426.07,-65.8,-89.9,0.0,24.0,1.0,0.07977578125
88,2024-11-24 17:38:06.476,2.9,48.267036,25.914484,102.098,426.055,-65.8,-90.0,0.0,24.0,1.0,0.0797640625
89,2024-11-24 17:38:06.510,2.934,48.267036,25.914484,102.098,426.055,-65.8,-90.0,0.0,24.0,1.0,0.0797640625
90,2024-11-24 17:38:06.544,2.968,48.267036,25.914484,102.098,426.055,-65.8,-90.0,0.0,24.0,1.0,0.0797640625
91,2024-11-24 17:38:06.576,3.0,48.267039,25.914473,102.084,426.041,-65.8,-89.9,0.0,24.0,1.0,0.07975312500000001
92,2024-11-24 17:38:06.610,3.034,48.267039,25.914473,102.084,426.041,-65.8,-89.9,0.0,24.0,1.0,0.07975312500000001
93,2024-11-24 17:38:06.643,3.067,48.267039,25.914473,102.084,426.041,-65.8,-89.9,0.0,24.0,1.0,0.07975312500000001
94,2024-11-24 17:38:06.677,3.101,48.267042,25.914462,102.074,426.031,-65.8,-90.0,0.0,24.0,1.0,0.0797453125
95,2024-11-24 17:38:06.711,3.135,48.267042,25.914462,102.074,426.031,-65.8,-90.0,0.0,24.0,1.0,0.0797453125
96,2024-11-24 17:38:06.743,3.167,48.267042,25.914462,102.074,426.031,-65.8,-90.0,0.0,24.0,1.0,0.0797453125
97,2024-11-24 17:38:06.777,3.201,48.267046,25.914449,102.064,426.021,-65.8,-89.9,0.0,24.0,1.0,0.0797375
98,2024-11-24 17:38:06.811,3.235,48.267046,25.914449,102.064,426.021,-65.8,-89.9,0.0,24.0,1.0,0.0797375
99,2024-11-24 17:38:06.844,3.268,48.267046,25.914449,102.064,426.021,-65.8,-89.9,0.0,24.0,1.0,0.0797375
100,2024-11-24 17:38:06.877,3.301,48.267049,25.914437,102.048,426.005,-65.8,-90.0,0.0,24.0,1.0,0.079725
101,2024-11-24 17:38:06.910,3.334,48.267049,25.914437,102.048,426.005,-65.8,-90.0,0.0,24.0,1.0,0.079725
102,2024-11-24 17:38:06.944,3.368,48.267049,25.914437,102.048,426.005,-65.8,-90.0,0.0,24.0,1.0,0.079725
103,2024-11-24 17:38:06.977,3.401,48.267053,25.914424,102.036,425.993,-65.8,-89.9,0.0,24.0,1.0,0.079715625
104,2024-11-24 17:38:07.012,3.436,48.267053,25.914424,102.036,425.993,-65.8,-89.9,0.0,24.0,1.0,0.079715625
105,2024-11-24 17:38:07.043,3.467,48.267053,25.914424,102.036,425.993,-65.8,-89.9,0.0,24.0,1.0,0.079715625
106,2024-11-24 17:38:07.077,3.501,48.267057,25.91441,102.025,425.981,-65.8,-89.9,0.0,24.0,1.0,0.07970703125000002
107,2024-11-24 17:38:07.110,3.534,48.267057,25.91441,102.025,425.981,-65.8,-89.9,0.0,24.0,1.0,0.07970703125000002
108,2024-11-24 17:38:07.144,3.568,48.267057,25.91441,102.025,425.981,-65.8,-89.9,0.0,24.0,1.0,0.07970703125000002
109,2024-11-24 17:38:07.178,3.602,48.267061,25.914396,102.013,425.969,-65.8,-89.9,0.0,24.0,1.0,0.07969765625
110,2024-11-24 17:38:07.210,3.634,48.267061,25.914396,102.013,425.969,-65.8,-89.9,0.0,24.0,1.0,0.07969765625
111,2024-11-24 17:38:07.245,3.669,48.267061,25.914396,102.013,425.969,-65.8,-89.9,0.0,24.0,1.0,0.07969765625
112,2024-11-24 17:38:07.277,3.701,48.267065,25.914382,102.0,425.957,-65.8,-89.9,0.0,24.0,1.0,0.0796875
113,2024-11-24 17:38:07.310,3.734,48.267065,25.914382,102.0,425.957,-65.8,-89.9,0.0,24.0,1.0,0.0796875
114,2024-11-24 17:38:07.343,3.767,48.267065,25.914382,102.0,425.957,-65.8,-89.9,0.0,24.0,1.0,0.0796875
115,2024-11-24 17:38:07.377,3.801,48.26707,25.914367,101.986,425.943,-65.8,-89.9,0.0,24.0,1.0,0.0796765625
116,2024-11-24 17:38:07.411,3.835,48.26707,25.914367,101.986,425.943,-65.8,-89.9,0.0,24.0,1.0,0.0796765625
117,2024-11-24 17:38:07.444,3.868,48.26707,25.914367,101.986,425.943,-65.8,-89.9,0.0,24.0,1.0,0.0796765625
118,2024-11-24 17:38:07.477,3.901,48.267074,25.914352,101.971,425.927,-65.8,-89.9,0.0,24.0,1.0,0.07966484375
119,2024-11-24 17:38:07.511,3.935,48.267074,25.914352,101.971,425.927,-65.8,-89.9,0.0,24.0,1.0,0.07966484375
120,2024-11-24 17:38:07.544,3.968,48.267074,25.914352,101.971,425.927,-65.8,-89.9,0.0,24.0,1.0,0.07966484375
121,2024-11-24 17:38:07.578,4.002,48.267079,25.914336,101.957,425.913,-65.8,-89.9,0.0,24.0,1.0,0.07965390624999999
122,2024-11-24 17:38:07.611,4.035,48.267079,25.914336,101.957,425.913,-65.8,-89.9,0.0,24.0,1.0,0.07965390624999999
123,2024-11-24 17:38:07.644,4.068,48.267079,25.914336,101.957,425.913,-65.8,-89.9,0.0,24.0,1.0,0.07965390624999999
124,2024-11-24 17:38:07.677,4.101,48.267083,25.914321,101.944,425.9,-65.8,-89.9,0.0,24.0,1.0,0.07964375
125,2024-11-24 17:38:07.711,4.135,48.267083,25.914321,101.944,425.9,-65.8,-89.9,0.0,24.0,1.0,0.07964375
126,2024-11-24 17:38:07.744,4.168,48.267083,25.914321,101.944,425.9,-65.8,-89.9,0.0,24.0,1.0,0.07964375
127,2024-11-24 17:38:07.777,4.201,48.267089,25.914304,101.932,425.889,-65.8,-89.9,0.0,24.0,1.0,0.079634375
128,2024-11-24 17:38:07.811,4.235,48.267089,25.914304,101.932,425.889,-65.8,-89.9,0.0,24.0,1.0,0.079634375
129,2024-11-24 17:38:07.844,4.268,48.267089,25.914304,101.932,425.889,-65.8,-89.9,0.0,24.0,1.0,0.079634375
130,2024-11-24 17:38:07.877,4.301,48.267094,25.914287,101.92,425.876,-65.8,-89.9,0.0,24.0,1.0,0.079625
131,2024-11-24 17:38:07.912,4.336,48.267094,25.914287,101.92,425.876,-65.8,-89.9,0.0,24.0,1.0,0.079625
132,2024-11-24 17:38:07.944,4.368,48.267094,25.914287,101.92,425.876,-65.8,-89.9,0.0,24.0,1.0,0.079625
133,2024-11-24 17:38:07.978,4.402,48.267099,25.91427,101.906,425.863,-65.8,-89.9,0.0,24.0,1.0,0.0796140625
134,2024-11-24 17:38:08.010,4.434,48.267099,25.91427,101.906,425.863,-65.8,-89.9,0.0,24.0,1.0,0.0796140625
135,2024-11-24 17:38:08.046,4.47,48.267099,25.91427,101.906,425.863,-65.8,-89.9,0.0,24.0,1.0,0.0796140625
136,2024-11-24 17:38:08.078,4.502,48.267104,25.914252,101.893,425.85,-65.8,-90.0,0.0,24.0,1.0,0.07960390625
137,2024-11-24 17:38:08.111,4.535,48.267104,25.914252,101.893,425.85,-65.8,-90.0,0.0,24.0,1.0,0.07960390625
138,2024-11-24 17:38:08.145,4.569,48.267104,25.914252,101.893,425.85,-65.8,-90.0,0.0,24.0,1.0,0.07960390625
139,2024-11-24 17:38:08.178,4.602,48.267109,25.914234,101.884,425.841,-65.8,-89.9,0.0,24.0,1.0,0.079596875
140,2024-11-24 17:38:08.211,4.635,48.267109,25.914234,101.884,425.841,-65.8,-89.9,0.0,24.0,1.0,0.079596875
141,2024-11-24 17:38:08.245,4.669,48.267109,25.914234,101.884,425.841,-65.8,-89.9,0.0,24.0,1.0,0.079596875
142,2024-11-24 17:38:08.279,4.703,48.267115,25.914215,101.87,425.826,-65.8,-90.0,0.0,24.0,1.0,0.07958593750000001
143,2024-11-24 17:38:08.311,4.735,48.267115,25.914215,101.87,425.826,-65.8,-90.0,0.0,24.0,1.0,0.07958593750000001
144,2024-11-24 17:38:08.345,4.769,48.267115,25.914215,101.87,425.826,-65.8,-90.0,0.0,24.0,1.0,0.07958593750000001
145,2024-11-24 17:38:08.378,4.802,48.26712,25.914198,101.862,425.819,-65.8,-89.9,0.0,24.0,1.0,0.07957968750000001
146,2024-11-24 17:38:08.412,4.836,48.26712,25.914198,101.862,425.819,-65.8,-89.9,0.0,24.0,1.0,0.07957968750000001
147,2024-11-24 17:38:08.445,4.869,48.26712,25.914198,101.862,425.819,-65.8,-89.9,0.0,24.0,1.0,0.07957968750000001
148,2024-11-24 17:38:08.478,4.902,48.267125,25.914179,101.849,425.806,-65.8,-89.9,0.0,24.0,1.0,0.07956953125
149,2024-11-24 17:38:08.511,4.935,48.267125,25.914179,101.849,425.806,-65.8,-89.9,0.0,24.0,1.0,0.07956953125
150,2024-11-24 17:38:08.545,4.969,48.267125,25.914179,101.849,425.806,-65.8,-89.9,0.0,24.0,1.0,0.07956953125
151,2024-11-24 17:38:08.578,5.002,48.267131,25.91416,101.838,425.795,-65.8,-90.0,0.0,24.0,1.0,0.0795609375
152,2024-11-24 17:38:08.613,5.037,48.267131,25.91416,101.838,425.795,-65.8,-90.0,0.0,24.0,1.0,0.0795609375
153,2024-11-24 17:38:08.645,5.069,48.267131,25.91416,101.838,425.795,-65.8,-90.0,0.0,24.0,1.0,0.0795609375
154,2024-11-24 17:38:08.678,5.102,48.267136,25.914142,101.831,425.787,-65.8,-89.9,0.0,24.0,1.0,0.07955546875
155,2024-11-24 17:38:08.712,5.136,48.267136,25.914142,101.831,425.787,-65.8,-89.9,0.0,24.0,1.0,0.07955546875
156,2024-11-24 17:38:08.746,5.17,48.267136,25.914142,101.831,425.787,-65.8,-89.9,0.0,24.0,1.0,0.07955546875
157,2024-11-24 17:38:08.778,5.202,48.267143,25.914121,101.825,425.781,-65.8,-89.9,0.0,24.0,1.0,0.07955078125000001
158,2024-11-24 17:38:08.812,5.236,48.267143,25.914121,101.825,425.781,-65.8,-89.9,0.0,24.0,1.0,0.07955078125000001
159,2024-11-24 17:38:08.846,5.27,48.267143,25.914121,101.825,425.781,-65.8,-89.9,0.0,24.0,1.0,0.07955078125000001
160,2024-11-24 17:38:08.879,5.303,48.267149,25.914101,101.817,425.773,-65.8,-89.9,0.0,24.0,1.0,0.07954453125
161,2024-11-24 17:38:08.912,5.336,48.267149,25.914101,101.817,425.773,-65.8,-89.9,0.0,24.0,1.0,0.07954453125
162,2024-11-24 17:38:08.945,5.369,48.267149,25.914101,101.817,425.773,-65.8,-89.9,0.0,24.0,1.0,0.07954453125
163,2024-11-24 17:38:08.982,5.406,48.267154,25.914081,101.805,425.762,-65.8,-89.9,0.0,24.0,1.0,0.07953515625
164,2024-11-24 17:38:09.013,5.437,48.267154,25.914081,101.805,425.762,-65.8,-89.9,0.0,24.0,1.0,0.07953515625
165,2024-11-24 17:38:09.045,5.469,48.267154,25.914081,101.805,425.762,-65.8,-89.9,0.0,24.0,1.0,0.07953515625
166,2024-11-24 17:38:09.082,5.506,48.267161,25.914061,101.795,425.752,-65.8,-89.9,0.0,24.0,1.0,0.07952734374999999
167,2024-11-24 17:38:09.112,5.536,48.267161,25.914061,101.795,425.752,-65.8,-89.9,0.0,24.0,1.0,0.07952734374999999
168,2024-11-24 17:38:09.145,5.569,48.267161,25.914061,101.795,425.752,-65.8,-89.9,0.0,24.0,1.0,0.07952734374999999
169,2024-11-24 17:38:09.179,5.603,48.267167,25.914041,101.784,425.741,-65.8,-89.9,0.0,24.0,1.0,0.07951875000000001
170,2024-11-24 17:38:09.212,5.636,48.267167,25.914041,101.784,425.741,-65.8,-89.9,0.0,24.0,1.0,0.07951875000000001
171,2024-11-24 17:38:09.245,5.669,48.267167,25.914041,101.784,425.741,-65.8,-89.9,0.0,24.0,1.0,0.07951875000000001
172,2024-11-24 17:38:09.279,5.703,48.267173,25.91402,101.775,425.731,-65.8,-89.9,0.0,24.0,1.0,0.07951171875000002
173,2024-11-24 17:38:09.313,5.737,48.267173,25.91402,101.775,425.731,-65.8,-89.9,0.0,24.0,1.0,0.07951171875000002
174,2024-11-24 17:38:09.346,5.77,48.267173,25.91402,101.775,425.731,-65.8,-89.9,0.0,24.0,1.0,0.07951171875000002
175,2024-11-24 17:38:09.379,5.803,48.267179,25.913999,101.762,425.719,-65.8,-89.9,0.0,24.0,1.0,0.0795015625
176,2024-11-24 17:38:09.413,5.837,48.267179,25.913999,101.762,425.719,-65.8,-89.9,0.0,24.0,1.0,0.0795015625
177,2024-11-24 17:38:09.446,5.87,48.267179,25.913999,101.762,425.719,-65.8,-89.9,0.0,24.0,1.0,0.0795015625
178,2024-11-24 17:38:09.479,5.903,48.267186,25.913978,101.754,425.71,-65.8,-90.0,0.0,24.0,1.0,0.0794953125
179,2024-11-24 17:38:09.513,5.937,48.267186,25.913978,101.754,425.71,-65.8,-90.0,0.0,24.0,1.0,0.0794953125
180,2024-11-24 17:38:09.546,5.97,48.267186,25.913978,101.754,425.71,-65.8,-90.0,0.0,24.0,1.0,0.0794953125
181,2024-11-24 17:38:09.579,6.003,48.267192,25.913958,101.744,425.701,-65.8,-89.9,0.0,24.0,1.0,0.07948749999999999
182,2024-11-24 17:38:09.612,6.036,48.267192,25.913958,101.744,425.701,-65.8,-89.9,0.0,24.0,1.0,0.07948749999999999
183,2024-11-24 17:38:09.646,6.07,48.267192,25.913958,101.744,425.701,-65.8,-89.9,0.0,24.0,1.0,0.07948749999999999
184,2024-11-24 17:38:09.679,6.103,48.267198,25.913937,101.734,425.691,-65.8,-89.9,0.0,24.0,1.0,0.07947968749999999
185,2024-11-24 17:38:09.713,6.137,48.267198,25.913937,101.734,425.691,-65.8,-89.9,0.0,24.0,1.0,0.07947968749999999
186,2024-11-24 17:38:09.746,6.17,48.267198,25.913937,101.734,425.691,-65.8,-89.9,0.0,24.0,1.0,0.07947968749999999
187,2024-11-24 17:38:09.780,6.204,48.267205,25.913913,101.725,425.682,-65.8,-90.0,0.0,24.0,1.0,0.07947265624999998
188,2024-11-24 17:38:09.812,6.236,48.267205,25.913913,101.725,425.682,-65.8,-90.0,0.0,24.0,1.0,0.07947265624999998
189,2024-11-24 17:38:09.846,6.27,48.267205,25.913913,101.725,425.682,-65.8,-90.0,0.0,24.0,1.0,0.07947265624999998
190,2024-11-24 17:38:09.882,6.306,48.267212,25.913891,101.712,425.668,-65.8,-89.9,0.0,24.0,1.0,0.0794625
191,2024-11-24 17:38:09.913,6.337,48.267212,25.913891,101.712,425.668,-65.8,-89.9,0.0,24.0,1.0,0.0794625
192,2024-11-24 17:38:09.946,6.37,48.267212,25.913891,101.712,425.668,-65.8,-89.9,0.0,24.0,1.0,0.0794625
193,2024-11-24 17:38:09.980,6.404,48.267218,25.91387,101.703,425.66,-65.8,-90.0,0.0,24.0,1.0,0.07945546875000001
194,2024-11-24 17:38:10.012,6.436,48.267218,25.91387,101.703,425.66,-65.8,-90.0,0.0,24.0,1.0,0.07945546875000001
195,2024-11-24 17:38:10.046,6.47,48.267218,25.91387,101.703,425.66,-65.8,-90.0,0.0,24.0,1.0,0.07945546875000001
196,2024-11-24 17:38:10.079,6.503,48.267225,25.913847,101.696,425.653,-65.8,-89.9,0.0,24.0,1.0,0.07944999999999999
197,2024-11-24 17:38:10.113,6.537,48.267225,25.913847,101.696,425.653,-65.8,-89.9,0.0,24.0,1.0,0.07944999999999999
198,2024-11-24 17:38:10.148,6.572,48.267225,25.913847,101.696,425.653,-65.8,-89.9,0.0,24.0,1.0,0.07944999999999999
199,2024-11-24 17:38:10.180,6.604,48.267232,25.913825,101.687,425.644,-65.8,-89.9,0.0,24.0,1.0,0.07944296875
200,2024-11-24 17:38:10.213,6.637,48.267232,25.913825,101.687,425.644,-65.8,-89.9,0.0,24.0,1.0,0.07944296875
201,2024-11-24 17:38:10.246,6.67,48.267232,25.913825,101.687,425.644,-65.8,-89.9,0.0,24.0,1.0,0.07944296875
202,2024-11-24 17:38:10.282,6.706,48.267239,25.913801,101.678,425.635,-65.8,-90.0,0.0,24.0,1.0,0.0794359375
203,2024-11-24 17:38:10.315,6.739,48.267239,25.913801,101.678,425.635,-65.8,-90.0,0.0,24.0,1.0,0.0794359375
204,2024-11-24 17:38:10.348,6.772,48.267239,25.913801,101.678,425.635,-65.8,-90.0,0.0,24.0,1.0,0.0794359375
205,2024-11-24 17:38:10.384,6.808,48.267245,25.91378,101.669,425.626,-65.8,-89.9,0.0,24.0,1.0,0.07942890625
206,2024-11-24 17:38:10.415,6.839,48.267245,25.91378,101.669,425.626,-65.8,-89.9,0.0,24.0,1.0,0.07942890625
207,2024-11-24 17:38:10.447,6.871,48.267245,25.91378,101.669,425.626,-65.8,-89.9,0.0,24.0,1.0,0.07942890625
208,2024-11-24 17:38:10.483,6.907,48.267252,25.913757,101.66,425.616,-65.8,-90.0,0.0,24.0,1.0,0.079421875
209,2024-11-24 17:38:10.513,6.937,48.267252,25.913757,101.66,425.616,-65.8,-90.0,0.0,24.0,1.0,0.079421875
210,2024-11-24 17:38:10.547,6.971,48.267252,25.913757,101.66,425.616,-65.8,-90.0,0.0,24.0,1.0,0.079421875
211,2024-11-24 17:38:10.580,7.004,48.267258,25.913736,101.65,425.607,-65.8,-89.9,0.0,24.0,1.0,0.07941406250000001
212,2024-11-24 17:38:10.614,7.038,48.267258,25.913736,101.65,425.607,-65.8,-89.9,0.0,24.0,1.0,0.07941406250000001
213,2024-11-24 17:38:10.646,7.07,48.267258,25.913736,101.65,425.607,-65.8,-89.9,0.0,24.0,1.0,0.07941406250000001
214,2024-11-24 17:38:10.682,7.106,48.267265,25.913713,101.636,425.593,-65.8,-89.9,0.0,24.0,1.0,0.079403125
215,2024-11-24 17:38:10.715,7.139,48.267265,25.913713,101.636,425.593,-65.8,-89.9,0.0,24.0,1.0,0.079403125
216,2024-11-24 17:38:10.747,7.171,48.267265,25.913713,101.636,425.593,-65.8,-89.9,0.0,24.0,1.0,0.079403125
217,2024-11-24 17:38:10.780,7.204,48.267272,25.913688,101.623,425.58,-65.8,-89.9,0.0,24.0,1.0,0.07939296875
218,2024-11-24 17:38:10.815,7.239,48.267272,25.913688,101.623,425.58,-65.8,-89.9,0.0,24.0,1.0,0.07939296875
219,2024-11-24 17:38:10.847,7.271,48.267272,25.913688,101.623,425.58,-65.8,-89.9,0.0,24.0,1.0,0.07939296875
220,2024-11-24 17:38:10.881,7.305,48.267279,25.913665,101.619,425.576,-65.8,-89.9,0.0,24.0,1.0,0.07938984375
221,2024-11-24 17:38:10.915,7.339,48.267279,25.913665,101.619,425.576,-65.8,-89.9,0.0,24.0,1.0,0.07938984375
222,2024-11-24 17:38:10.947,7.371,48.267279,25.913665,101.619,425.576,-65.8,-89.9,0.0,24.0,1.0,0.07938984375
223,2024-11-24 17:38:10.981,7.405,48.267286,25.913642,101.614,425.57,-65.8,-89.9,0.0,24.0,1.0,0.07938593749999999
224,2024-11-24 17:38:11.014,7.438,48.267286,25.913642,101.614,425.57,-65.8,-89.9,0.0,24.0,1.0,0.07938593749999999
225,2024-11-24 17:38:11.047,7.471,48.267286,25.913642,101.614,425.57,-65.8,-89.9,0.0,24.0,1.0,0.07938593749999999
226,2024-11-24 17:38:11.080,7.504,48.267293,25.913618,101.606,425.563,-65.8,-89.9,0.0,24.0,1.0,0.07937968749999999
227,2024-11-24 17:38:11.115,7.539,48.267293,25.913618,101.606,425.563,-65.8,-89.9,0.0,24.0,1.0,0.07937968749999999
228,2024-11-24 17:38:11.148,7.572,48.267293,25.913618,101.606,425.563,-65.8,-89.9,0.0,24.0,1.0,0.07937968749999999
229,2024-11-24 17:38:11.183,7.607,48.2673,25.913595,101.594,425.55,-65.8,-90.0,0.0,24.0,1.0,0.0793703125
230,2024-11-24 17:38:11.214,7.638,48.2673,25.913595,101.594,425.55,-65.8,-90.0,0.0,24.0,1.0,0.0793703125
231,2024-11-24 17:38:11.248,7.672,48.2673,25.913595,101.594,425.55,-65.8,-90.0,0.0,24.0,1.0,0.0793703125
232,2024-11-24 17:38:11.283,7.707,48.267307,25.913571,101.588,425.545,-65.9,-89.9,0.0,24.0,1.0,0.07936562500000001
233,2024-11-24 17:38:11.317,7.741,48.267307,25.913571,101.588,425.545,-65.9,-89.9,0.0,24.0,1.0,0.07936562500000001
234,2024-11-24 17:38:11.348,7.772,48.267307,25.913571,101.588,425.545,-65.9,-89.9,0.0,24.0,1.0,0.07936562500000001
235,2024-11-24 17:38:11.383,7.807,48.267314,25.913547,101.578,425.534,-65.8,-90.0,0.0,24.0,1.0,0.07935781250000001
236,2024-11-24 17:38:11.415,7.839,48.267314,25.913547,101.578,425.534,-65.8,-90.0,0.0,24.0,1.0,0.07935781250000001
237,2024-11-24 17:38:11.447,7.871,48.267314,25.913547,101.578,425.534,-65.8,-90.0,0.0,24.0,1.0,0.07935781250000001
238,2024-11-24 17:38:11.485,7.909,48.267321,25.913524,101.567,425.523,-65.8,-89.9,0.0,24.0,1.0,0.07934921874999999
239,2024-11-24 17:38:11.516,7.94,48.267321,25.913524,101.567,425.523,-65.8,-89.9,0.0,24.0,1.0,0.07934921874999999
240,2024-11-24 17:38:11.548,7.972,48.267321,25.913524,101.567,425.523,-65.8,-89.9,0.0,24.0,1.0,0.07934921874999999
241,2024-11-24 17:38:11.585,8.009,48.267328,25.9135,101.557,425.514,-65.8,-90.0,0.0,24.0,1.0,0.07934140625
242,2024-11-24 17:38:11.617,8.041,48.267328,25.9135,101.557,425.514,-65.8,-90.0,0.0,24.0,1.0,0.07934140625
243,2024-11-24 17:38:11.647,8.071,48.267328,25.9135,101.557,425.514,-65.8,-90.0,0.0,24.0,1.0,0.07934140625
244,2024-11-24 17:38:11.681,8.105,48.267335,25.913478,101.546,425.503,-65.8,-89.9,0.0,24.0,1.0,0.0793328125
245,2024-11-24 17:38:11.715,8.139,48.267335,25.913478,101.546,425.503,-65.8,-89.9,0.0,24.0,1.0,0.0793328125
246,2024-11-24 17:38:11.750,8.174,48.267335,25.913478,101.546,425.503,-65.8,-89.9,0.0,24.0,1.0,0.0793328125
247,2024-11-24 17:38:11.783,8.207,48.267343,25.913452,101.534,425.49,-65.8,-89.9,0.0,24.0,1.0,0.07932343750000001
248,2024-11-24 17:38:11.815,8.239,48.267343,25.913452,101.534,425.49,-65.8,-89.9,0.0,24.0,1.0,0.07932343750000001
249,2024-11-24 17:38:11.848,8.272,48.267343,25.913452,101.534,425.49,-65.8,-89.9,0.0,24.0,1.0,0.07932343750000001
250,2024-11-24 17:38:11.884,8.308,48.26735,25.913428,101.525,425.482,-65.8,-89.9,0.0,24.0,1.0,0.07931640625000001
251,2024-11-24 17:38:11.915,8.339,48.26735,25.913428,101.525,425.482,-65.8,-89.9,0.0,24.0,1.0,0.07931640625000001
252,2024-11-24 17:38:11.948,8.372,48.26735,25.913428,101.525,425.482,-65.8,-89.9,0.0,24.0,1.0,0.07931640625000001
253,2024-11-24 17:38:11.983,8.407,48.267357,25.913404,101.516,425.473,-65.8,-89.9,0.0,24.0,1.0,0.079309375
254,2024-11-24 17:38:12.016,8.44,48.267357,25.913404,101.516,425.473,-65.8,-89.9,0.0,24.0,1.0,0.079309375
255,2024-11-24 17:38:12.049,8.473,48.267357,25.913404,101.516,425.473,-65.8,-89.9,0.0,24.0,1.0,0.079309375
256,2024-11-24 17:38:12.086,8.51,48.267364,25.91338,101.506,425.463,-65.8,-90.0,0.0,24.0,1.0,0.0793015625
257,2024-11-24 17:38:12.114,8.538,48.267364,25.91338,101.506,425.463,-65.8,-90.0,0.0,24.0,1.0,0.0793015625
258,2024-11-24 17:38:12.149,8.573,48.267364,25.91338,101.506,425.463,-65.8,-90.0,0.0,24.0,1.0,0.0793015625
259,2024-11-24 17:38:12.184,8.608,48.267371,25.913355,101.498,425.455,-65.8,-90.0,0.0,24.0,1.0,0.0792953125
260,2024-11-24 17:38:12.216,8.64,48.267371,25.913355,101.498,425.455,-65.8,-90.0,0.0,24.0,1.0,0.0792953125
261,2024-11-24 17:38:12.249,8.673,48.267371,25.913355,101.498,425.455,-65.8,-90.0,0.0,24.0,1.0,0.0792953125
262,2024-11-24 17:38:12.282,8.706,48.267379,25.913331,101.494,425.451,-65.8,-90.0,0.0,24.0,1.0,0.07929218749999999
263,2024-11-24 17:38:12.316,8.74,48.267379,25.913331,101.494,425.451,-65.8,-90.0,0.0,24.0,1.0,0.07929218749999999
264,2024-11-24 17:38:12.349,8.773,48.267379,25.913331,101.494,425.451,-65.8,-90.0,0.0,24.0,1.0,0.07929218749999999
265,2024-11-24 17:38:12.383,8.807,48.267386,25.913307,101.485,425.441,-65.8,-90.0,0.0,24.0,1.0,0.07928515625
266,2024-11-24 17:38:12.415,8.839,48.267386,25.913307,101.485,425.441,-65.8,-90.0,0.0,24.0,1.0,0.07928515625
267,2024-11-24 17:38:12.450,8.874,48.267386,25.913307,101.485,425.441,-65.8,-90.0,0.0,24.0,1.0,0.07928515625
268,2024-11-24 17:38:12.483,8.907,48.267393,25.913283,101.478,425.434,-65.8,-89.9,0.0,24.0,1.0,0.07927968749999999
269,2024-11-24 17:38:12.516,8.94,48.267393,25.913283,101.478,425.434,-65.8,-89.9,0.0,24.0,1.0,0.07927968749999999
270,2024-11-24 17:38:12.549,8.973,48.267393,25.913283,101.478,425.434,-65.8,-89.9,0.0,24.0,1.0,0.07927968749999999
271,2024-11-24 17:38:12.584,9.008,48.2674,25.913258,101.47,425.427,-65.8,-89.9,0.0,24.0,1.0,0.07927343749999999
272,2024-11-24 17:38:12.616,9.04,48.2674,25.913258,101.47,425.427,-65.8,-89.9,0.0,24.0,1.0,0.07927343749999999
273,2024-11-24 17:38:12.651,9.075,48.2674,25.913258,101.47,425.427,-65.8,-89.9,0.0,24.0,1.0,0.07927343749999999
274,2024-11-24 17:38:12.684,9.108,48.267407,25.913236,101.459,425.415,-65.8,-89.9,0.0,24.0,1.0,0.07926484375000001
275,2024-11-24 17:38:12.716,9.14,48.267407,25.913236,101.459,425.415,-65.8,-89.9,0.0,24.0,1.0,0.07926484375000001
276,2024-11-24 17:38:12.749,9.173,48.267407,25.913236,101.459,425.415,-65.8,-89.9,0.0,24.0,1.0,0.07926484375000001
277,2024-11-24 17:38:12.782,9.206,48.267415,25.913209,101.452,425.409,-65.8,-89.9,0.0,24.0,1.0,0.07925937499999999
278,2024-11-24 17:38:12.818,9.242,48.267415,25.913209,101.452,425.409,-65.8,-89.9,0.0,24.0,1.0,0.07925937499999999
279,2024-11-24 17:38:12.848,9.272,48.267415,25.913209,101.452,425.409,-65.8,-89.9,0.0,24.0,1.0,0.07925937499999999
280,2024-11-24 17:38:12.886,9.31,48.267422,25.913185,101.447,425.403,-65.8,-90.0,0.0,24.0,1.0,0.07925546875
281,2024-11-24 17:38:12.917,9.341,48.267422,25.913185,101.447,425.403,-65.8,-90.0,0.0,24.0,1.0,0.07925546875
282,2024-11-24 17:38:12.950,9.374,48.267422,25.913185,101.447,425.403,-65.8,-90.0,0.0,24.0,1.0,0.07925546875
283,2024-11-24 17:38:12.984,9.408,48.26743,25.91316,101.438,425.395,-65.8,-90.0,0.0,24.0,1.0,0.0792484375
284,2024-11-24 17:38:13.015,9.439,48.26743,25.91316,101.438,425.395,-65.8,-90.0,0.0,24.0,1.0,0.0792484375
285,2024-11-24 17:38:13.049,9.473,48.26743,25.91316,101.438,425.395,-65.8,-90.0,0.0,24.0,1.0,0.0792484375
286,2024-11-24 17:38:13.086,9.51,48.267437,25.913136,101.43,425.387,-65.8,-90.0,0.0,24.0,1.0,0.0792421875
287,2024-11-24 17:38:13.116,9.54,48.267437,25.913136,101.43,425.387,-65.8,-90.0,0.0,24.0,1.0,0.0792421875
288,2024-11-24 17:38:13.149,9.573,48.267437,25.913136,101.43,425.387,-65.8,-90.0,0.0,24.0,1.0,0.0792421875
289,2024-11-24 17:38:13.185,9.609,48.267444,25.913111,101.424,425.38,-65.8,-90.0,0.0,24.0,1.0,0.07923750000000002
290,2024-11-24 17:38:13.216,9.64,48.267444,25.913111,101.424,425.38,-65.8,-90.0,0.0,24.0,1.0,0.07923750000000002
291,2024-11-24 17:38:13.251,9.675,48.267444,25.913111,101.424,425.38,-65.8,-90.0,0.0,24.0,1.0,0.07923750000000002
292,2024-11-24 17:38:13.285,9.709,48.267452,25.913086,101.417,425.373,-65.8,-90.0,0.0,24.0,1.0,0.07923203124999999
293,2024-11-24 17:38:13.318,9.742,48.267452,25.913086,101.417,425.373,-65.8,-90.0,0.0,24.0,1.0,0.07923203124999999
294,2024-11-24 17:38:13.350,9.774,48.267452,25.913086,101.417,425.373,-65.8,-90.0,0.0,24.0,1.0,0.07923203124999999
295,2024-11-24 17:38:13.384,9.808,48.267459,25.913062,101.41,425.367,-66.1,-90.0,0.0,24.0,1.0,0.0792265625
296,2024-11-24 17:38:13.417,9.841,48.267459,25.913062,101.41,425.367,-66.1,-90.0,0.0,24.0,1.0,0.0792265625
297,2024-11-24 17:38:13.450,9.874,48.267459,25.913062,101.41,425.367,-66.1,-90.0,0.0,24.0,1.0,0.0792265625
298,2024-11-24 17:38:13.485,9.909,48.267466,25.913037,101.411,425.367,-67.0,-90.0,0.0,24.0,1.0,0.07922734375
299,2024-11-24 17:38:13.517,9.941,48.267466,25.913037,101.411,425.367,-67.0,-90.0,0.0,24.0,1.0,0.07922734375
300,2024-11-24 17:38:13.549,9.973,48.267466,25.913037,101.411,425.367,-67.0,-90.0,0.0,24.0,1.0,0.07922734375
301,2024-11-24 17:38:13.586,10.01,48.267473,25.913014,101.417,425.373,-68.0,-90.0,0.0,24.0,1.0,0.07923203124999999
302,2024-11-24 17:38:13.617,10.041,48.267473,25.913014,101.417,425.373,-68.0,-90.0,0.0,24.0,1.0,0.07923203124999999
303,2024-11-24 17:38:13.651,10.075,48.267473,25.913014,101.417,425.373,-68.0,-90.0,0.0,24.0,1.0,0.07923203124999999
304,2024-11-24 17:38:13.684,10.108,48.26748,25.912989,101.48,425.437,-68.4,-89.9,0.0,24.0,1.0,0.07928125
305,2024-11-24 17:38:13.718,10.142,48.26748,25.912989,101.48,425.437,-68.4,-89.9,0.0,24.0,1.0,0.07928125
306,2024-11-24 17:38:13.751,10.175,48.26748,25.912989,101.48,425.437,-68.4,-89.9,0.0,24.0,1.0,0.07928125
307,2024-11-24 17:38:13.784,10.208,48.267487,25.912962,101.538,425.494,-68.4,-89.9,0.0,24.0,1.0,0.07932656249999999
308,2024-11-24 17:38:13.818,10.242,48.267487,25.912962,101.538,425.494,-68.4,-89.9,0.0,24.0,1.0,0.07932656249999999
309,2024-11-24 17:38:13.849,10.273,48.267487,25.912962,101.538,425.494,-68.4,-89.9,0.0,24.0,1.0,0.07932656249999999
310,2024-11-24 17:38:13.884,10.308,48.267493,25.912937,101.515,425.472,-68.4,-89.9,0.0,24.0,1.0,0.07930859375
311,2024-11-24 17:38:13.917,10.341,48.267493,25.912937,101.515,425.472,-68.4,-89.9,0.0,24.0,1.0,0.07930859375
312,2024-11-24 17:38:13.950,10.374,48.267493,25.912937,101.515,425.472,-68.4,-89.9,0.0,24.0,1.0,0.07930859375
313,2024-11-24 17:38:13.983,10.407,48.2675,25.912912,101.495,425.451,-68.3,-90.0,0.0,24.0,1.0,0.07929296875
314,2024-11-24 17:38:14.019,10.443,48.2675,25.912912,101.495,425.451,-68.3,-90.0,0.0,24.0,1.0,0.07929296875
315,2024-11-24 17:38:14.051,10.475,48.2675,25.912912,101.495,425.451,-68.3,-90.0,0.0,24.0,1.0,0.07929296875
316,2024-11-24 17:38:14.086,10.51,48.267506,25.912887,101.486,425.443,-68.4,-90.0,0.0,24.0,1.0,0.0792859375
317,2024-11-24 17:38:14.118,10.542,48.267506,25.912887,101.486,425.443,-68.4,-90.0,0.0,24.0,1.0,0.0792859375
318,2024-11-24 17:38:14.151,10.575,48.267506,25.912887,101.486,425.443,-68.4,-90.0,0.0,24.0,1.0,0.0792859375
319,2024-11-24 17:38:14.184,10.608,48.267513,25.912862,101.49,425.446,-68.3,-89.9,0.0,24.0,1.0,0.0792890625
320,2024-11-24 17:38:14.217,10.641,48.267513,25.912862,101.49,425.446,-68.3,-89.9,0.0,24.0,1.0,0.0792890625
321,2024-11-24 17:38:14.250,10.674,48.267513,25.912862,101.49,425.446,-68.3,-89.9,0.0,24.0,1.0,0.0792890625
322,2024-11-24 17:38:14.287,10.711,48.267519,25.912837,101.476,425.433,-68.4,-89.9,0.0,24.0,1.0,0.079278125
323,2024-11-24 17:38:14.317,10.741,48.267519,25.912837,101.476,425.433,-68.4,-89.9,0.0,24.0,1.0,0.079278125
324,2024-11-24 17:38:14.351,10.775,48.267519,25.912837,101.476,425.433,-68.4,-89.9,0.0,24.0,1.0,0.079278125
325,2024-11-24 17:38:14.385,10.809,48.267526,25.912813,101.459,425.416,-68.4,-90.0,0.0,24.0,1.0,0.07926484375000001
326,2024-11-24 17:38:14.417,10.841,48.267526,25.912813,101.459,425.416,-68.4,-90.0,0.0,24.0,1.0,0.07926484375000001
327,2024-11-24 17:38:14.450,10.874,48.267526,25.912813,101.459,425.416,-68.4,-90.0,0.0,24.0,1.0,0.07926484375000001
328,2024-11-24 17:38:14.486,10.91,48.267532,25.912788,101.439,425.396,-68.4,-90.0,0.0,24.0,1.0,0.07924921875
329,2024-11-24 17:38:14.518,10.942,48.267532,25.912788,101.439,425.396,-68.4,-90.0,0.0,24.0,1.0,0.07924921875
330,2024-11-24 17:38:14.550,10.974,48.267532,25.912788,101.439,425.396,-68.4,-90.0,0.0,24.0,1.0,0.07924921875
331,2024-11-24 17:38:14.585,11.009,48.267538,25.912764,101.428,425.385,-68.4,-89.9,0.0,24.0,1.0,0.079240625
332,2024-11-24 17:38:14.618,11.042,48.267538,25.912764,101.428,425.385,-68.4,-89.9,0.0,24.0,1.0,0.079240625
333,2024-11-24 17:38:14.650,11.074,48.267538,25.912764,101.428,425.385,-68.4,-89.9,0.0,24.0,1.0,0.079240625
334,2024-11-24 17:38:14.686,11.11,48.267545,25.912739,101.416,425.372,-68.4,-90.0,0.0,24.0,1.0,0.07923125
335,2024-11-24 17:38:14.717,11.141,48.267545,25.912739,101.416,425.372,-68.4,-90.0,0.0,24.0,1.0,0.07923125
336,2024-11-24 17:38:14.751,11.175,48.267545,25.912739,101.416,425.372,-68.4,-90.0,0.0,24.0,1.0,0.07923125
337,2024-11-24 17:38:14.786,11.21,48.267552,25.912712,101.408,425.365,-68.4,-90.0,0.0,24.0,1.0,0.079225
338,2024-11-24 17:38:14.819,11.243,48.267552,25.912712,101.408,425.365,-68.4,-90.0,0.0,24.0,1.0,0.079225
339,2024-11-24 17:38:14.852,11.276,48.267552,25.912712,101.408,425.365,-68.4,-90.0,0.0,24.0,1.0,0.079225
340,2024-11-24 17:38:14.887,11.311,48.267558,25.912687,101.4,425.357,-68.3,-89.9,0.0,24.0,1.0,0.07921875000000002
341,2024-11-24 17:38:14.918,11.342,48.267558,25.912687,101.4,425.357,-68.3,-89.9,0.0,24.0,1.0,0.07921875000000002
342,2024-11-24 17:38:14.951,11.375,48.267558,25.912687,101.4,425.357,-68.3,-89.9,0.0,24.0,1.0,0.07921875000000002
343,2024-11-24 17:38:14.986,11.41,48.267565,25.912662,101.394,425.351,-68.4,-90.0,0.0,24.0,1.0,0.0792140625
344,2024-11-24 17:38:15.018,11.442,48.267565,25.912662,101.394,425.351,-68.4,-90.0,0.0,24.0,1.0,0.0792140625
345,2024-11-24 17:38:15.052,11.476,48.267565,25.912662,101.394,425.351,-68.4,-90.0,0.0,24.0,1.0,0.0792140625
346,2024-11-24 17:38:15.085,11.509,48.267571,25.912636,101.382,425.338,-68.4,-90.0,0.0,24.0,1.0,0.07920468750000001
347,2024-11-24 17:38:15.118,11.542,48.267571,25.912636,101.382,425.338,-68.4,-90.0,0.0,24.0,1.0,0.07920468750000001
348,2024-11-24 17:38:15.152,11.576,48.267571,25.912636,101.382,425.338,-68.4,-90.0,0.0,24.0,1.0,0.07920468750000001
349,2024-11-24 17:38:15.186,11.61,48.267578,25.912611,101.374,425.331,-68.4,-90.0,0.0,24.0,1.0,0.07919843749999998
350,2024-11-24 17:38:15.221,11.645,48.267578,25.912611,101.374,425.331,-68.4,-90.0,0.0,24.0,1.0,0.07919843749999998
351,2024-11-24 17:38:15.253,11.677,48.267578,25.912611,101.374,425.331,-68.4,-90.0,0.0,24.0,1.0,0.07919843749999998
352,2024-11-24 17:38:15.286,11.71,48.267585,25.912586,101.368,425.324,-68.4,-90.0,0.0,24.0,1.0,0.07919375
353,2024-11-24 17:38:15.319,11.743,48.267585,25.912586,101.368,425.324,-68.4,-90.0,0.0,24.0,1.0,0.07919375
354,2024-11-24 17:38:15.351,11.775,48.267585,25.912586,101.368,425.324,-68.4,-90.0,0.0,24.0,1.0,0.07919375
355,2024-11-24 17:38:15.385,11.809,48.267592,25.912561,101.36,425.316,-68.4,-90.0,0.0,24.0,1.0,0.0791875
356,2024-11-24 17:38:15.420,11.844,48.267592,25.912561,101.36,425.316,-68.4,-90.0,0.0,24.0,1.0,0.0791875
357,2024-11-24 17:38:15.451,11.875,48.267592,25.912561,101.36,425.316,-68.4,-90.0,0.0,24.0,1.0,0.0791875
358,2024-11-24 17:38:15.485,11.909,48.267598,25.912535,101.356,425.313,-68.4,-90.0,0.0,24.0,1.0,0.079184375
359,2024-11-24 17:38:15.520,11.944,48.267598,25.912535,101.356,425.313,-68.4,-90.0,0.0,24.0,1.0,0.079184375
360,2024-11-24 17:38:15.552,11.976,48.267598,25.912535,101.356,425.313,-68.4,-90.0,0.0,24.0,1.0,0.079184375
361,2024-11-24 17:38:15.587,12.011,48.267605,25.91251,101.357,425.313,-68.4,-90.0,0.0,24.0,1.0,0.07918515625000001
362,2024-11-24 17:38:15.618,12.042,48.267605,25.91251,101.357,425.313,-68.4,-90.0,0.0,24.0,1.0,0.07918515625000001
363,2024-11-24 17:38:15.652,12.076,48.267605,25.91251,101.357,425.313,-68.4,-90.0,0.0,24.0,1.0,0.07918515625000001
364,2024-11-24 17:38:15.684,12.108,48.267611,25.912487,101.351,425.308,-68.4,-90.0,0.0,24.0,1.0,0.07918046875
365,2024-11-24 17:38:15.718,12.142,48.267611,25.912487,101.351,425.308,-68.4,-90.0,0.0,24.0,1.0,0.07918046875
366,2024-11-24 17:38:15.751,12.175,48.267611,25.912487,101.351,425.308,-68.4,-90.0,0.0,24.0,1.0,0.07918046875
367,2024-11-24 17:38:15.786,12.21,48.267618,25.912459,101.352,425.308,-68.4,-90.0,0.0,24.0,1.0,0.07918125000000001
368,2024-11-24 17:38:15.818,12.242,48.267618,25.912459,101.352,425.308,-68.4,-90.0,0.0,24.0,1.0,0.07918125000000001
369,2024-11-24 17:38:15.852,12.276,48.267618,25.912459,101.352,425.308,-68.4,-90.0,0.0,24.0,1.0,0.07918125000000001
370,2024-11-24 17:38:15.885,12.309,48.267625,25.912434,101.353,425.309,-68.3,-90.0,0.0,24.0,1.0,0.07918203124999999
371,2024-11-24 17:38:15.920,12.344,48.267625,25.912434,101.353,425.309,-68.3,-90.0,0.0,24.0,1.0,0.07918203124999999
372,2024-11-24 17:38:15.953,12.377,48.267625,25.912434,101.353,425.309,-68.3,-90.0,0.0,24.0,1.0,0.07918203124999999
373,2024-11-24 17:38:15.986,12.41,48.267632,25.912408,101.358,425.315,-68.3,-90.0,0.0,24.0,1.0,0.0791859375
374,2024-11-24 17:38:16.018,12.442,48.267632,25.912408,101.358,425.315,-68.3,-90.0,0.0,24.0,1.0,0.0791859375
375,2024-11-24 17:38:16.052,12.476,48.267632,25.912408,101.358,425.315,-68.3,-90.0,0.0,24.0,1.0,0.0791859375
376,2024-11-24 17:38:16.087,12.511,48.267639,25.912383,101.363,425.32,-68.4,-90.0,0.0,24.0,1.0,0.07918984375
377,2024-11-24 17:38:16.120,12.544,48.267639,25.912383,101.363,425.32,-68.4,-90.0,0.0,24.0,1.0,0.07918984375
378,2024-11-24 17:38:16.154,12.578,48.267639,25.912383,101.363,425.32,-68.4,-90.0,0.0,24.0,1.0,0.07918984375
379,2024-11-24 17:38:16.186,12.61,48.267645,25.912357,101.362,425.318,-68.4,-90.0,0.0,24.0,1.0,0.0791890625
380,2024-11-24 17:38:16.222,12.646,48.267645,25.912357,101.362,425.318,-68.4,-90.0,0.0,24.0,1.0,0.0791890625
381,2024-11-24 17:38:16.253,12.677,48.267645,25.912357,101.362,425.318,-68.4,-90.0,0.0,24.0,1.0,0.0791890625
382,2024-11-24 17:38:16.285,12.709,48.267652,25.912331,101.357,425.314,-68.4,-90.0,0.0,24.0,1.0,0.07918515625000001
383,2024-11-24 17:38:16.321,12.745,48.267652,25.912331,101.357,425.314,-68.4,-90.0,0.0,24.0,1.0,0.07918515625000001
384,2024-11-24 17:38:16.352,12.776,48.267652,25.912331,101.357,425.314,-68.4,-90.0,0.0,24.0,1.0,0.07918515625000001
385,2024-11-24 17:38:16.387,12.811,48.267659,25.912306,101.353,425.31,-68.4,-90.0,0.0,24.0,1.0,0.07918203124999999
386,2024-11-24 17:38:16.419,12.843,48.267659,25.912306,101.353,425.31,-68.4,-90.0,0.0,24.0,1.0,0.07918203124999999
387,2024-11-24 17:38:16.453,12.877,48.267659,25.912306,101.353,425.31,-68.4,-90.0,0.0,24.0,1.0,0.07918203124999999
388,2024-11-24 17:38:16.488,12.912,48.267666,25.91228,101.347,425.304,-68.3,-90.0,0.0,24.0,1.0,0.07917734375
389,2024-11-24 17:38:16.520,12.944,48.267666,25.91228,101.347,425.304,-68.3,-90.0,0.0,24.0,1.0,0.07917734375
390,2024-11-24 17:38:16.553,12.977,48.267666,25.91228,101.347,425.304,-68.3,-90.0,0.0,24.0,1.0,0.07917734375
391,2024-11-24 17:38:16.586,13.01,48.267672,25.912255,101.34,425.297,-68.4,-90.0,0.0,24.0,1.0,0.07917187499999999
392,2024-11-24 17:38:16.623,13.047,48.267672,25.912255,101.34,425.297,-68.4,-90.0,0.0,24.0,1.0,0.07917187499999999
393,2024-11-24 17:38:16.653,13.077,48.267672,25.912255,101.34,425.297,-68.4,-90.0,0.0,24.0,1.0,0.07917187499999999
394,2024-11-24 17:38:16.685,13.109,48.267679,25.912229,101.336,425.292,-68.3,-90.0,0.0,24.0,1.0,0.07916875
395,2024-11-24 17:38:16.720,13.144,48.267679,25.912229,101.336,425.292,-68.3,-90.0,0.0,24.0,1.0,0.07916875
396,2024-11-24 17:38:16.752,13.176,48.267679,25.912229,101.336,425.292,-68.3,-90.0,0.0,24.0,1.0,0.07916875
397,2024-11-24 17:38:16.788,13.212,48.267686,25.912203,101.331,425.288,-68.4,-90.0,0.0,24.0,1.0,0.07916484375
398,2024-11-24 17:38:16.822,13.246,48.267686,25.912203,101.331,425.288,-68.4,-90.0,0.0,24.0,1.0,0.07916484375
399,2024-11-24 17:38:16.853,13.277,48.267686,25.912203,101.331,425.288,-68.4,-90.0,0.0,24.0,1.0,0.07916484375
400,2024-11-24 17:38:16.886,13.31,48.267693,25.912178,101.324,425.281,-68.4,-89.9,0.0,24.0,1.0,0.07915937499999999
401,2024-11-24 17:38:16.920,13.344,48.267693,25.912178,101.324,425.281,-68.4,-89.9,0.0,24.0,1.0,0.07915937499999999
402,2024-11-24 17:38:16.953,13.377,48.267693,25.912178,101.324,425.281,-68.4,-89.9,0.0,24.0,1.0,0.07915937499999999
403,2024-11-24 17:38:16.988,13.412,48.267699,25.912152,101.315,425.272,-68.4,-90.0,0.0,24.0,1.0,0.07915234374999999
404,2024-11-24 17:38:17.023,13.447,48.267699,25.912152,101.315,425.272,-68.4,-90.0,0.0,24.0,1.0,0.07915234374999999
405,2024-11-24 17:38:17.052,13.476,48.267699,25.912152,101.315,425.272,-68.4,-90.0,0.0,24.0,1.0,0.07915234374999999
406,2024-11-24 17:38:17.086,13.51,48.267706,25.912127,101.305,425.262,-68.4,-90.0,0.0,24.0,1.0,0.07914453125000001
407,2024-11-24 17:38:17.121,13.545,48.267706,25.912127,101.305,425.262,-68.4,-90.0,0.0,24.0,1.0,0.07914453125000001
408,2024-11-24 17:38:17.153,13.577,48.267706,25.912127,101.305,425.262,-68.4,-90.0,0.0,24.0,1.0,0.07914453125000001
409,2024-11-24 17:38:17.187,13.611,48.267713,25.912101,101.297,425.254,-68.4,-90.0,0.0,24.0,1.0,0.07913828124999998
410,2024-11-24 17:38:17.222,13.646,48.267713,25.912101,101.297,425.254,-68.4,-90.0,0.0,24.0,1.0,0.07913828124999998
411,2024-11-24 17:38:17.253,13.677,48.267713,25.912101,101.297,425.254,-68.4,-90.0,0.0,24.0,1.0,0.07913828124999998
412,2024-11-24 17:38:17.287,13.711,48.26772,25.912075,101.301,425.257,-68.4,-90.0,0.0,24.0,1.0,0.07914140625
413,2024-11-24 17:38:17.322,13.746,48.26772,25.912075,101.301,425.257,-68.4,-90.0,0.0,24.0,1.0,0.07914140625
414,2024-11-24 17:38:17.353,13.777,48.26772,25.912075,101.301,425.257,-68.4,-90.0,0.0,24.0,1.0,0.07914140625
415,2024-11-24 17:38:17.388,13.812,48.267727,25.912049,101.305,425.261,-68.3,-90.0,0.0,24.0,1.0,0.07914453125000001
416,2024-11-24 17:38:17.422,13.846,48.267727,25.912049,101.305,425.261,-68.3,-90.0,0.0,24.0,1.0,0.07914453125000001
417,2024-11-24 17:38:17.456,13.88,48.267727,25.912049,101.305,425.261,-68.3,-90.0,0.0,24.0,1.0,0.07914453125000001
418,2024-11-24 17:38:17.487,13.911,48.267733,25.912023,101.308,425.265,-68.3,-90.0,0.0,24.0,1.0,0.079146875
419,2024-11-24 17:38:17.521,13.945,48.267733,25.912023,101.308,425.265,-68.3,-90.0,0.0,24.0,1.0,0.079146875
420,2024-11-24 17:38:17.553,13.977,48.267733,25.912023,101.308,425.265,-68.3,-90.0,0.0,24.0,1.0,0.079146875
421,2024-11-24 17:38:17.587,14.011,48.26774,25.911998,101.311,425.267,-68.2,-90.0,0.0,24.0,1.0,0.07914921875
422,2024-11-24 17:38:17.623,14.047,48.26774,25.911998,101.311,425.267,-68.2,-90.0,0.0,24.0,1.0,0.07914921875
423,2024-11-24 17:38:17.653,14.077,48.26774,25.911998,101.311,425.267,-68.2,-90.0,0.0,24.0,1.0,0.07914921875
424,2024-11-24 17:38:17.687,14.111,48.267747,25.911972,101.306,425.263,-67.5,-90.0,0.0,24.0,1.0,0.0791453125
425,2024-11-24 17:38:17.721,14.145,48.267747,25.911972,101.306,425.263,-67.5,-90.0,0.0,24.0,1.0,0.0791453125
426,2024-11-24 17:38:17.754,14.178,48.267747,25.911972,101.306,425.263,-67.5,-90.0,0.0,24.0,1.0,0.0791453125
427,2024-11-24 17:38:17.787,14.211,48.267754,25.911946,101.31,425.266,-66.6,-90.0,0.0,24.0,1.0,0.0791484375
428,2024-11-24 17:38:17.823,14.247,48.267754,25.911946,101.31,425.266,-66.6,-90.0,0.0,24.0,1.0,0.0791484375
429,2024-11-24 17:38:17.856,14.28,48.267754,25.911946,101.31,425.266,-66.6,-90.0,0.0,24.0,1.0,0.0791484375
430,2024-11-24 17:38:17.887,14.311,48.267762,25.911921,101.322,425.279,-66.5,-90.0,0.0,24.0,1.0,0.07915781250000001
431,2024-11-24 17:38:17.922,14.346,48.267762,25.911921,101.322,425.279,-66.5,-90.0,0.0,24.0,1.0,0.07915781250000001
432,2024-11-24 17:38:17.954,14.378,48.267762,25.911921,101.322,425.279,-66.5,-90.0,0.0,24.0,1.0,0.07915781250000001
433,2024-11-24 17:38:17.987,14.411,48.267769,25.911896,101.346,425.302,-66.5,-89.9,0.0,24.0,1.0,0.0791765625
434,2024-11-24 17:38:18.023,14.447,48.267769,25.911896,101.346,425.302,-66.5,-89.9,0.0,24.0,1.0,0.0791765625
435,2024-11-24 17:38:18.054,14.478,48.267769,25.911896,101.346,425.302,-66.5,-89.9,0.0,24.0,1.0,0.0791765625
436,2024-11-24 17:38:18.087,14.511,48.267777,25.911871,101.336,425.292,-66.5,-90.0,0.0,24.0,1.0,0.07916875
437,2024-11-24 17:38:18.121,14.545,48.267777,25.911871,101.336,425.292,-66.5,-90.0,0.0,24.0,1.0,0.07916875
438,2024-11-24 17:38:18.153,14.577,48.267777,25.911871,101.336,425.292,-66.5,-90.0,0.0,24.0,1.0,0.07916875
439,2024-11-24 17:38:18.188,14.612,48.267785,25.911846,101.325,425.281,-66.5,-89.9,0.0,24.0,1.0,0.07916015625
440,2024-11-24 17:38:18.225,14.649,48.267785,25.911846,101.325,425.281,-66.5,-89.9,0.0,24.0,1.0,0.07916015625
441,2024-11-24 17:38:18.254,14.678,48.267785,25.911846,101.325,425.281,-66.5,-89.9,0.0,24.0,1.0,0.07916015625
442,2024-11-24 17:38:18.290,14.714,48.267792,25.911821,101.327,425.284,-66.5,-89.9,0.0,24.0,1.0,0.07916171875
443,2024-11-24 17:38:18.321,14.745,48.267792,25.911821,101.327,425.284,-66.5,-89.9,0.0,24.0,1.0,0.07916171875
444,2024-11-24 17:38:18.354,14.778,48.267792,25.911821,101.327,425.284,-66.5,-89.9,0.0,24.0,1.0,0.07916171875
445,2024-11-24 17:38:18.389,14.813,48.267799,25.911796,101.333,425.289,-66.5,-89.9,0.0,24.0,1.0,0.07916640625
446,2024-11-24 17:38:18.422,14.846,48.267799,25.911796,101.333,425.289,-66.5,-89.9,0.0,24.0,1.0,0.07916640625
447,2024-11-24 17:38:18.454,14.878,48.267799,25.911796,101.333,425.289,-66.5,-89.9,0.0,24.0,1.0,0.07916640625
448,2024-11-24 17:38:18.487,14.911,48.267807,25.911771,101.331,425.287,-66.5,-90.0,0.0,24.0,1.0,0.07916484375
449,2024-11-24 17:38:18.522,14.946,48.267807,25.911771,101.331,425.287,-66.5,-90.0,0.0,24.0,1.0,0.07916484375
450,2024-11-24 17:38:18.554,14.978,48.267807,25.911771,101.331,425.287,-66.5,-90.0,0.0,24.0,1.0,0.07916484375
451,2024-11-24 17:38:18.588,15.012,48.267814,25.911746,101.324,425.281,-66.5,-90.0,0.0,24.0,1.0,0.07915937499999999
452,2024-11-24 17:38:18.624,15.048,48.267814,25.911746,101.324,425.281,-66.5,-90.0,0.0,24.0,1.0,0.07915937499999999
453,2024-11-24 17:38:18.654,15.078,48.267814,25.911746,101.324,425.281,-66.5,-90.0,0.0,24.0,1.0,0.07915937499999999
454,2024-11-24 17:38:18.688,15.112,48.267821,25.91172,101.315,425.271,-66.5,-90.0,0.0,24.0,1.0,0.07915234374999999
455,2024-11-24 17:38:18.721,15.145,48.267821,25.91172,101.315,425.271,-66.5,-90.0,0.0,24.0,1.0,0.07915234374999999
456,2024-11-24 17:38:18.755,15.179,48.267821,25.91172,101.315,425.271,-66.5,-90.0,0.0,24.0,1.0,0.07915234374999999
457,2024-11-24 17:38:18.788,15.212,48.267829,25.911695,101.314,425.27,-66.5,-90.0,0.0,24.0,1.0,0.07915156250000001
458,2024-11-24 17:38:18.824,15.248,48.267829,25.911695,101.314,425.27,-66.5,-90.0,0.0,24.0,1.0,0.07915156250000001
459,2024-11-24 17:38:18.855,15.279,48.267829,25.911695,101.314,425.27,-66.5,-90.0,0.0,24.0,1.0,0.07915156250000001
460,2024-11-24 17:38:18.888,15.312,48.267836,25.91167,101.316,425.272,-66.5,-90.0,0.0,24.0,1.0,0.07915312499999999
461,2024-11-24 17:38:18.922,15.346,48.267836,25.91167,101.316,425.272,-66.5,-90.0,0.0,24.0,1.0,0.07915312499999999
462,2024-11-24 17:38:18.954,15.378,48.267836,25.91167,101.316,425.272,-66.5,-90.0,0.0,24.0,1.0,0.07915312499999999
463,2024-11-24 17:38:18.989,15.413,48.267844,25.911645,101.314,425.271,-66.5,-89.9,0.0,24.0,1.0,0.07915156250000001
464,2024-11-24 17:38:19.024,15.448,48.267844,25.911645,101.314,425.271,-66.5,-89.9,0.0,24.0,1.0,0.07915156250000001
465,2024-11-24 17:38:19.054,15.478,48.267844,25.911645,101.314,425.271,-66.5,-89.9,0.0,24.0,1.0,0.07915156250000001
466,2024-11-24 17:38:19.087,15.511,48.267851,25.911619,101.313,425.27,-66.5,-90.0,0.0,24.0,1.0,0.07915078125000001
467,2024-11-24 17:38:19.121,15.545,48.267851,25.911619,101.313,425.27,-66.5,-90.0,0.0,24.0,1.0,0.07915078125000001
468,2024-11-24 17:38:19.154,15.578,48.267851,25.911619,101.313,425.27,-66.5,-90.0,0.0,24.0,1.0,0.07915078125000001
469,2024-11-24 17:38:19.187,15.611,48.267858,25.911594,101.323,425.28,-66.5,-90.0,0.0,24.0,1.0,0.07915859374999999
470,2024-11-24 17:38:19.224,15.648,48.267858,25.911594,101.323,425.28,-66.5,-90.0,0.0,24.0,1.0,0.07915859374999999
471,2024-11-24 17:38:19.254,15.678,48.267858,25.911594,101.323,425.28,-66.5,-90.0,0.0,24.0,1.0,0.07915859374999999
472,2024-11-24 17:38:19.288,15.712,48.267866,25.911569,101.327,425.284,-66.5,-90.0,0.0,24.0,1.0,0.07916171875
473,2024-11-24 17:38:19.322,15.746,48.267866,25.911569,101.327,425.284,-66.5,-90.0,0.0,24.0,1.0,0.07916171875
474,2024-11-24 17:38:19.355,15.779,48.267866,25.911569,101.327,425.284,-66.5,-90.0,0.0,24.0,1.0,0.07916171875
475,2024-11-24 17:38:19.388,15.812,48.267873,25.911543,101.335,425.292,-66.5,-90.0,0.0,24.0,1.0,0.07916796875
476,2024-11-24 17:38:19.423,15.847,48.267873,25.911543,101.335,425.292,-66.5,-90.0,0.0,24.0,1.0,0.07916796875
477,2024-11-24 17:38:19.454,15.878,48.267873,25.911543,101.335,425.292,-66.5,-90.0,0.0,24.0,1.0,0.07916796875
478,2024-11-24 17:38:19.489,15.913,48.267881,25.911518,101.349,425.305,-66.5,-89.9,0.0,24.0,1.0,0.07917890625
479,2024-11-24 17:38:19.521,15.945,48.267881,25.911518,101.349,425.305,-66.5,-89.9,0.0,24.0,1.0,0.07917890625
480,2024-11-24 17:38:19.555,15.979,48.267881,25.911518,101.349,425.305,-66.5,-89.9,0.0,24.0,1.0,0.07917890625
481,2024-11-24 17:38:19.588,16.012,48.267888,25.911493,101.353,425.31,-66.5,-90.0,0.0,24.0,1.0,0.07918203124999999
482,2024-11-24 17:38:19.625,16.049,48.267888,25.911493,101.353,425.31,-66.5,-90.0,0.0,24.0,1.0,0.07918203124999999
483,2024-11-24 17:38:19.655,16.079,48.267888,25.911493,101.353,425.31,-66.5,-90.0,0.0,24.0,1.0,0.07918203124999999
484,2024-11-24 17:38:19.688,16.112,48.267895,25.911467,101.361,425.318,-66.5,-90.0,0.0,24.0,1.0,0.07918828125
485,2024-11-24 17:38:19.721,16.145,48.267895,25.911467,101.361,425.318,-66.5,-90.0,0.0,24.0,1.0,0.07918828125
486,2024-11-24 17:38:19.755,16.179,48.267895,25.911467,101.361,425.318,-66.5,-90.0,0.0,24.0,1.0,0.07918828125
487,2024-11-24 17:38:19.788,16.212,48.267903,25.911442,101.374,425.33,-66.5,-90.0,0.0,24.0,1.0,0.07919843749999998
488,2024-11-24 17:38:19.825,16.249,48.267903,25.911442,101.374,425.33,-66.5,-90.0,0.0,24.0,1.0,0.07919843749999998
489,2024-11-24 17:38:19.855,16.279,48.267903,25.911442,101.374,425.33,-66.5,-90.0,0.0,24.0,1.0,0.07919843749999998
490,2024-11-24 17:38:19.887,16.311,48.26791,25.911416,101.381,425.338,-66.5,-89.9,0.0,24.0,1.0,0.07920390625000001
491,2024-11-24 17:38:19.923,16.347,48.26791,25.911416,101.381,425.338,-66.5,-89.9,0.0,24.0,1.0,0.07920390625000001
492,2024-11-24 17:38:19.954,16.378,48.26791,25.911416,101.381,425.338,-66.5,-89.9,0.0,24.0,1.0,0.07920390625000001
493,2024-11-24 17:38:19.989,16.413,48.267917,25.911391,101.389,425.345,-66.5,-89.9,0.0,24.0,1.0,0.07921015625
494,2024-11-24 17:38:20.024,16.448,48.267917,25.911391,101.389,425.345,-66.5,-89.9,0.0,24.0,1.0,0.07921015625
495,2024-11-24 17:38:20.055,16.479,48.267917,25.911391,101.389,425.345,-66.5,-89.9,0.0,24.0,1.0,0.07921015625
496,2024-11-24 17:38:20.089,16.513,48.267925,25.911365,101.388,425.344,-66.5,-90.0,0.0,24.0,1.0,0.079209375
497,2024-11-24 17:38:20.122,16.546,48.267925,25.911365,101.388,425.344,-66.5,-90.0,0.0,24.0,1.0,0.079209375
498,2024-11-24 17:38:20.156,16.58,48.267925,25.911365,101.388,425.344,-66.5,-90.0,0.0,24.0,1.0,0.079209375
499,2024-11-24 17:38:20.190,16.614,48.267932,25.91134,101.395,425.352,-66.5,-90.0,0.0,24.0,1.0,0.07921484375
500,2024-11-24 17:38:20.222,16.646,48.267932,25.91134,101.395,425.352,-66.5,-90.0,0.0,24.0,1.0,0.07921484375
501,2024-11-24 17:38:20.256,16.68,48.267932,25.91134,101.395,425.352,-66.5,-90.0,0.0,24.0,1.0,0.07921484375
502,2024-11-24 17:38:20.289,16.713,48.26794,25.911313,101.408,425.365,-66.5,-90.0,0.0,24.0,1.0,0.079225
503,2024-11-24 17:38:20.323,16.747,48.26794,25.911313,101.408,425.365,-66.5,-90.0,0.0,24.0,1.0,0.079225
504,2024-11-24 17:38:20.356,16.78,48.26794,25.911313,101.408,425.365,-66.5,-90.0,0.0,24.0,1.0,0.079225
505,2024-11-24 17:38:20.388,16.812,48.267947,25.911289,101.414,425.371,-66.5,-90.0,0.0,24.0,1.0,0.0792296875
506,2024-11-24 17:38:20.422,16.846,48.267947,25.911289,101.414,425.371,-66.5,-90.0,0.0,24.0,1.0,0.0792296875
507,2024-11-24 17:38:20.455,16.879,48.267947,25.911289,101.414,425.371,-66.5,-90.0,0.0,24.0,1.0,0.0792296875
508,2024-11-24 17:38:20.489,16.913,48.267954,25.911263,101.42,425.377,-66.5,-90.0,0.0,24.0,1.0,0.079234375
509,2024-11-24 17:38:20.522,16.946,48.267954,25.911263,101.42,425.377,-66.5,-90.0,0.0,24.0,1.0,0.079234375
510,2024-11-24 17:38:20.556,16.98,48.267954,25.911263,101.42,425.377,-66.5,-90.0,0.0,24.0,1.0,0.079234375
511,2024-11-24 17:38:20.589,17.013,48.267962,25.911238,101.423,425.379,-66.5,-90.0,0.0,24.0,1.0,0.07923671875
512,2024-11-24 17:38:20.625,17.049,48.267962,25.911238,101.423,425.379,-66.5,-90.0,0.0,24.0,1.0,0.07923671875
513,2024-11-24 17:38:20.656,17.08,48.267962,25.911238,101.423,425.379,-66.5,-90.0,0.0,24.0,1.0,0.07923671875
514,2024-11-24 17:38:20.690,17.114,48.267969,25.911212,101.427,425.383,-66.5,-90.0,0.0,24.0,1.0,0.07923984375
515,2024-11-24 17:38:20.723,17.147,48.267969,25.911212,101.427,425.383,-66.5,-90.0,0.0,24.0,1.0,0.07923984375
516,2024-11-24 17:38:20.756,17.18,48.267969,25.911212,101.427,425.383,-66.5,-90.0,0.0,24.0,1.0,0.07923984375
517,2024-11-24 17:38:20.789,17.213,48.267977,25.911187,101.431,425.387,-66.5,-90.0,0.0,24.0,1.0,0.07924296875
518,2024-11-24 17:38:20.823,17.247,48.267977,25.911187,101.431,425.387,-66.5,-90.0,0.0,24.0,1.0,0.07924296875
519,2024-11-24 17:38:20.856,17.28,48.267977,25.911187,101.431,425.387,-66.5,-90.0,0.0,24.0,1.0,0.07924296875
520,2024-11-24 17:38:20.890,17.314,48.267984,25.911161,101.434,425.391,-66.5,-90.0,0.0,24.0,1.0,0.07924531250000001
521,2024-11-24 17:38:20.923,17.347,48.267984,25.911161,101.434,425.391,-66.5,-90.0,0.0,24.0,1.0,0.07924531250000001
522,2024-11-24 17:38:20.956,17.38,48.267984,25.911161,101.434,425.391,-66.5,-90.0,0.0,24.0,1.0,0.07924531250000001
523,2024-11-24 17:38:20.989,17.413,48.267991,25.911135,101.435,425.392,-66.5,-90.0,0.0,24.0,1.0,0.07924609375
524,2024-11-24 17:38:21.023,17.447,48.267991,25.911135,101.435,425.392,-66.5,-90.0,0.0,24.0,1.0,0.07924609375
525,2024-11-24 17:38:21.056,17.48,48.267991,25.911135,101.435,425.392,-66.5,-90.0,0.0,24.0,1.0,0.07924609375
526,2024-11-24 17:38:21.089,17.513,48.267999,25.91111,101.437,425.393,-66.5,-89.9,0.0,24.0,1.0,0.07924765624999999
527,2024-11-24 17:38:21.122,17.546,48.267999,25.91111,101.437,425.393,-66.5,-89.9,0.0,24.0,1.0,0.07924765624999999
528,2024-11-24 17:38:21.157,17.581,48.267999,25.91111,101.437,425.393,-66.5,-89.9,0.0,24.0,1.0,0.07924765624999999
529,2024-11-24 17:38:21.190,17.614,48.268006,25.911084,101.439,425.395,-66.5,-90.0,0.0,24.0,1.0,0.07924921875
530,2024-11-24 17:38:21.224,17.648,48.268006,25.911084,101.439,425.395,-66.5,-90.0,0.0,24.0,1.0,0.07924921875
531,2024-11-24 17:38:21.256,17.68,48.268006,25.911084,101.439,425.395,-66.5,-90.0,0.0,24.0,1.0,0.07924921875
532,2024-11-24 17:38:21.289,17.713,48.268014,25.911059,101.426,425.382,-66.5,-90.0,0.0,24.0,1.0,0.0792390625
533,2024-11-24 17:38:21.324,17.748,48.268014,25.911059,101.426,425.382,-66.5,-90.0,0.0,24.0,1.0,0.0792390625
534,2024-11-24 17:38:21.358,17.782,48.268014,25.911059,101.426,425.382,-66.5,-90.0,0.0,24.0,1.0,0.0792390625
535,2024-11-24 17:38:21.390,17.814,48.268021,25.911033,101.421,425.377,-66.5,-90.0,0.0,24.0,1.0,0.07923515625000001
536,2024-11-24 17:38:21.424,17.848,48.268021,25.911033,101.421,425.377,-66.5,-90.0,0.0,24.0,1.0,0.07923515625000001
537,2024-11-24 17:38:21.457,17.881,48.268021,25.911033,101.421,425.377,-66.5,-90.0,0.0,24.0,1.0,0.07923515625000001
538,2024-11-24 17:38:21.491,17.915,48.268029,25.911007,101.418,425.375,-66.5,-90.0,0.0,24.0,1.0,0.0792328125
539,2024-11-24 17:38:21.524,17.948,48.268029,25.911007,101.418,425.375,-66.5,-90.0,0.0,24.0,1.0,0.0792328125
540,2024-11-24 17:38:21.558,17.982,48.268029,25.911007,101.418,425.375,-66.5,-90.0,0.0,24.0,1.0,0.0792328125
541,2024-11-24 17:38:21.590,18.014,48.268036,25.910981,101.418,425.375,-66.5,-90.0,0.0,24.0,1.0,0.0792328125
542,2024-11-24 17:38:21.624,18.048,48.268036,25.910981,101.418,425.375,-66.5,-90.0,0.0,24.0,1.0,0.0792328125
543,2024-11-24 17:38:21.656,18.08,48.268036,25.910981,101.418,425.375,-66.5,-90.0,0.0,24.0,1.0,0.0792328125
544,2024-11-24 17:38:21.691,18.115,48.268043,25.910956,101.419,425.376,-66.5,-90.0,0.0,24.0,1.0,0.07923359375
545,2024-11-24 17:38:21.724,18.148,48.268043,25.910956,101.419,425.376,-66.5,-90.0,0.0,24.0,1.0,0.07923359375
546,2024-11-24 17:38:21.757,18.181,48.268043,25.910956,101.419,425.376,-66.5,-90.0,0.0,24.0,1.0,0.07923359375
547,2024-11-24 17:38:21.790,18.214,48.268051,25.91093,101.42,425.377,-66.5,-90.0,0.0,24.0,1.0,0.079234375
548,2024-11-24 17:38:21.824,18.248,48.268051,25.91093,101.42,425.377,-66.5,-90.0,0.0,24.0,1.0,0.079234375
549,2024-11-24 17:38:21.857,18.281,48.268051,25.91093,101.42,425.377,-66.5,-90.0,0.0,24.0,1.0,0.079234375
550,2024-11-24 17:38:21.891,18.315,48.268058,25.910904,101.412,425.368,-66.5,-90.0,0.0,24.0,1.0,0.079228125
551,2024-11-24 17:38:21.924,18.348,48.268058,25.910904,101.412,425.368,-66.5,-90.0,0.0,24.0,1.0,0.079228125
552,2024-11-24 17:38:21.957,18.381,48.268058,25.910904,101.412,425.368,-66.5,-90.0,0.0,24.0,1.0,0.079228125
553,2024-11-24 17:38:21.990,18.414,48.268066,25.910879,101.405,425.361,-66.5,-89.9,0.0,24.0,1.0,0.07922265625000001
554,2024-11-24 17:38:22.024,18.448,48.268066,25.910879,101.405,425.361,-66.5,-89.9,0.0,24.0,1.0,0.07922265625000001
555,2024-11-24 17:38:22.057,18.481,48.268066,25.910879,101.405,425.361,-66.5,-89.9,0.0,24.0,1.0,0.07922265625000001
556,2024-11-24 17:38:22.090,18.514,48.268073,25.910853,101.397,425.354,-66.5,-89.9,0.0,24.0,1.0,0.07921640625000001
557,2024-11-24 17:38:22.126,18.55,48.268073,25.910853,101.397,425.354,-66.5,-89.9,0.0,24.0,1.0,0.07921640625000001
558,2024-11-24 17:38:22.157,18.581,48.268073,25.910853,101.397,425.354,-66.5,-89.9,0.0,24.0,1.0,0.07921640625000001
559,2024-11-24 17:38:22.191,18.615,48.268081,25.910827,101.4,425.357,-66.5,-90.0,0.0,24.0,1.0,0.07921875000000002
560,2024-11-24 17:38:22.226,18.65,48.268081,25.910827,101.4,425.357,-66.5,-90.0,0.0,24.0,1.0,0.07921875000000002
561,2024-11-24 17:38:22.257,18.681,48.268081,25.910827,101.4,425.357,-66.5,-90.0,0.0,24.0,1.0,0.07921875000000002
562,2024-11-24 17:38:22.291,18.715,48.268088,25.910801,101.411,425.367,-66.5,-90.0,0.0,24.0,1.0,0.07922734375
563,2024-11-24 17:38:22.325,18.749,48.268088,25.910801,101.411,425.367,-66.5,-90.0,0.0,24.0,1.0,0.07922734375
564,2024-11-24 17:38:22.357,18.781,48.268088,25.910801,101.411,425.367,-66.5,-90.0,0.0,24.0,1.0,0.07922734375
565,2024-11-24 17:38:22.392,18.816,48.268095,25.910775,101.423,425.38,-66.5,-90.0,0.0,24.0,1.0,0.07923671875
566,2024-11-24 17:38:22.426,18.85,48.268095,25.910775,101.423,425.38,-66.5,-90.0,0.0,24.0,1.0,0.07923671875
567,2024-11-24 17:38:22.457,18.881,48.268095,25.910775,101.423,425.38,-66.5,-90.0,0.0,24.0,1.0,0.07923671875
568,2024-11-24 17:38:22.491,18.915,48.268103,25.91075,101.431,425.388,-66.5,-90.0,0.0,24.0,1.0,0.07924296875
569,2024-11-24 17:38:22.525,18.949,48.268103,25.91075,101.431,425.388,-66.5,-90.0,0.0,24.0,1.0,0.07924296875
570,2024-11-24 17:38:22.557,18.981,48.268103,25.91075,101.431,425.388,-66.5,-90.0,0.0,24.0,1.0,0.07924296875
571,2024-11-24 17:38:22.591,19.015,48.26811,25.910724,101.439,425.396,-66.5,-90.0,0.0,24.0,1.0,0.07924921875
572,2024-11-24 17:38:22.624,19.048,48.26811,25.910724,101.439,425.396,-66.5,-90.0,0.0,24.0,1.0,0.07924921875
573,2024-11-24 17:38:22.657,19.081,48.26811,25.910724,101.439,425.396,-66.5,-90.0,0.0,24.0,1.0,0.07924921875
574,2024-11-24 17:38:22.692,19.116,48.268118,25.910698,101.439,425.396,-66.5,-89.9,0.0,24.0,1.0,0.07924921875
575,2024-11-24 17:38:22.724,19.148,48.268118,25.910698,101.439,425.396,-66.5,-89.9,0.0,24.0,1.0,0.07924921875
576,2024-11-24 17:38:22.758,19.182,48.268118,25.910698,101.439,425.396,-66.5,-89.9,0.0,24.0,1.0,0.07924921875
577,2024-11-24 17:38:22.791,19.215,48.268125,25.910672,101.446,425.403,-66.5,-90.0,0.0,24.0,1.0,0.07925468749999999
578,2024-11-24 17:38:22.825,19.249,48.268125,25.910672,101.446,425.403,-66.5,-90.0,0.0,24.0,1.0,0.07925468749999999
579,2024-11-24 17:38:22.859,19.283,48.268125,25.910672,101.446,425.403,-66.5,-90.0,0.0,24.0,1.0,0.07925468749999999
580,2024-11-24 17:38:22.892,19.316,48.268133,25.910646,101.44,425.396,-66.5,-90.0,0.0,24.0,1.0,0.07925
581,2024-11-24 17:38:22.925,19.349,48.268133,25.910646,101.44,425.396,-66.5,-90.0,0.0,24.0,1.0,0.07925
582,2024-11-24 17:38:22.958,19.382,48.268133,25.910646,101.44,425.396,-66.5,-90.0,0.0,24.0,1.0,0.07925
583,2024-11-24 17:38:22.992,19.416,48.26814,25.910621,101.435,425.392,-66.5,-90.0,0.0,24.0,1.0,0.07924609375
584,2024-11-24 17:38:23.026,19.45,48.26814,25.910621,101.435,425.392,-66.5,-90.0,0.0,24.0,1.0,0.07924609375
585,2024-11-24 17:38:23.057,19.481,48.26814,25.910621,101.435,425.392,-66.5,-90.0,0.0,24.0,1.0,0.07924609375
586,2024-11-24 17:38:23.092,19.516,48.268148,25.910595,101.435,425.391,-66.5,-89.9,0.0,24.0,1.0,0.07924609375
587,2024-11-24 17:38:23.125,19.549,48.268148,25.910595,101.435,425.391,-66.5,-89.9,0.0,24.0,1.0,0.07924609375
588,2024-11-24 17:38:23.158,19.582,48.268148,25.910595,101.435,425.391,-66.5,-89.9,0.0,24.0,1.0,0.07924609375
589,2024-11-24 17:38:23.191,19.615,48.268155,25.910569,101.434,425.39,-66.5,-90.0,0.0,24.0,1.0,0.07924531250000001
590,2024-11-24 17:38:23.225,19.649,48.268155,25.910569,101.434,425.39,-66.5,-90.0,0.0,24.0,1.0,0.07924531250000001
591,2024-11-24 17:38:23.259,19.683,48.268155,25.910569,101.434,425.39,-66.5,-90.0,0.0,24.0,1.0,0.07924531250000001
592,2024-11-24 17:38:23.291,19.715,48.268162,25.910543,101.429,425.386,-66.5,-90.0,0.0,24.0,1.0,0.07924140625000001
593,2024-11-24 17:38:23.325,19.749,48.268162,25.910543,101.429,425.386,-66.5,-90.0,0.0,24.0,1.0,0.07924140625000001
594,2024-11-24 17:38:23.358,19.782,48.268162,25.910543,101.429,425.386,-66.5,-90.0,0.0,24.0,1.0,0.07924140625000001
595,2024-11-24 17:38:23.391,19.815,48.26817,25.910517,101.426,425.383,-66.5,-89.9,0.0,24.0,1.0,0.0792390625
596,2024-11-24 17:38:23.425,19.849,48.26817,25.910517,101.426,425.383,-66.5,-89.9,0.0,24.0,1.0,0.0792390625
597,2024-11-24 17:38:23.458,19.882,48.26817,25.910517,101.426,425.383,-66.5,-89.9,0.0,24.0,1.0,0.0792390625
598,2024-11-24 17:38:23.492,19.916,48.268177,25.910491,101.422,425.379,-66.5,-89.9,0.0,24.0,1.0,0.07923593749999999
599,2024-11-24 17:38:23.526,19.95,48.268177,25.910491,101.422,425.379,-66.5,-89.9,0.0,24.0,1.0,0.07923593749999999
600,2024-11-24 17:38:23.559,19.983,48.268185,25.910466,101.424,425.381,-66.5,-89.9,0.0,24.0,1.0,0.07923750000000002
601,2024-11-24 17:38:23.592,20.016,48.268185,25.910466,101.424,425.381,-66.5,-90.0,0.0,24.0,1.0,0.07923750000000002
602,2024-11-24 17:38:23.626,20.05,48.268185,25.910466,101.424,425.381,-66.5,-90.0,0.0,24.0,1.0,0.07923750000000002
603,2024-11-24 17:38:23.659,20.083,48.268185,25.910466,101.424,425.381,-66.5,-90.0,0.0,24.0,1.0,0.07923750000000002
604,2024-11-24 17:38:23.691,20.115,48.268192,25.91044,101.421,425.378,-66.5,-89.9,0.0,24.0,1.0,0.07923515625000001
605,2024-11-24 17:38:23.725,20.149,48.268192,25.91044,101.421,425.378,-66.5,-89.9,0.0,24.0,1.0,0.07923515625000001
606,2024-11-24 17:38:23.759,20.183,48.268192,25.91044,101.421,425.378,-66.5,-89.9,0.0,24.0,1.0,0.07923515625000001
607,2024-11-24 17:38:23.791,20.215,48.2682,25.910414,101.423,425.38,-66.5,-90.0,0.0,24.0,1.0,0.07923671875
608,2024-11-24 17:38:23.825,20.249,48.2682,25.910414,101.423,425.38,-66.5,-90.0,0.0,24.0,1.0,0.07923671875
609,2024-11-24 17:38:23.859,20.283,48.268207,25.910388,101.424,425.381,-66.5,-90.0,0.0,24.0,1.0,0.07923750000000002
610,2024-11-24 17:38:23.892,20.316,48.268207,25.910388,101.424,425.381,-67.3,-89.9,0.0,24.0,1.0,0.07923750000000002
611,2024-11-24 17:38:23.926,20.35,48.268207,25.910388,101.424,425.381,-67.3,-89.9,0.0,24.0,1.0,0.07923750000000002
612,2024-11-24 17:38:23.959,20.383,48.268215,25.910363,101.442,425.399,-67.3,-89.9,0.0,24.0,1.0,0.0792515625
613,2024-11-24 17:38:23.992,20.416,48.268215,25.910363,101.442,425.399,-72.8,-90.0,0.0,24.0,1.0,0.0792515625
614,2024-11-24 17:38:24.029,20.453,48.268215,25.910363,101.442,425.399,-72.8,-90.0,0.0,24.0,1.0,0.0792515625
615,2024-11-24 17:38:24.059,20.483,48.268222,25.910337,101.466,425.423,-72.8,-90.0,0.0,24.0,1.0,0.0792703125
616,2024-11-24 17:38:24.092,20.516,48.268222,25.910337,101.466,425.423,-81.4,-89.9,0.0,24.0,1.0,0.0792703125
617,2024-11-24 17:38:24.127,20.551,48.268222,25.910337,101.466,425.423,-81.4,-89.9,0.0,24.0,1.0,0.0792703125
618,2024-11-24 17:38:24.159,20.583,48.268228,25.910311,101.513,425.47,-81.4,-89.9,0.0,24.0,1.0,0.07930703124999999
619,2024-11-24 17:38:24.192,20.616,48.268228,25.910311,101.513,425.47,-90.8,-89.9,0.0,24.0,1.0,0.07930703124999999
620,2024-11-24 17:38:24.226,20.65,48.268228,25.910311,101.513,425.47,-90.8,-89.9,0.0,24.0,1.0,0.07930703124999999
621,2024-11-24 17:38:24.260,20.684,48.268228,25.910311,101.513,425.47,-90.8,-89.9,0.0,24.0,1.0,0.07930703124999999
622,2024-11-24 17:38:24.292,20.716,48.268234,25.910285,101.528,425.485,-100.6,-89.9,0.0,24.0,1.0,0.07931875000000001
623,2024-11-24 17:38:24.326,20.75,48.268234,25.910285,101.528,425.485,-100.6,-89.9,0.0,24.0,1.0,0.07931875000000001
624,2024-11-24 17:38:24.360,20.784,48.268239,25.91026,101.52,425.477,-100.6,-89.9,0.0,24.0,1.0,0.0793125
625,2024-11-24 17:38:24.393,20.817,48.268239,25.91026,101.52,425.477,-110.4,-89.9,0.0,24.0,1.0,0.0793125
626,2024-11-24 17:38:24.426,20.85,48.268239,25.91026,101.52,425.477,-110.4,-89.9,0.0,24.0,1.0,0.0793125
627,2024-11-24 17:38:24.459,20.883,48.268244,25.910234,101.509,425.466,-110.4,-89.9,0.0,24.0,1.0,0.07930390625
628,2024-11-24 17:38:24.493,20.917,48.268244,25.910234,101.509,425.466,-120.2,-89.9,0.0,24.0,1.0,0.07930390625
629,2024-11-24 17:38:24.526,20.95,48.268244,25.910234,101.509,425.466,-120.2,-89.9,0.0,24.0,1.0,0.07930390625
630,2024-11-24 17:38:24.560,20.984,48.268248,25.910209,101.487,425.444,-120.2,-89.9,0.0,24.0,1.0,0.07928671875
631,2024-11-24 17:38:24.592,21.016,48.268248,25.910209,101.487,425.444,-128.8,-89.9,0.0,24.0,1.0,0.07928671875
632,2024-11-24 17:38:24.626,21.05,48.268248,25.910209,101.487,425.444,-128.8,-89.9,0.0,24.0,1.0,0.07928671875
633,2024-11-24 17:38:24.661,21.085,48.268248,25.910209,101.487,425.444,-128.8,-89.9,0.0,24.0,1.0,0.07928671875
634,2024-11-24 17:38:24.692,21.116,48.268251,25.910184,101.449,425.405,-130.2,-90.0,0.0,24.0,1.0,0.07925703125
635,2024-11-24 17:38:24.727,21.151,48.268251,25.910184,101.449,425.405,-130.2,-90.0,0.0,24.0,1.0,0.07925703125
636,2024-11-24 17:38:24.760,21.184,48.268253,25.91016,101.398,425.355,-130.2,-90.0,0.0,24.0,1.0,0.0792171875
637,2024-11-24 17:38:24.795,21.219,48.268253,25.91016,101.398,425.355,-130.2,-90.0,0.0,24.0,1.0,0.0792171875
638,2024-11-24 17:38:24.828,21.252,48.268253,25.91016,101.398,425.355,-130.2,-90.0,0.0,24.0,1.0,0.0792171875
639,2024-11-24 17:38:24.860,21.284,48.268255,25.910136,101.344,425.3,-130.2,-90.0,0.0,24.0,1.0,0.079175
640,2024-11-24 17:38:24.893,21.317,48.268255,25.910136,101.344,425.3,-130.2,-89.9,0.0,24.0,1.0,0.079175
641,2024-11-24 17:38:24.927,21.351,48.268255,25.910136,101.344,425.3,-130.2,-89.9,0.0,24.0,1.0,0.079175
642,2024-11-24 17:38:24.960,21.384,48.268255,25.910113,101.298,425.255,-130.2,-89.9,0.0,24.0,1.0,0.0791390625
643,2024-11-24 17:38:24.994,21.418,48.268255,25.910113,101.298,425.255,-130.2,-89.9,0.0,24.0,1.0,0.0791390625
644,2024-11-24 17:38:25.027,21.451,48.268255,25.910113,101.298,425.255,-130.2,-89.9,0.0,24.0,1.0,0.0791390625
645,2024-11-24 17:38:25.061,21.485,48.268255,25.910113,101.298,425.255,-130.2,-89.9,0.0,24.0,1.0,0.0791390625
646,2024-11-24 17:38:25.093,21.517,48.268256,25.91009,101.259,425.215,-130.2,-89.9,0.0,24.0,1.0,0.07910859375
647,2024-11-24 17:38:25.127,21.551,48.268256,25.91009,101.259,425.215,-130.2,-89.9,0.0,24.0,1.0,0.07910859375
648,2024-11-24 17:38:25.160,21.584,48.268255,25.910068,101.215,425.171,-130.2,-89.9,0.0,24.0,1.0,0.07907421875
649,2024-11-24 17:38:25.194,21.618,48.268255,25.910068,101.215,425.171,-130.2,-89.9,0.0,24.0,1.0,0.07907421875
650,2024-11-24 17:38:25.228,21.652,48.268255,25.910068,101.215,425.171,-130.2,-89.9,0.0,24.0,1.0,0.07907421875
651,2024-11-24 17:38:25.261,21.685,48.268254,25.910046,101.178,425.135,-130.2,-89.9,0.0,24.0,1.0,0.07904531249999999
652,2024-11-24 17:38:25.293,21.717,48.268254,25.910046,101.178,425.135,-130.2,-89.9,0.0,24.0,1.0,0.07904531249999999
653,2024-11-24 17:38:25.326,21.75,48.268254,25.910046,101.178,425.135,-130.2,-89.9,0.0,24.0,1.0,0.07904531249999999
654,2024-11-24 17:38:25.361,21.785,48.268253,25.910024,101.143,425.099,-130.2,-89.9,0.0,24.0,1.0,0.07901796874999999
655,2024-11-24 17:38:25.393,21.817,48.268253,25.910024,101.143,425.099,-130.2,-90.0,0.0,24.0,1.0,0.07901796874999999
656,2024-11-24 17:38:25.428,21.852,48.268253,25.910024,101.143,425.099,-130.2,-90.0,0.0,24.0,1.0,0.07901796874999999
657,2024-11-24 17:38:25.461,21.885,48.268251,25.910003,101.119,425.076,-130.2,-90.0,0.0,24.0,1.0,0.07899921874999999
658,2024-11-24 17:38:25.494,21.918,48.268251,25.910003,101.119,425.076,-130.2,-89.9,0.0,24.0,1.0,0.07899921874999999
659,2024-11-24 17:38:25.528,21.952,48.268251,25.910003,101.119,425.076,-130.2,-89.9,0.0,24.0,1.0,0.07899921874999999
660,2024-11-24 17:38:25.561,21.985,48.268249,25.909982,101.109,425.065,-131.7,-90.0,0.0,24.0,1.0,0.07899140624999999
661,2024-11-24 17:38:25.594,22.018,48.268249,25.909982,101.109,425.065,-131.7,-90.0,0.0,24.0,1.0,0.07899140624999999
662,2024-11-24 17:38:25.627,22.051,48.268249,25.909982,101.109,425.065,-131.7,-90.0,0.0,24.0,1.0,0.07899140624999999
663,2024-11-24 17:38:25.660,22.084,48.268245,25.909962,101.099,425.056,-131.7,-90.0,0.0,24.0,1.0,0.07898359375000001
664,2024-11-24 17:38:25.694,22.118,48.268245,25.909962,101.099,425.056,-135.1,-90.0,0.0,24.0,1.0,0.07898359375000001
665,2024-11-24 17:38:25.729,22.153,48.268245,25.909962,101.099,425.056,-135.1,-90.0,0.0,24.0,1.0,0.07898359375000001
666,2024-11-24 17:38:25.761,22.185,48.268242,25.909942,101.099,425.056,-135.1,-90.0,0.0,24.0,1.0,0.07898359375000001
667,2024-11-24 17:38:25.794,22.218,48.268242,25.909942,101.099,425.056,-135.6,-89.9,0.0,24.0,1.0,0.07898359375000001
668,2024-11-24 17:38:25.828,22.252,48.268242,25.909942,101.099,425.056,-135.6,-89.9,0.0,24.0,1.0,0.07898359375000001
669,2024-11-24 17:38:25.862,22.286,48.268238,25.909923,101.105,425.062,-135.6,-89.9,0.0,24.0,1.0,0.07898828125
670,2024-11-24 17:38:25.894,22.318,48.268238,25.909923,101.105,425.062,-135.6,-89.9,0.0,24.0,1.0,0.07898828125
671,2024-11-24 17:38:25.927,22.351,48.268238,25.909923,101.105,425.062,-135.6,-89.9,0.0,24.0,1.0,0.07898828125
672,2024-11-24 17:38:25.961,22.385,48.268233,25.909903,101.111,425.068,-135.6,-89.9,0.0,24.0,1.0,0.07899296875
673,2024-11-24 17:38:25.994,22.418,48.268233,25.909903,101.111,425.068,-135.7,-90.0,0.0,24.0,1.0,0.07899296875
674,2024-11-24 17:38:26.028,22.452,48.268233,25.909903,101.111,425.068,-135.7,-90.0,0.0,24.0,1.0,0.07899296875
675,2024-11-24 17:38:26.061,22.485,48.268228,25.909885,101.116,425.073,-135.7,-90.0,0.0,24.0,1.0,0.07899687500000001
676,2024-11-24 17:38:26.096,22.52,48.268228,25.909885,101.116,425.073,-138.7,-90.0,0.0,24.0,1.0,0.07899687500000001
677,2024-11-24 17:38:26.128,22.552,48.268228,25.909885,101.116,425.073,-138.7,-90.0,0.0,24.0,1.0,0.07899687500000001
678,2024-11-24 17:38:26.162,22.586,48.268222,25.909866,101.128,425.085,-138.7,-90.0,0.0,24.0,1.0,0.07900625
679,2024-11-24 17:38:26.194,22.618,48.268222,25.909866,101.128,425.085,-144.2,-89.9,0.0,24.0,1.0,0.07900625
680,2024-11-24 17:38:26.228,22.652,48.268222,25.909866,101.128,425.085,-144.2,-89.9,0.0,24.0,1.0,0.07900625
681,2024-11-24 17:38:26.261,22.685,48.268222,25.909866,101.128,425.085,-144.2,-89.9,0.0,24.0,1.0,0.07900625
682,2024-11-24 17:38:26.295,22.719,48.268216,25.909847,101.146,425.102,-144.7,-90.0,0.0,24.0,1.0,0.0790203125
683,2024-11-24 17:38:26.329,22.753,48.268216,25.909847,101.146,425.102,-144.7,-90.0,0.0,24.0,1.0,0.0790203125
684,2024-11-24 17:38:26.362,22.786,48.26821,25.909831,101.166,425.122,-144.7,-90.0,0.0,24.0,1.0,0.0790359375
685,2024-11-24 17:38:26.395,22.819,48.26821,25.909831,101.166,425.122,-144.7,-90.0,0.0,24.0,1.0,0.0790359375
686,2024-11-24 17:38:26.428,22.852,48.26821,25.909831,101.166,425.122,-144.7,-90.0,0.0,24.0,1.0,0.0790359375
687,2024-11-24 17:38:26.461,22.885,48.268203,25.909814,101.177,425.133,-144.8,-90.0,0.0,24.0,1.0,0.07904453125000001
688,2024-11-24 17:38:26.494,22.918,48.268203,25.909814,101.177,425.133,-144.8,-90.0,0.0,24.0,1.0,0.07904453125000001
689,2024-11-24 17:38:26.528,22.952,48.268203,25.909814,101.177,425.133,-144.8,-90.0,0.0,24.0,1.0,0.07904453125000001
690,2024-11-24 17:38:26.561,22.985,48.268196,25.909798,101.191,425.148,-144.8,-90.0,0.0,24.0,1.0,0.07905546875
691,2024-11-24 17:38:26.594,23.018,48.268196,25.909798,101.191,425.148,-148.6,-90.0,0.0,24.0,1.0,0.07905546875
692,2024-11-24 17:38:26.629,23.053,48.268196,25.909798,101.191,425.148,-148.6,-90.0,0.0,24.0,1.0,0.07905546875
693,2024-11-24 17:38:26.661,23.085,48.268188,25.909782,101.205,425.162,-156.1,-89.9,0.0,24.0,1.0,0.07906640625
694,2024-11-24 17:38:26.695,23.119,48.268188,25.909782,101.205,425.162,-156.1,-89.9,0.0,24.0,1.0,0.07906640625
695,2024-11-24 17:38:26.729,23.153,48.268188,25.909782,101.205,425.162,-156.1,-89.9,0.0,24.0,1.0,0.07906640625
696,2024-11-24 17:38:26.761,23.185,48.26818,25.909767,101.221,425.178,-165.2,-89.9,0.0,24.0,1.0,0.07907890625
697,2024-11-24 17:38:26.794,23.218,48.26818,25.909767,101.221,425.178,-165.2,-89.9,0.0,24.0,1.0,0.07907890625
698,2024-11-24 17:38:26.829,23.253,48.26818,25.909767,101.221,425.178,-165.2,-89.9,0.0,24.0,1.0,0.07907890625
699,2024-11-24 17:38:26.862,23.286,48.268171,25.909753,101.243,425.199,-172.3,-89.9,0.0,24.0,1.0,0.07909609375
700,2024-11-24 17:38:26.895,23.319,48.268171,25.909753,101.243,425.199,-172.3,-89.9,0.0,24.0,1.0,0.07909609375
701,2024-11-24 17:38:26.928,23.352,48.268171,25.909753,101.243,425.199,-172.3,-89.9,0.0,24.0,1.0,0.07909609375
702,2024-11-24 17:38:26.962,23.386,48.268163,25.909739,101.26,425.217,-172.7,-90.0,0.0,24.0,1.0,0.07910937500000001
703,2024-11-24 17:38:26.996,23.42,48.268163,25.909739,101.26,425.217,-172.7,-90.0,0.0,24.0,1.0,0.07910937500000001
704,2024-11-24 17:38:27.029,23.453,48.268163,25.909739,101.26,425.217,-172.7,-90.0,0.0,24.0,1.0,0.07910937500000001
705,2024-11-24 17:38:27.062,23.486,48.268153,25.909726,101.265,425.222,-172.7,-90.0,0.0,24.0,1.0,0.07911328125
706,2024-11-24 17:38:27.095,23.519,48.268153,25.909726,101.265,425.222,-172.7,-90.0,0.0,24.0,1.0,0.07911328125
707,2024-11-24 17:38:27.129,23.553,48.268153,25.909726,101.265,425.222,-172.7,-90.0,0.0,24.0,1.0,0.07911328125
708,2024-11-24 17:38:27.163,23.587,48.268144,25.909715,101.265,425.222,-172.6,-89.9,0.0,24.0,1.0,0.07911328125
709,2024-11-24 17:38:27.196,23.62,48.268144,25.909715,101.265,425.222,-172.6,-89.9,0.0,24.0,1.0,0.07911328125
710,2024-11-24 17:38:27.228,23.652,48.268144,25.909715,101.265,425.222,-172.6,-89.9,0.0,24.0,1.0,0.07911328125
711,2024-11-24 17:38:27.262,23.686,48.268134,25.909704,101.273,425.229,-170.3,-89.9,0.0,24.0,1.0,0.07911953124999999
712,2024-11-24 17:38:27.295,23.719,48.268134,25.909704,101.273,425.229,-170.3,-89.9,0.0,24.0,1.0,0.07911953124999999
713,2024-11-24 17:38:27.329,23.753,48.268134,25.909704,101.273,425.229,-170.3,-89.9,0.0,24.0,1.0,0.07911953124999999
714,2024-11-24 17:38:27.362,23.786,48.268124,25.909694,101.281,425.238,-163.7,-90.0,0.0,24.0,1.0,0.07912578125
715,2024-11-24 17:38:27.396,23.82,48.268124,25.909694,101.281,425.238,-163.7,-90.0,0.0,24.0,1.0,0.07912578125
716,2024-11-24 17:38:27.429,23.853,48.268124,25.909694,101.281,425.238,-163.7,-90.0,0.0,24.0,1.0,0.07912578125
717,2024-11-24 17:38:27.462,23.886,48.268114,25.909684,101.279,425.236,-163.7,-90.0,0.0,24.0,1.0,0.07912421875
718,2024-11-24 17:38:27.495,23.919,48.268114,25.909684,101.279,425.236,-154.8,-90.0,0.0,24.0,1.0,0.07912421875
719,2024-11-24 17:38:27.529,23.953,48.268114,25.909684,101.279,425.236,-154.8,-90.0,0.0,24.0,1.0,0.07912421875
720,2024-11-24 17:38:27.563,23.987,48.268104,25.909674,101.305,425.261,-148.2,-89.9,0.0,24.0,1.0,0.07914453125000001
721,2024-11-24 17:38:27.595,24.019,48.268104,25.909674,101.305,425.261,-148.2,-89.9,0.0,24.0,1.0,0.07914453125000001
722,2024-11-24 17:38:27.630,24.054,48.268104,25.909674,101.305,425.261,-148.2,-89.9,0.0,24.0,1.0,0.07914453125000001
723,2024-11-24 17:38:27.662,24.086,48.268094,25.909663,101.338,425.294,-147.9,-89.9,0.0,24.0,1.0,0.0791703125
724,2024-11-24 17:38:27.696,24.12,48.268094,25.909663,101.338,425.294,-147.9,-89.9,0.0,24.0,1.0,0.0791703125
725,2024-11-24 17:38:27.729,24.153,48.268094,25.909663,101.338,425.294,-147.9,-89.9,0.0,24.0,1.0,0.0791703125
726,2024-11-24 17:38:27.762,24.186,48.268085,25.909652,101.351,425.308,-147.9,-89.9,0.0,24.0,1.0,0.07918046875
727,2024-11-24 17:38:27.795,24.219,48.268085,25.909652,101.351,425.308,-147.9,-89.9,0.0,24.0,1.0,0.07918046875
728,2024-11-24 17:38:27.829,24.253,48.268085,25.909652,101.351,425.308,-147.9,-89.9,0.0,24.0,1.0,0.07918046875
729,2024-11-24 17:38:27.863,24.287,48.268075,25.909641,101.359,425.316,-147.9,-89.9,0.0,24.0,1.0,0.07918671875
730,2024-11-24 17:38:27.895,24.319,48.268075,25.909641,101.359,425.316,-147.9,-89.9,0.0,24.0,1.0,0.07918671875
731,2024-11-24 17:38:27.929,24.353,48.268075,25.909641,101.359,425.316,-147.9,-89.9,0.0,24.0,1.0,0.07918671875
732,2024-11-24 17:38:27.963,24.387,48.268065,25.90963,101.361,425.318,-148.0,-90.0,0.0,24.0,1.0,0.07918828125
733,2024-11-24 17:38:27.997,24.421,48.268065,25.90963,101.361,425.318,-148.0,-90.0,0.0,24.0,1.0,0.07918828125
734,2024-11-24 17:38:28.030,24.454,48.268065,25.90963,101.361,425.318,-148.0,-90.0,0.0,24.0,1.0,0.07918828125
735,2024-11-24 17:38:28.063,24.487,48.268055,25.909618,101.369,425.326,-147.5,-90.0,0.0,24.0,1.0,0.07919453124999999
736,2024-11-24 17:38:28.096,24.52,48.268055,25.909618,101.369,425.326,-147.5,-90.0,0.0,24.0,1.0,0.07919453124999999
737,2024-11-24 17:38:28.130,24.554,48.268055,25.909618,101.369,425.326,-147.5,-90.0,0.0,24.0,1.0,0.07919453124999999
738,2024-11-24 17:38:28.162,24.586,48.268045,25.909607,101.379,425.335,-144.5,-90.0,0.0,24.0,1.0,0.07920234375
739,2024-11-24 17:38:28.197,24.621,48.268045,25.909607,101.379,425.335,-144.5,-90.0,0.0,24.0,1.0,0.07920234375
740,2024-11-24 17:38:28.229,24.653,48.268045,25.909607,101.379,425.335,-144.5,-90.0,0.0,24.0,1.0,0.07920234375
741,2024-11-24 17:38:28.263,24.687,48.268034,25.909595,101.384,425.341,-140.1,-90.0,0.0,24.0,1.0,0.07920624999999999
742,2024-11-24 17:38:28.296,24.72,48.268034,25.909595,101.384,425.341,-140.1,-90.0,0.0,24.0,1.0,0.07920624999999999
743,2024-11-24 17:38:28.329,24.753,48.268034,25.909595,101.384,425.341,-140.1,-90.0,0.0,24.0,1.0,0.07920624999999999
744,2024-11-24 17:38:28.363,24.787,48.268024,25.909582,101.426,425.382,-139.1,-89.9,0.0,24.0,1.0,0.0792390625
745,2024-11-24 17:38:28.397,24.821,48.268024,25.909582,101.426,425.382,-139.1,-89.9,0.0,24.0,1.0,0.0792390625
746,2024-11-24 17:38:28.429,24.853,48.268024,25.909582,101.426,425.382,-139.1,-89.9,0.0,24.0,1.0,0.0792390625
747,2024-11-24 17:38:28.464,24.888,48.268014,25.909569,101.48,425.437,-139.1,-89.9,0.0,24.0,1.0,0.07928125
748,2024-11-24 17:38:28.496,24.92,48.268014,25.909569,101.48,425.437,-139.1,-89.9,0.0,24.0,1.0,0.07928125
749,2024-11-24 17:38:28.531,24.955,48.268014,25.909569,101.48,425.437,-139.1,-89.9,0.0,24.0,1.0,0.07928125
750,2024-11-24 17:38:28.564,24.988,48.268005,25.909555,101.518,425.475,-139.1,-90.0,0.0,24.0,1.0,0.0793109375
751,2024-11-24 17:38:28.596,25.02,48.268005,25.909555,101.518,425.475,-139.1,-90.0,0.0,24.0,1.0,0.0793109375
752,2024-11-24 17:38:28.630,25.054,48.268005,25.909555,101.518,425.475,-139.1,-90.0,0.0,24.0,1.0,0.0793109375
753,2024-11-24 17:38:28.664,25.088,48.267995,25.909541,101.528,425.485,-139.1,-90.0,0.0,24.0,1.0,0.07931875000000001
754,2024-11-24 17:38:28.698,25.122,48.267995,25.909541,101.528,425.485,-139.1,-90.0,0.0,24.0,1.0,0.07931875000000001
755,2024-11-24 17:38:28.731,25.155,48.267995,25.909541,101.528,425.485,-139.1,-90.0,0.0,24.0,1.0,0.07931875000000001
756,2024-11-24 17:38:28.763,25.187,48.267985,25.909528,101.535,425.492,-138.7,-89.9,0.0,24.0,1.0,0.07932421875000001
757,2024-11-24 17:38:28.796,25.22,48.267985,25.909528,101.535,425.492,-138.7,-89.9,0.0,24.0,1.0,0.07932421875000001
758,2024-11-24 17:38:28.831,25.255,48.267985,25.909528,101.535,425.492,-138.7,-89.9,0.0,24.0,1.0,0.07932421875000001
759,2024-11-24 17:38:28.864,25.288,48.267975,25.909514,101.538,425.495,-138.3,-89.9,0.0,24.0,1.0,0.07932656249999999
760,2024-11-24 17:38:28.899,25.323,48.267975,25.909514,101.538,425.495,-138.3,-89.9,0.0,24.0,1.0,0.07932656249999999
761,2024-11-24 17:38:28.931,25.355,48.267975,25.909514,101.538,425.495,-138.3,-89.9,0.0,24.0,1.0,0.07932656249999999
762,2024-11-24 17:38:28.964,25.388,48.267966,25.9095,101.542,425.498,-138.3,-89.9,0.0,24.0,1.0,0.0793296875
763,2024-11-24 17:38:28.997,25.421,48.267966,25.9095,101.542,425.498,-138.3,-89.9,0.0,24.0,1.0,0.0793296875
764,2024-11-24 17:38:29.031,25.455,48.267966,25.9095,101.542,425.498,-138.3,-89.9,0.0,24.0,1.0,0.0793296875
765,2024-11-24 17:38:29.063,25.487,48.267955,25.909485,101.554,425.51,-138.3,-90.0,0.0,24.0,1.0,0.07933906250000002
766,2024-11-24 17:38:29.100,25.524,48.267955,25.909485,101.554,425.51,-138.3,-90.0,0.0,24.0,1.0,0.07933906250000002
767,2024-11-24 17:38:29.131,25.555,48.267955,25.909485,101.554,425.51,-138.3,-90.0,0.0,24.0,1.0,0.07933906250000002
768,2024-11-24 17:38:29.164,25.588,48.267945,25.909471,101.569,425.526,-138.3,-90.0,0.0,24.0,1.0,0.07935078125
769,2024-11-24 17:38:29.197,25.621,48.267945,25.909471,101.569,425.526,-138.3,-90.0,0.0,24.0,1.0,0.07935078125
770,2024-11-24 17:38:29.231,25.655,48.267945,25.909471,101.569,425.526,-138.3,-90.0,0.0,24.0,1.0,0.07935078125
771,2024-11-24 17:38:29.265,25.689,48.267934,25.909456,101.588,425.544,-137.2,-90.0,0.0,24.0,1.0,0.07936562500000001
772,2024-11-24 17:38:29.297,25.721,48.267934,25.909456,101.588,425.544,-137.2,-90.0,0.0,24.0,1.0,0.07936562500000001
773,2024-11-24 17:38:29.331,25.755,48.267934,25.909456,101.588,425.544,-137.2,-90.0,0.0,24.0,1.0,0.07936562500000001
774,2024-11-24 17:38:29.364,25.788,48.267924,25.909441,101.575,425.532,-134.1,-89.9,0.0,24.0,1.0,0.07935546875
775,2024-11-24 17:38:29.398,25.822,48.267924,25.909441,101.575,425.532,-134.1,-89.9,0.0,24.0,1.0,0.07935546875
776,2024-11-24 17:38:29.431,25.855,48.267924,25.909441,101.575,425.532,-134.1,-89.9,0.0,24.0,1.0,0.07935546875
777,2024-11-24 17:38:29.464,25.888,48.267913,25.909426,101.574,425.53,-133.9,-90.0,0.0,24.0,1.0,0.07935468749999999
778,2024-11-24 17:38:29.497,25.921,48.267913,25.909426,101.574,425.53,-133.9,-90.0,0.0,24.0,1.0,0.07935468749999999
779,2024-11-24 17:38:29.531,25.955,48.267913,25.909426,101.574,425.53,-133.9,-90.0,0.0,24.0,1.0,0.07935468749999999
780,2024-11-24 17:38:29.564,25.988,48.267903,25.909411,101.638,425.595,-133.9,-89.9,0.0,24.0,1.0,0.0794046875
781,2024-11-24 17:38:29.598,26.022,48.267903,25.909411,101.638,425.595,-133.9,-89.9,0.0,24.0,1.0,0.0794046875
782,2024-11-24 17:38:29.631,26.055,48.267903,25.909411,101.638,425.595,-133.9,-89.9,0.0,24.0,1.0,0.0794046875
783,2024-11-24 17:38:29.666,26.09,48.267893,25.909395,101.675,425.631,-133.9,-89.9,0.0,24.0,1.0,0.07943359374999999
784,2024-11-24 17:38:29.697,26.121,48.267893,25.909395,101.675,425.631,-133.9,-89.9,0.0,24.0,1.0,0.07943359374999999
785,2024-11-24 17:38:29.732,26.156,48.267893,25.909395,101.675,425.631,-133.9,-89.9,0.0,24.0,1.0,0.07943359374999999
786,2024-11-24 17:38:29.764,26.188,48.267883,25.909379,101.692,425.648,-133.9,-90.0,0.0,24.0,1.0,0.07944687499999999
787,2024-11-24 17:38:29.798,26.222,48.267883,25.909379,101.692,425.648,-133.9,-90.0,0.0,24.0,1.0,0.07944687499999999
788,2024-11-24 17:38:29.832,26.256,48.267883,25.909379,101.692,425.648,-133.9,-90.0,0.0,24.0,1.0,0.07944687499999999
789,2024-11-24 17:38:29.865,26.289,48.267873,25.909363,101.698,425.654,-134.0,-90.0,0.0,24.0,1.0,0.0794515625
790,2024-11-24 17:38:29.898,26.322,48.267873,25.909363,101.698,425.654,-134.0,-90.0,0.0,24.0,1.0,0.0794515625
791,2024-11-24 17:38:29.931,26.355,48.267873,25.909363,101.698,425.654,-134.0,-90.0,0.0,24.0,1.0,0.0794515625
792,2024-11-24 17:38:29.965,26.389,48.267863,25.909347,101.702,425.659,-133.9,-90.0,0.0,24.0,1.0,0.0794546875
793,2024-11-24 17:38:29.998,26.422,48.267863,25.909347,101.702,425.659,-133.9,-90.0,0.0,24.0,1.0,0.0794546875
794,2024-11-24 17:38:30.032,26.456,48.267863,25.909347,101.702,425.659,-133.9,-90.0,0.0,24.0,1.0,0.0794546875
795,2024-11-24 17:38:30.065,26.489,48.267853,25.90933,101.702,425.659,-133.9,-90.0,0.0,24.0,1.0,0.0794546875
796,2024-11-24 17:38:30.099,26.523,48.267853,25.90933,101.702,425.659,-133.9,-90.0,0.0,24.0,1.0,0.0794546875
797,2024-11-24 17:38:30.132,26.556,48.267853,25.90933,101.702,425.659,-133.9,-90.0,0.0,24.0,1.0,0.0794546875
798,2024-11-24 17:38:30.165,26.589,48.267843,25.909313,101.702,425.658,-133.9,-90.0,0.0,24.0,1.0,0.0794546875
799,2024-11-24 17:38:30.198,26.622,48.267843,25.909313,101.702,425.658,-133.9,-90.0,0.0,24.0,1.0,0.0794546875
800,2024-11-24 17:38:30.232,26.656,48.267843,25.909313,101.702,425.658,-133.9,-90.0,0.0,24.0,1.0,0.0794546875
801,2024-11-24 17:38:30.267,26.691,48.267832,25.909296,101.702,425.659,-133.9,-90.0,0.0,24.0,1.0,0.0794546875
802,2024-11-24 17:38:30.299,26.723,48.267832,25.909296,101.702,425.659,-133.9,-90.0,0.0,24.0,1.0,0.0794546875
803,2024-11-24 17:38:30.332,26.756,48.267832,25.909296,101.702,425.659,-133.9,-90.0,0.0,24.0,1.0,0.0794546875
804,2024-11-24 17:38:30.365,26.789,48.267822,25.909279,101.702,425.659,-133.9,-89.9,0.0,24.0,1.0,0.0794546875
805,2024-11-24 17:38:30.399,26.823,48.267822,25.909279,101.702,425.659,-133.9,-89.9,0.0,24.0,1.0,0.0794546875
806,2024-11-24 17:38:30.432,26.856,48.267822,25.909279,101.702,425.659,-133.9,-89.9,0.0,24.0,1.0,0.0794546875
807,2024-11-24 17:38:30.465,26.889,48.267811,25.909262,101.703,425.659,-133.9,-90.0,0.0,24.0,1.0,0.07945546875000001
808,2024-11-24 17:38:30.499,26.923,48.267811,25.909262,101.703,425.659,-133.9,-90.0,0.0,24.0,1.0,0.07945546875000001
809,2024-11-24 17:38:30.532,26.956,48.267811,25.909262,101.703,425.659,-133.9,-90.0,0.0,24.0,1.0,0.07945546875000001
810,2024-11-24 17:38:30.566,26.99,48.2678,25.909244,101.706,425.662,-133.9,-90.0,0.0,24.0,1.0,0.0794578125
811,2024-11-24 17:38:30.599,27.023,48.2678,25.909244,101.706,425.662,-133.9,-90.0,0.0,24.0,1.0,0.0794578125
812,2024-11-24 17:38:30.632,27.056,48.2678,25.909244,101.706,425.662,-133.9,-90.0,0.0,24.0,1.0,0.0794578125
813,2024-11-24 17:38:30.665,27.089,48.267789,25.909227,101.713,425.669,-133.9,-89.9,0.0,24.0,1.0,0.07946328125
814,2024-11-24 17:38:30.700,27.124,48.267789,25.909227,101.713,425.669,-133.9,-89.9,0.0,24.0,1.0,0.07946328125
815,2024-11-24 17:38:30.733,27.157,48.267789,25.909227,101.713,425.669,-133.9,-89.9,0.0,24.0,1.0,0.07946328125
816,2024-11-24 17:38:30.766,27.19,48.267778,25.90921,101.719,425.676,-133.9,-90.0,0.0,24.0,1.0,0.07946796874999999
817,2024-11-24 17:38:30.799,27.223,48.267778,25.90921,101.719,425.676,-133.9,-90.0,0.0,24.0,1.0,0.07946796874999999
818,2024-11-24 17:38:30.833,27.257,48.267778,25.90921,101.719,425.676,-133.9,-90.0,0.0,24.0,1.0,0.07946796874999999
819,2024-11-24 17:38:30.867,27.291,48.267767,25.909192,101.712,425.669,-133.9,-90.0,0.0,24.0,1.0,0.0794625
820,2024-11-24 17:38:30.899,27.323,48.267767,25.909192,101.712,425.669,-133.9,-90.0,0.0,24.0,1.0,0.0794625
821,2024-11-24 17:38:30.933,27.357,48.267767,25.909192,101.712,425.669,-133.9,-90.0,0.0,24.0,1.0,0.0794625
822,2024-11-24 17:38:30.966,27.39,48.267756,25.909175,101.704,425.661,-133.9,-90.0,0.0,24.0,1.0,0.07945624999999999
823,2024-11-24 17:38:30.999,27.423,48.267756,25.909175,101.704,425.661,-133.9,-90.0,0.0,24.0,1.0,0.07945624999999999
824,2024-11-24 17:38:31.032,27.456,48.267756,25.909175,101.704,425.661,-133.9,-90.0,0.0,24.0,1.0,0.07945624999999999
825,2024-11-24 17:38:31.066,27.49,48.267745,25.909157,101.696,425.653,-133.9,-90.0,0.0,24.0,1.0,0.07944999999999999
826,2024-11-24 17:38:31.099,27.523,48.267745,25.909157,101.696,425.653,-133.9,-90.0,0.0,24.0,1.0,0.07944999999999999
827,2024-11-24 17:38:31.133,27.557,48.267745,25.909157,101.696,425.653,-133.9,-90.0,0.0,24.0,1.0,0.07944999999999999
828,2024-11-24 17:38:31.165,27.589,48.267733,25.909139,101.696,425.653,-133.9,-90.0,0.0,24.0,1.0,0.07944999999999999
829,2024-11-24 17:38:31.200,27.624,48.267733,25.909139,101.696,425.653,-133.9,-90.0,0.0,24.0,1.0,0.07944999999999999
830,2024-11-24 17:38:31.232,27.656,48.267733,25.909139,101.696,425.653,-133.9,-90.0,0.0,24.0,1.0,0.07944999999999999
831,2024-11-24 17:38:31.266,27.69,48.267722,25.909122,101.697,425.653,-133.9,-90.0,0.0,24.0,1.0,0.07945078125
832,2024-11-24 17:38:31.302,27.726,48.267722,25.909122,101.697,425.653,-133.9,-90.0,0.0,24.0,1.0,0.07945078125
833,2024-11-24 17:38:31.333,27.757,48.267722,25.909122,101.697,425.653,-133.9,-90.0,0.0,24.0,1.0,0.07945078125
834,2024-11-24 17:38:31.366,27.79,48.267711,25.909104,101.702,425.659,-133.9,-90.0,0.0,24.0,1.0,0.0794546875
835,2024-11-24 17:38:31.400,27.824,48.267711,25.909104,101.702,425.659,-133.9,-90.0,0.0,24.0,1.0,0.0794546875
836,2024-11-24 17:38:31.434,27.858,48.267711,25.909104,101.702,425.659,-133.9,-90.0,0.0,24.0,1.0,0.0794546875
837,2024-11-24 17:38:31.467,27.891,48.267699,25.909086,101.706,425.663,-133.9,-90.0,0.0,24.0,1.0,0.0794578125
838,2024-11-24 17:38:31.499,27.923,48.267699,25.909086,101.706,425.663,-133.9,-90.0,0.0,24.0,1.0,0.0794578125
839,2024-11-24 17:38:31.533,27.957,48.267699,25.909086,101.706,425.663,-133.9,-90.0,0.0,24.0,1.0,0.0794578125
840,2024-11-24 17:38:31.566,27.99,48.267687,25.909068,101.706,425.662,-133.9,-89.9,0.0,24.0,1.0,0.0794578125
841,2024-11-24 17:38:31.600,28.024,48.267687,25.909068,101.706,425.662,-133.9,-89.9,0.0,24.0,1.0,0.0794578125
842,2024-11-24 17:38:31.633,28.057,48.267687,25.909068,101.706,425.662,-133.9,-89.9,0.0,24.0,1.0,0.0794578125
843,2024-11-24 17:38:31.667,28.091,48.267676,25.90905,101.697,425.654,-133.9,-90.0,0.0,24.0,1.0,0.07945078125
844,2024-11-24 17:38:31.700,28.124,48.267676,25.90905,101.697,425.654,-133.9,-90.0,0.0,24.0,1.0,0.07945078125
845,2024-11-24 17:38:31.733,28.157,48.267676,25.90905,101.697,425.654,-133.9,-90.0,0.0,24.0,1.0,0.07945078125
846,2024-11-24 17:38:31.766,28.19,48.267664,25.909032,101.688,425.644,-133.9,-90.0,0.0,24.0,1.0,0.07944375000000001
847,2024-11-24 17:38:31.800,28.224,48.267664,25.909032,101.688,425.644,-133.9,-90.0,0.0,24.0,1.0,0.07944375000000001
848,2024-11-24 17:38:31.833,28.257,48.267664,25.909032,101.688,425.644,-133.9,-90.0,0.0,24.0,1.0,0.07944375000000001
849,2024-11-24 17:38:31.866,28.29,48.267652,25.909014,101.671,425.628,-133.9,-89.9,0.0,24.0,1.0,0.07943046875000001
850,2024-11-24 17:38:31.900,28.324,48.267652,25.909014,101.671,425.628,-133.9,-89.9,0.0,24.0,1.0,0.07943046875000001
851,2024-11-24 17:38:31.933,28.357,48.267652,25.909014,101.671,425.628,-133.9,-89.9,0.0,24.0,1.0,0.07943046875000001
852,2024-11-24 17:38:31.967,28.391,48.267641,25.908996,101.65,425.607,-133.9,-89.9,0.0,24.0,1.0,0.07941406250000001
853,2024-11-24 17:38:32.000,28.424,48.267641,25.908996,101.65,425.607,-133.9,-89.9,0.0,24.0,1.0,0.07941406250000001
854,2024-11-24 17:38:32.033,28.457,48.267641,25.908996,101.65,425.607,-133.9,-89.9,0.0,24.0,1.0,0.07941406250000001
855,2024-11-24 17:38:32.066,28.49,48.267629,25.908977,101.627,425.584,-133.9,-89.9,0.0,24.0,1.0,0.07939609375
856,2024-11-24 17:38:32.100,28.524,48.267629,25.908977,101.627,425.584,-133.9,-89.9,0.0,24.0,1.0,0.07939609375
857,2024-11-24 17:38:32.134,28.558,48.267629,25.908977,101.627,425.584,-133.9,-89.9,0.0,24.0,1.0,0.07939609375
858,2024-11-24 17:38:32.167,28.591,48.267617,25.908959,101.601,425.557,-133.9,-89.9,0.0,24.0,1.0,0.07937578125
859,2024-11-24 17:38:32.201,28.625,48.267617,25.908959,101.601,425.557,-133.9,-89.9,0.0,24.0,1.0,0.07937578125
860,2024-11-24 17:38:32.233,28.657,48.267617,25.908959,101.601,425.557,-133.9,-89.9,0.0,24.0,1.0,0.07937578125
861,2024-11-24 17:38:32.267,28.691,48.267605,25.908941,101.567,425.524,-133.9,-89.9,0.0,24.0,1.0,0.07934921874999999
862,2024-11-24 17:38:32.300,28.724,48.267605,25.908941,101.567,425.524,-133.9,-89.9,0.0,24.0,1.0,0.07934921874999999
863,2024-11-24 17:38:32.334,28.758,48.267605,25.908941,101.567,425.524,-133.9,-89.9,0.0,24.0,1.0,0.07934921874999999
864,2024-11-24 17:38:32.368,28.792,48.267593,25.908923,101.535,425.491,-133.9,-90.0,0.0,24.0,1.0,0.07932421875000001
865,2024-11-24 17:38:32.401,28.825,48.267593,25.908923,101.535,425.491,-133.9,-90.0,0.0,24.0,1.0,0.07932421875000001
866,2024-11-24 17:38:32.434,28.858,48.267593,25.908923,101.535,425.491,-133.9,-90.0,0.0,24.0,1.0,0.07932421875000001
867,2024-11-24 17:38:32.466,28.89,48.267582,25.908905,101.504,425.461,-133.9,-89.9,0.0,24.0,1.0,0.0793
868,2024-11-24 17:38:32.500,28.924,48.267582,25.908905,101.504,425.461,-133.9,-89.9,0.0,24.0,1.0,0.0793
869,2024-11-24 17:38:32.534,28.958,48.267582,25.908905,101.504,425.461,-133.9,-89.9,0.0,24.0,1.0,0.0793
870,2024-11-24 17:38:32.568,28.992,48.26757,25.908886,101.474,425.431,-132.9,-89.9,0.0,24.0,1.0,0.07927656250000001
871,2024-11-24 17:38:32.600,29.024,48.26757,25.908886,101.474,425.431,-132.9,-89.9,0.0,24.0,1.0,0.07927656250000001
872,2024-11-24 17:38:32.635,29.059,48.26757,25.908886,101.474,425.431,-132.9,-89.9,0.0,24.0,1.0,0.07927656250000001
873,2024-11-24 17:38:32.668,29.092,48.267558,25.908868,101.447,425.404,-131.8,-90.0,0.0,24.0,1.0,0.07925546875
874,2024-11-24 17:38:32.703,29.127,48.267558,25.908868,101.447,425.404,-131.8,-90.0,0.0,24.0,1.0,0.07925546875
875,2024-11-24 17:38:32.734,29.158,48.267558,25.908868,101.447,425.404,-131.8,-90.0,0.0,24.0,1.0,0.07925546875
876,2024-11-24 17:38:32.769,29.193,48.267546,25.908849,101.503,425.46,-131.8,-89.9,0.0,24.0,1.0,0.07929921875
877,2024-11-24 17:38:32.800,29.224,48.267546,25.908849,101.503,425.46,-131.8,-89.9,0.0,24.0,1.0,0.07929921875
878,2024-11-24 17:38:32.834,29.258,48.267546,25.908849,101.503,425.46,-131.8,-89.9,0.0,24.0,1.0,0.07929921875
879,2024-11-24 17:38:32.867,29.291,48.267535,25.90883,101.64,425.596,-131.8,-89.9,0.0,24.0,1.0,0.07940625
880,2024-11-24 17:38:32.901,29.325,48.267535,25.90883,101.64,425.596,-131.8,-89.9,0.0,24.0,1.0,0.07940625
881,2024-11-24 17:38:32.934,29.358,48.267535,25.90883,101.64,425.596,-131.8,-89.9,0.0,24.0,1.0,0.07940625
882,2024-11-24 17:38:32.968,29.392,48.267525,25.908811,101.721,425.677,-131.8,-89.9,0.0,24.0,1.0,0.07946953125
883,2024-11-24 17:38:33.000,29.424,48.267525,25.908811,101.721,425.677,-131.8,-89.9,0.0,24.0,1.0,0.07946953125
884,2024-11-24 17:38:33.035,29.459,48.267525,25.908811,101.721,425.677,-131.8,-89.9,0.0,24.0,1.0,0.07946953125
885,2024-11-24 17:38:33.067,29.491,48.267514,25.908793,101.702,425.658,-131.8,-89.9,0.0,24.0,1.0,0.0794546875
886,2024-11-24 17:38:33.101,29.525,48.267514,25.908793,101.702,425.658,-131.8,-89.9,0.0,24.0,1.0,0.0794546875
887,2024-11-24 17:38:33.134,29.558,48.267514,25.908793,101.702,425.658,-131.8,-89.9,0.0,24.0,1.0,0.0794546875
888,2024-11-24 17:38:33.168,29.592,48.267503,25.908774,101.679,425.635,-131.8,-89.9,0.0,24.0,1.0,0.07943671875000001
889,2024-11-24 17:38:33.201,29.625,48.267503,25.908774,101.679,425.635,-131.8,-89.9,0.0,24.0,1.0,0.07943671875000001
890,2024-11-24 17:38:33.234,29.658,48.267503,25.908774,101.679,425.635,-131.8,-89.9,0.0,24.0,1.0,0.07943671875000001
891,2024-11-24 17:38:33.267,29.691,48.267493,25.908756,101.648,425.604,-131.8,-90.0,0.0,24.0,1.0,0.07941249999999998
892,2024-11-24 17:38:33.302,29.726,48.267493,25.908756,101.648,425.604,-131.8,-90.0,0.0,24.0,1.0,0.07941249999999998
893,2024-11-24 17:38:33.335,29.759,48.267493,25.908756,101.648,425.604,-131.8,-90.0,0.0,24.0,1.0,0.07941249999999998
894,2024-11-24 17:38:33.368,29.792,48.267482,25.908738,101.623,425.579,-131.8,-90.0,0.0,24.0,1.0,0.07939296875
895,2024-11-24 17:38:33.401,29.825,48.267482,25.908738,101.623,425.579,-131.8,-90.0,0.0,24.0,1.0,0.07939296875
896,2024-11-24 17:38:33.435,29.859,48.267482,25.908738,101.623,425.579,-131.8,-90.0,0.0,24.0,1.0,0.07939296875
897,2024-11-24 17:38:33.468,29.892,48.267471,25.908719,101.602,425.558,-131.8,-89.9,0.0,24.0,1.0,0.07937656250000001
898,2024-11-24 17:38:33.502,29.926,48.267471,25.908719,101.602,425.558,-131.8,-89.9,0.0,24.0,1.0,0.07937656250000001
899,2024-11-24 17:38:33.535,29.959,48.267471,25.908719,101.602,425.558,-131.8,-89.9,0.0,24.0,1.0,0.07937656250000001
900,2024-11-24 17:38:33.571,29.995,48.26746,25.908701,101.583,425.54,-131.8,-90.0,0.0,24.0,1.0,0.07936171875
901,2024-11-24 17:38:33.602,30.026,48.26746,25.908701,101.583,425.54,-131.8,-90.0,0.0,24.0,1.0,0.07936171875
902,2024-11-24 17:38:33.634,30.058,48.26746,25.908701,101.583,425.54,-131.8,-90.0,0.0,24.0,1.0,0.07936171875
903,2024-11-24 17:38:33.669,30.093,48.267449,25.908683,101.563,425.519,-131.8,-90.0,0.0,24.0,1.0,0.07934609375
904,2024-11-24 17:38:33.702,30.126,48.267449,25.908683,101.563,425.519,-131.8,-90.0,0.0,24.0,1.0,0.07934609375
905,2024-11-24 17:38:33.734,30.158,48.267449,25.908683,101.563,425.519,-131.8,-90.0,0.0,24.0,1.0,0.07934609375
906,2024-11-24 17:38:33.770,30.194,48.267438,25.908664,101.542,425.498,-131.8,-90.0,0.0,24.0,1.0,0.0793296875
907,2024-11-24 17:38:33.802,30.226,48.267438,25.908664,101.542,425.498,-131.8,-90.0,0.0,24.0,1.0,0.0793296875
908,2024-11-24 17:38:33.834,30.258,48.267438,25.908664,101.542,425.498,-131.8,-90.0,0.0,24.0,1.0,0.0793296875
909,2024-11-24 17:38:33.869,30.293,48.267427,25.908646,101.524,425.481,-131.8,-90.0,0.0,24.0,1.0,0.079315625
910,2024-11-24 17:38:33.901,30.325,48.267427,25.908646,101.524,425.481,-131.8,-90.0,0.0,24.0,1.0,0.079315625
911,2024-11-24 17:38:33.935,30.359,48.267427,25.908646,101.524,425.481,-131.8,-90.0,0.0,24.0,1.0,0.079315625
912,2024-11-24 17:38:33.968,30.392,48.267416,25.908627,101.509,425.466,-131.9,-90.0,0.0,24.0,1.0,0.07930390625
913,2024-11-24 17:38:34.001,30.425,48.267416,25.908627,101.509,425.466,-131.9,-90.0,0.0,24.0,1.0,0.07930390625
914,2024-11-24 17:38:34.035,30.459,48.267416,25.908627,101.509,425.466,-131.9,-90.0,0.0,24.0,1.0,0.07930390625
915,2024-11-24 17:38:34.069,30.493,48.267405,25.908609,101.494,425.451,-131.8,-90.0,0.0,24.0,1.0,0.07929218749999999
916,2024-11-24 17:38:34.103,30.527,48.267405,25.908609,101.494,425.451,-131.8,-90.0,0.0,24.0,1.0,0.07929218749999999
917,2024-11-24 17:38:34.135,30.559,48.267405,25.908609,101.494,425.451,-131.8,-90.0,0.0,24.0,1.0,0.07929218749999999
918,2024-11-24 17:38:34.168,30.592,48.267394,25.90859,101.471,425.428,-131.8,-90.0,0.0,24.0,1.0,0.07927421875
919,2024-11-24 17:38:34.202,30.626,48.267394,25.90859,101.471,425.428,-131.8,-90.0,0.0,24.0,1.0,0.07927421875
920,2024-11-24 17:38:34.235,30.659,48.267394,25.90859,101.471,425.428,-131.8,-90.0,0.0,24.0,1.0,0.07927421875
921,2024-11-24 17:38:34.268,30.692,48.267383,25.908572,101.453,425.41,-131.8,-89.9,0.0,24.0,1.0,0.07926015625
922,2024-11-24 17:38:34.302,30.726,48.267383,25.908572,101.453,425.41,-131.8,-89.9,0.0,24.0,1.0,0.07926015625
923,2024-11-24 17:38:34.335,30.759,48.267383,25.908572,101.453,425.41,-131.8,-89.9,0.0,24.0,1.0,0.07926015625
924,2024-11-24 17:38:34.368,30.792,48.267372,25.908554,101.446,425.403,-131.8,-90.0,0.0,24.0,1.0,0.07925468749999999
925,2024-11-24 17:38:34.402,30.826,48.267372,25.908554,101.446,425.403,-131.8,-90.0,0.0,24.0,1.0,0.07925468749999999
926,2024-11-24 17:38:34.435,30.859,48.267372,25.908554,101.446,425.403,-131.8,-90.0,0.0,24.0,1.0,0.07925468749999999
927,2024-11-24 17:38:34.470,30.894,48.267361,25.908535,101.446,425.403,-131.8,-90.0,0.0,24.0,1.0,0.07925468749999999
928,2024-11-24 17:38:34.502,30.926,48.267361,25.908535,101.446,425.403,-131.8,-90.0,0.0,24.0,1.0,0.07925468749999999
929,2024-11-24 17:38:34.536,30.96,48.267361,25.908535,101.446,425.403,-131.8,-90.0,0.0,24.0,1.0,0.07925468749999999
930,2024-11-24 17:38:34.569,30.993,48.26735,25.908517,101.441,425.397,-131.8,-90.0,0.0,24.0,1.0,0.07925078125
931,2024-11-24 17:38:34.601,31.025,48.26735,25.908517,101.441,425.397,-131.8,-90.0,0.0,24.0,1.0,0.07925078125
932,2024-11-24 17:38:34.635,31.059,48.26735,25.908517,101.441,425.397,-131.8,-90.0,0.0,24.0,1.0,0.07925078125
933,2024-11-24 17:38:34.669,31.093,48.267339,25.908498,101.438,425.395,-131.8,-89.9,0.0,24.0,1.0,0.0792484375
934,2024-11-24 17:38:34.704,31.128,48.267339,25.908498,101.438,425.395,-131.8,-89.9,0.0,24.0,1.0,0.0792484375
935,2024-11-24 17:38:34.736,31.16,48.267339,25.908498,101.438,425.395,-131.8,-89.9,0.0,24.0,1.0,0.0792484375
936,2024-11-24 17:38:34.769,31.193,48.267328,25.90848,101.434,425.391,-131.8,-89.9,0.0,24.0,1.0,0.07924531250000001
937,2024-11-24 17:38:34.803,31.227,48.267328,25.90848,101.434,425.391,-131.8,-89.9,0.0,24.0,1.0,0.07924531250000001
938,2024-11-24 17:38:34.835,31.259,48.267328,25.90848,101.434,425.391,-131.8,-89.9,0.0,24.0,1.0,0.07924531250000001
939,2024-11-24 17:38:34.869,31.293,48.267317,25.908462,101.43,425.387,-131.8,-89.9,0.0,24.0,1.0,0.0792421875
940,2024-11-24 17:38:34.903,31.327,48.267317,25.908462,101.43,425.387,-131.8,-89.9,0.0,24.0,1.0,0.0792421875
941,2024-11-24 17:38:34.936,31.36,48.267317,25.908462,101.43,425.387,-131.8,-89.9,0.0,24.0,1.0,0.0792421875
942,2024-11-24 17:38:34.970,31.394,48.267306,25.908443,101.431,425.388,-131.8,-90.0,0.0,24.0,1.0,0.07924296875
943,2024-11-24 17:38:35.003,31.427,48.267306,25.908443,101.431,425.388,-131.8,-90.0,0.0,24.0,1.0,0.07924296875
944,2024-11-24 17:38:35.036,31.46,48.267306,25.908443,101.431,425.388,-131.8,-90.0,0.0,24.0,1.0,0.07924296875
945,2024-11-24 17:38:35.069,31.493,48.267295,25.908425,101.433,425.39,-131.8,-90.0,0.0,24.0,1.0,0.07924453125000001
946,2024-11-24 17:38:35.103,31.527,48.267295,25.908425,101.433,425.39,-131.8,-90.0,0.0,24.0,1.0,0.07924453125000001
947,2024-11-24 17:38:35.137,31.561,48.267295,25.908425,101.433,425.39,-131.8,-90.0,0.0,24.0,1.0,0.07924453125000001
948,2024-11-24 17:38:35.170,31.594,48.267284,25.908407,101.432,425.388,-131.8,-89.9,0.0,24.0,1.0,0.07924375
949,2024-11-24 17:38:35.204,31.628,48.267284,25.908407,101.432,425.388,-131.8,-89.9,0.0,24.0,1.0,0.07924375
950,2024-11-24 17:38:35.237,31.661,48.267284,25.908407,101.432,425.388,-131.8,-89.9,0.0,24.0,1.0,0.07924375
951,2024-11-24 17:38:35.269,31.693,48.267274,25.908388,101.426,425.383,-131.8,-89.9,0.0,24.0,1.0,0.0792390625
952,2024-11-24 17:38:35.304,31.728,48.267274,25.908388,101.426,425.383,-131.8,-89.9,0.0,24.0,1.0,0.0792390625
953,2024-11-24 17:38:35.337,31.761,48.267274,25.908388,101.426,425.383,-131.8,-89.9,0.0,24.0,1.0,0.0792390625
954,2024-11-24 17:38:35.370,31.794,48.267263,25.90837,101.423,425.38,-131.8,-89.9,0.0,24.0,1.0,0.07923671875
955,2024-11-24 17:38:35.404,31.828,48.267263,25.90837,101.423,425.38,-131.8,-89.9,0.0,24.0,1.0,0.07923671875
956,2024-11-24 17:38:35.437,31.861,48.267263,25.90837,101.423,425.38,-131.8,-89.9,0.0,24.0,1.0,0.07923671875
957,2024-11-24 17:38:35.472,31.896,48.267252,25.908352,101.422,425.379,-131.8,-89.9,0.0,24.0,1.0,0.07923593749999999
958,2024-11-24 17:38:35.504,31.928,48.267252,25.908352,101.422,425.379,-131.8,-89.9,0.0,24.0,1.0,0.07923593749999999
959,2024-11-24 17:38:35.536,31.96,48.267252,25.908352,101.422,425.379,-131.8,-89.9,0.0,24.0,1.0,0.07923593749999999
960,2024-11-24 17:38:35.570,31.994,48.26724,25.908333,101.419,425.376,-131.8,-89.9,0.0,24.0,1.0,0.07923359375
961,2024-11-24 17:38:35.604,32.028,48.26724,25.908333,101.419,425.376,-131.8,-89.9,0.0,24.0,1.0,0.07923359375
962,2024-11-24 17:38:35.636,32.06,48.26724,25.908333,101.419,425.376,-131.8,-89.9,0.0,24.0,1.0,0.07923359375
963,2024-11-24 17:38:35.670,32.094,48.267229,25.908315,101.416,425.373,-131.8,-90.0,0.0,24.0,1.0,0.07923125
964,2024-11-24 17:38:35.703,32.127,48.267229,25.908315,101.416,425.373,-131.8,-90.0,0.0,24.0,1.0,0.07923125
965,2024-11-24 17:38:35.736,32.16,48.267229,25.908315,101.416,425.373,-131.8,-90.0,0.0,24.0,1.0,0.07923125
966,2024-11-24 17:38:35.771,32.195,48.267218,25.908296,101.415,425.372,-131.8,-89.9,0.0,24.0,1.0,0.07923046875
967,2024-11-24 17:38:35.804,32.228,48.267218,25.908296,101.415,425.372,-131.8,-89.9,0.0,24.0,1.0,0.07923046875
968,2024-11-24 17:38:35.836,32.26,48.267218,25.908296,101.415,425.372,-131.8,-89.9,0.0,24.0,1.0,0.07923046875
969,2024-11-24 17:38:35.871,32.295,48.267207,25.908278,101.414,425.371,-131.8,-90.0,0.0,24.0,1.0,0.0792296875
970,2024-11-24 17:38:35.904,32.328,48.267207,25.908278,101.414,425.371,-131.8,-90.0,0.0,24.0,1.0,0.0792296875
971,2024-11-24 17:38:35.936,32.36,48.267207,25.908278,101.414,425.371,-131.8,-90.0,0.0,24.0,1.0,0.0792296875
972,2024-11-24 17:38:35.970,32.394,48.267196,25.908259,101.411,425.367,-131.8,-90.0,0.0,24.0,1.0,0.07922734375
973,2024-11-24 17:38:36.005,32.429,48.267196,25.908259,101.411,425.367,-131.8,-90.0,0.0,24.0,1.0,0.07922734375
974,2024-11-24 17:38:36.038,32.462,48.267196,25.908259,101.411,425.367,-131.8,-90.0,0.0,24.0,1.0,0.07922734375
975,2024-11-24 17:38:36.073,32.497,48.267185,25.908241,101.407,425.364,-131.8,-90.0,0.0,24.0,1.0,0.07922421875
976,2024-11-24 17:38:36.104,32.528,48.267185,25.908241,101.407,425.364,-131.8,-90.0,0.0,24.0,1.0,0.07922421875
977,2024-11-24 17:38:36.137,32.561,48.267185,25.908241,101.407,425.364,-131.8,-90.0,0.0,24.0,1.0,0.07922421875
978,2024-11-24 17:38:36.171,32.595,48.267174,25.908222,101.402,425.359,-131.8,-89.9,0.0,24.0,1.0,0.0792203125
979,2024-11-24 17:38:36.203,32.627,48.267174,25.908222,101.402,425.359,-131.8,-89.9,0.0,24.0,1.0,0.0792203125
980,2024-11-24 17:38:36.237,32.661,48.267174,25.908222,101.402,425.359,-131.8,-89.9,0.0,24.0,1.0,0.0792203125
981,2024-11-24 17:38:36.270,32.694,48.267162,25.908203,101.384,425.341,-131.8,-89.9,0.0,24.0,1.0,0.07920624999999999
982,2024-11-24 17:38:36.303,32.727,48.267162,25.908203,101.384,425.341,-131.8,-89.9,0.0,24.0,1.0,0.07920624999999999
983,2024-11-24 17:38:36.337,32.761,48.267162,25.908203,101.384,425.341,-131.8,-89.9,0.0,24.0,1.0,0.07920624999999999
984,2024-11-24 17:38:36.372,32.796,48.267151,25.908185,101.372,425.329,-131.8,-90.0,0.0,24.0,1.0,0.079196875
985,2024-11-24 17:38:36.404,32.828,48.267151,25.908185,101.372,425.329,-131.8,-90.0,0.0,24.0,1.0,0.079196875
986,2024-11-24 17:38:36.438,32.862,48.267151,25.908185,101.372,425.329,-131.8,-90.0,0.0,24.0,1.0,0.079196875
987,2024-11-24 17:38:36.472,32.896,48.26714,25.908166,101.358,425.314,-131.8,-90.0,0.0,24.0,1.0,0.0791859375
988,2024-11-24 17:38:36.504,32.928,48.26714,25.908166,101.358,425.314,-131.8,-90.0,0.0,24.0,1.0,0.0791859375
989,2024-11-24 17:38:36.537,32.961,48.26714,25.908166,101.358,425.314,-131.8,-90.0,0.0,24.0,1.0,0.0791859375
990,2024-11-24 17:38:36.572,32.996,48.267128,25.908147,101.343,425.299,-131.8,-90.0,0.0,24.0,1.0,0.07917421875
991,2024-11-24 17:38:36.604,33.028,48.267128,25.908147,101.343,425.299,-131.8,-90.0,0.0,24.0,1.0,0.07917421875
992,2024-11-24 17:38:36.637,33.061,48.267128,25.908147,101.343,425.299,-131.8,-90.0,0.0,24.0,1.0,0.07917421875
993,2024-11-24 17:38:36.671,33.095,48.267117,25.908129,101.32,425.277,-131.8,-90.0,0.0,24.0,1.0,0.07915625
994,2024-11-24 17:38:36.704,33.128,48.267117,25.908129,101.32,425.277,-131.8,-90.0,0.0,24.0,1.0,0.07915625
995,2024-11-24 17:38:36.738,33.162,48.267117,25.908129,101.32,425.277,-131.8,-90.0,0.0,24.0,1.0,0.07915625
996,2024-11-24 17:38:36.771,33.195,48.267106,25.90811,101.29,425.246,-131.8,-90.0,0.0,24.0,1.0,0.0791328125
997,2024-11-24 17:38:36.805,33.229,48.267106,25.90811,101.29,425.246,-131.8,-90.0,0.0,24.0,1.0,0.0791328125
998,2024-11-24 17:38:36.839,33.263,48.267106,25.90811,101.29,425.246,-131.8,-90.0,0.0,24.0,1.0,0.0791328125
999,2024-11-24 17:38:36.871,33.295,48.267095,25.908091,101.255,425.212,-131.8,-90.0,0.0,24.0,1.0,0.07910546874999999
1000,2024-11-24 17:38:36.904,33.328,48.267095,25.908091,101.255,425.212,-131.8,-90.0,0.0,24.0,1.0,0.07910546874999999
1001,2024-11-24 17:38:36.938,33.362,48.267095,25.908091,101.255,425.212,-131.8,-90.0,0.0,24.0,1.0,0.07910546874999999
1002,2024-11-24 17:38:36.971,33.395,48.267083,25.908073,101.216,425.173,-131.8,-90.0,0.0,24.0,1.0,0.07907499999999999
1003,2024-11-24 17:38:37.004,33.428,48.267083,25.908073,101.216,425.173,-131.8,-90.0,0.0,24.0,1.0,0.07907499999999999
1004,2024-11-24 17:38:37.038,33.462,48.267083,25.908073,101.216,425.173,-131.8,-90.0,0.0,24.0,1.0,0.07907499999999999
1005,2024-11-24 17:38:37.071,33.495,48.267072,25.908054,101.172,425.128,-131.8,-89.9,0.0,24.0,1.0,0.07904062499999999
1006,2024-11-24 17:38:37.104,33.528,48.267072,25.908054,101.172,425.128,-131.8,-89.9,0.0,24.0,1.0,0.07904062499999999
1007,2024-11-24 17:38:37.138,33.562,48.267072,25.908054,101.172,425.128,-131.8,-89.9,0.0,24.0,1.0,0.07904062499999999
1008,2024-11-24 17:38:37.171,33.595,48.267061,25.908035,101.135,425.092,-131.8,-89.9,0.0,24.0,1.0,0.07901171875
1009,2024-11-24 17:38:37.204,33.628,48.267061,25.908035,101.135,425.092,-131.8,-89.9,0.0,24.0,1.0,0.07901171875
1010,2024-11-24 17:38:37.238,33.662,48.267061,25.908035,101.135,425.092,-131.8,-89.9,0.0,24.0,1.0,0.07901171875
1011,2024-11-24 17:38:37.271,33.695,48.267049,25.908016,101.107,425.064,-131.8,-89.9,0.0,24.0,1.0,0.07898984375000001
1012,2024-11-24 17:38:37.305,33.729,48.267049,25.908016,101.107,425.064,-131.8,-89.9,0.0,24.0,1.0,0.07898984375000001
1013,2024-11-24 17:38:37.337,33.761,48.267049,25.908016,101.107,425.064,-131.8,-89.9,0.0,24.0,1.0,0.07898984375000001
1014,2024-11-24 17:38:37.371,33.795,48.267038,25.907997,101.118,425.075,-131.8,-90.0,0.0,24.0,1.0,0.07899843749999999
1015,2024-11-24 17:38:37.404,33.828,48.267038,25.907997,101.118,425.075,-131.8,-90.0,0.0,24.0,1.0,0.07899843749999999
1016,2024-11-24 17:38:37.438,33.862,48.267038,25.907997,101.118,425.075,-131.8,-90.0,0.0,24.0,1.0,0.07899843749999999
1017,2024-11-24 17:38:37.472,33.896,48.267027,25.907978,101.165,425.121,-131.8,-90.0,0.0,24.0,1.0,0.07903515625
1018,2024-11-24 17:38:37.504,33.928,48.267027,25.907978,101.165,425.121,-131.8,-90.0,0.0,24.0,1.0,0.07903515625
1019,2024-11-24 17:38:37.538,33.962,48.267027,25.907978,101.165,425.121,-131.8,-90.0,0.0,24.0,1.0,0.07903515625
1020,2024-11-24 17:38:37.573,33.997,48.267015,25.90796,101.23,425.187,-131.8,-89.9,0.0,24.0,1.0,0.0790859375
1021,2024-11-24 17:38:37.605,34.029,48.267015,25.90796,101.23,425.187,-131.8,-89.9,0.0,24.0,1.0,0.0790859375
1022,2024-11-24 17:38:37.640,34.064,48.267015,25.90796,101.23,425.187,-131.8,-89.9,0.0,24.0,1.0,0.0790859375
1023,2024-11-24 17:38:37.672,34.096,48.267004,25.907941,101.3,425.257,-131.8,-89.9,0.0,24.0,1.0,0.07914062499999999
1024,2024-11-24 17:38:37.705,34.129,48.267004,25.907941,101.3,425.257,-131.8,-89.9,0.0,24.0,1.0,0.07914062499999999
1025,2024-11-24 17:38:37.738,34.162,48.267004,25.907941,101.3,425.257,-131.8,-89.9,0.0,24.0,1.0,0.07914062499999999
1026,2024-11-24 17:38:37.773,34.197,48.266993,25.907922,101.348,425.304,-131.8,-90.0,0.0,24.0,1.0,0.079178125
1027,2024-11-24 17:38:37.805,34.229,48.266993,25.907922,101.348,425.304,-131.8,-90.0,0.0,24.0,1.0,0.079178125
1028,2024-11-24 17:38:37.838,34.262,48.266993,25.907922,101.348,425.304,-131.8,-90.0,0.0,24.0,1.0,0.079178125
1029,2024-11-24 17:38:37.872,34.296,48.266982,25.907904,101.377,425.333,-131.8,-90.0,0.0,24.0,1.0,0.07920078124999999
1030,2024-11-24 17:38:37.906,34.33,48.266982,25.907904,101.377,425.333,-131.8,-90.0,0.0,24.0,1.0,0.07920078124999999
1031,2024-11-24 17:38:37.938,34.362,48.266982,25.907904,101.377,425.333,-131.8,-90.0,0.0,24.0,1.0,0.07920078124999999
1032,2024-11-24 17:38:37.973,34.397,48.266971,25.907885,101.392,425.348,-131.8,-90.0,0.0,24.0,1.0,0.07921249999999999
1033,2024-11-24 17:38:38.005,34.429,48.266971,25.907885,101.392,425.348,-131.8,-90.0,0.0,24.0,1.0,0.07921249999999999
1034,2024-11-24 17:38:38.038,34.462,48.266971,25.907885,101.392,425.348,-131.8,-90.0,0.0,24.0,1.0,0.07921249999999999
1035,2024-11-24 17:38:38.072,34.496,48.26696,25.907867,101.407,425.363,-131.9,-90.0,0.0,24.0,1.0,0.07922421875
1036,2024-11-24 17:38:38.106,34.53,48.26696,25.907867,101.407,425.363,-131.9,-90.0,0.0,24.0,1.0,0.07922421875
1037,2024-11-24 17:38:38.138,34.562,48.26696,25.907867,101.407,425.363,-131.9,-90.0,0.0,24.0,1.0,0.07922421875
1038,2024-11-24 17:38:38.173,34.597,48.266949,25.907848,101.412,425.368,-131.8,-89.9,0.0,24.0,1.0,0.079228125
1039,2024-11-24 17:38:38.205,34.629,48.266949,25.907848,101.412,425.368,-131.8,-89.9,0.0,24.0,1.0,0.079228125
1040,2024-11-24 17:38:38.239,34.663,48.266949,25.907848,101.412,425.368,-131.8,-89.9,0.0,24.0,1.0,0.079228125
1041,2024-11-24 17:38:38.272,34.696,48.266938,25.90783,101.415,425.371,-131.8,-89.9,0.0,24.0,1.0,0.07923046875
1042,2024-11-24 17:38:38.305,34.729,48.266938,25.90783,101.415,425.371,-131.8,-89.9,0.0,24.0,1.0,0.07923046875
1043,2024-11-24 17:38:38.339,34.763,48.266938,25.90783,101.415,425.371,-131.8,-89.9,0.0,24.0,1.0,0.07923046875
1044,2024-11-24 17:38:38.373,34.797,48.266927,25.907811,101.416,425.373,-131.8,-89.9,0.0,24.0,1.0,0.07923125
1045,2024-11-24 17:38:38.407,34.831,48.266927,25.907811,101.416,425.373,-131.8,-89.9,0.0,24.0,1.0,0.07923125
1046,2024-11-24 17:38:38.438,34.862,48.266927,25.907811,101.416,425.373,-131.8,-89.9,0.0,24.0,1.0,0.07923125
1047,2024-11-24 17:38:38.475,34.899,48.266916,25.907793,101.422,425.378,-131.8,-89.9,0.0,24.0,1.0,0.07923593749999999
1048,2024-11-24 17:38:38.506,34.93,48.266916,25.907793,101.422,425.378,-131.8,-89.9,0.0,24.0,1.0,0.07923593749999999
1049,2024-11-24 17:38:38.539,34.963,48.266916,25.907793,101.422,425.378,-131.8,-89.9,0.0,24.0,1.0,0.07923593749999999
1050,2024-11-24 17:38:38.574,34.998,48.266905,25.907775,101.419,425.375,-131.8,-89.9,0.0,24.0,1.0,0.07923359375
1051,2024-11-24 17:38:38.606,35.03,48.266905,25.907775,101.419,425.375,-131.8,-89.9,0.0,24.0,1.0,0.07923359375
1052,2024-11-24 17:38:38.640,35.064,48.266905,25.907775,101.419,425.375,-131.8,-89.9,0.0,24.0,1.0,0.07923359375
1053,2024-11-24 17:38:38.672,35.096,48.266894,25.907757,101.42,425.376,-131.8,-89.9,0.0,24.0,1.0,0.079234375
1054,2024-11-24 17:38:38.706,35.13,48.266894,25.907757,101.42,425.376,-131.8,-89.9,0.0,24.0,1.0,0.079234375
1055,2024-11-24 17:38:38.740,35.164,48.266894,25.907757,101.42,425.376,-131.8,-89.9,0.0,24.0,1.0,0.079234375
1056,2024-11-24 17:38:38.773,35.197,48.266883,25.907738,101.426,425.383,-131.8,-89.9,0.0,24.0,1.0,0.0792390625
1057,2024-11-24 17:38:38.806,35.23,48.266883,25.907738,101.426,425.383,-131.8,-89.9,0.0,24.0,1.0,0.0792390625
1058,2024-11-24 17:38:38.840,35.264,48.266883,25.907738,101.426,425.383,-131.8,-89.9,0.0,24.0,1.0,0.0792390625
1059,2024-11-24 17:38:38.873,35.297,48.266872,25.90772,101.423,425.38,-131.8,-89.9,0.0,24.0,1.0,0.07923671875
1060,2024-11-24 17:38:38.906,35.33,48.266872,25.90772,101.423,425.38,-131.8,-89.9,0.0,24.0,1.0,0.07923671875
1061,2024-11-24 17:38:38.939,35.363,48.266872,25.90772,101.423,425.38,-131.8,-89.9,0.0,24.0,1.0,0.07923671875
1062,2024-11-24 17:38:38.973,35.397,48.266861,25.907702,101.424,425.381,-131.8,-89.9,0.0,24.0,1.0,0.07923750000000002
1063,2024-11-24 17:38:39.006,35.43,48.266861,25.907702,101.424,425.381,-131.8,-89.9,0.0,24.0,1.0,0.07923750000000002
1064,2024-11-24 17:38:39.040,35.464,48.266861,25.907702,101.424,425.381,-131.8,-89.9,0.0,24.0,1.0,0.07923750000000002
1065,2024-11-24 17:38:39.073,35.497,48.26685,25.907684,101.424,425.381,-131.8,-90.0,0.0,24.0,1.0,0.07923750000000002
1066,2024-11-24 17:38:39.106,35.53,48.26685,25.907684,101.424,425.381,-131.8,-90.0,0.0,24.0,1.0,0.07923750000000002
1067,2024-11-24 17:38:39.140,35.564,48.26685,25.907684,101.424,425.381,-131.8,-90.0,0.0,24.0,1.0,0.07923750000000002
1068,2024-11-24 17:38:39.173,35.597,48.266839,25.907665,101.426,425.383,-131.8,-90.0,0.0,24.0,1.0,0.0792390625
1069,2024-11-24 17:38:39.206,35.63,48.266839,25.907665,101.426,425.383,-131.8,-90.0,0.0,24.0,1.0,0.0792390625
1070,2024-11-24 17:38:39.240,35.664,48.266839,25.907665,101.426,425.383,-131.8,-90.0,0.0,24.0,1.0,0.0792390625
1071,2024-11-24 17:38:39.273,35.697,48.266829,25.907647,101.427,425.384,-131.8,-89.9,0.0,24.0,1.0,0.07923984375
1072,2024-11-24 17:38:39.308,35.732,48.266829,25.907647,101.427,425.384,-131.8,-89.9,0.0,24.0,1.0,0.07923984375
1073,2024-11-24 17:38:39.339,35.763,48.266829,25.907647,101.427,425.384,-131.8,-89.9,0.0,24.0,1.0,0.07923984375
1074,2024-11-24 17:38:39.373,35.797,48.266818,25.907629,101.425,425.382,-131.8,-89.9,0.0,24.0,1.0,0.07923828125
1075,2024-11-24 17:38:39.407,35.831,48.266818,25.907629,101.425,425.382,-131.8,-89.9,0.0,24.0,1.0,0.07923828125
1076,2024-11-24 17:38:39.440,35.864,48.266818,25.907629,101.425,425.382,-131.8,-89.9,0.0,24.0,1.0,0.07923828125
1077,2024-11-24 17:38:39.473,35.897,48.266807,25.907611,101.428,425.385,-131.8,-89.9,0.0,24.0,1.0,0.079240625
1078,2024-11-24 17:38:39.506,35.93,48.266807,25.907611,101.428,425.385,-131.8,-89.9,0.0,24.0,1.0,0.079240625
1079,2024-11-24 17:38:39.539,35.963,48.266807,25.907611,101.428,425.385,-131.8,-89.9,0.0,24.0,1.0,0.079240625
1080,2024-11-24 17:38:39.573,35.997,48.266796,25.907592,101.423,425.38,-131.8,-89.9,0.0,24.0,1.0,0.07923671875
1081,2024-11-24 17:38:39.607,36.031,48.266796,25.907592,101.423,425.38,-131.8,-89.9,0.0,24.0,1.0,0.07923671875
1082,2024-11-24 17:38:39.641,36.065,48.266796,25.907592,101.423,425.38,-131.8,-89.9,0.0,24.0,1.0,0.07923671875
1083,2024-11-24 17:38:39.675,36.099,48.266785,25.907574,101.428,425.384,-131.8,-89.9,0.0,24.0,1.0,0.079240625
1084,2024-11-24 17:38:39.707,36.131,48.266785,25.907574,101.428,425.384,-131.8,-89.9,0.0,24.0,1.0,0.079240625
1085,2024-11-24 17:38:39.740,36.164,48.266785,25.907574,101.428,425.384,-131.8,-89.9,0.0,24.0,1.0,0.079240625
1086,2024-11-24 17:38:39.774,36.198,48.266774,25.907556,101.429,425.386,-131.8,-89.9,0.0,24.0,1.0,0.07924140625000001
1087,2024-11-24 17:38:39.807,36.231,48.266774,25.907556,101.429,425.386,-131.8,-89.9,0.0,24.0,1.0,0.07924140625000001
1088,2024-11-24 17:38:39.840,36.264,48.266774,25.907556,101.429,425.386,-131.8,-89.9,0.0,24.0,1.0,0.07924140625000001
1089,2024-11-24 17:38:39.873,36.297,48.266763,25.907537,101.429,425.385,-131.8,-89.9,0.0,24.0,1.0,0.07924140625000001
1090,2024-11-24 17:38:39.907,36.331,48.266763,25.907537,101.429,425.385,-131.8,-89.9,0.0,24.0,1.0,0.07924140625000001
1091,2024-11-24 17:38:39.941,36.365,48.266763,25.907537,101.429,425.385,-131.8,-89.9,0.0,24.0,1.0,0.07924140625000001
1092,2024-11-24 17:38:39.974,36.398,48.266752,25.907519,101.425,425.382,-131.8,-89.9,0.0,24.0,1.0,0.07923828125
1093,2024-11-24 17:38:40.007,36.431,48.266752,25.907519,101.425,425.382,-131.8,-89.9,0.0,24.0,1.0,0.07923828125
1094,2024-11-24 17:38:40.041,36.465,48.266752,25.907519,101.425,425.382,-131.8,-89.9,0.0,24.0,1.0,0.07923828125
1095,2024-11-24 17:38:40.075,36.499,48.266741,25.907501,101.425,425.381,-131.8,-90.0,0.0,24.0,1.0,0.07923828125
1096,2024-11-24 17:38:40.107,36.531,48.266741,25.907501,101.425,425.381,-131.8,-90.0,0.0,24.0,1.0,0.07923828125
1097,2024-11-24 17:38:40.141,36.565,48.266741,25.907501,101.425,425.381,-131.8,-90.0,0.0,24.0,1.0,0.07923828125
1098,2024-11-24 17:38:40.175,36.599,48.26673,25.907483,101.421,425.378,-131.8,-89.9,0.0,24.0,1.0,0.07923515625000001
1099,2024-11-24 17:38:40.207,36.631,48.26673,25.907483,101.421,425.378,-131.8,-89.9,0.0,24.0,1.0,0.07923515625000001
1100,2024-11-24 17:38:40.241,36.665,48.26673,25.907483,101.421,425.378,-131.8,-89.9,0.0,24.0,1.0,0.07923515625000001
1101,2024-11-24 17:38:40.274,36.698,48.266719,25.907464,101.413,425.37,-131.8,-90.0,0.0,24.0,1.0,0.07922890625
1102,2024-11-24 17:38:40.307,36.731,48.266719,25.907464,101.413,425.37,-131.8,-90.0,0.0,24.0,1.0,0.07922890625
1103,2024-11-24 17:38:40.340,36.764,48.266719,25.907464,101.413,425.37,-131.8,-90.0,0.0,24.0,1.0,0.07922890625
1104,2024-11-24 17:38:40.375,36.799,48.266708,25.907446,101.393,425.35,-131.8,-90.0,0.0,24.0,1.0,0.07921328124999999
1105,2024-11-24 17:38:40.407,36.831,48.266708,25.907446,101.393,425.35,-131.8,-90.0,0.0,24.0,1.0,0.07921328124999999
1106,2024-11-24 17:38:40.441,36.865,48.266708,25.907446,101.393,425.35,-131.8,-90.0,0.0,24.0,1.0,0.07921328124999999
1107,2024-11-24 17:38:40.474,36.898,48.266697,25.907428,101.383,425.339,-131.8,-90.0,0.0,24.0,1.0,0.07920546875
1108,2024-11-24 17:38:40.508,36.932,48.266697,25.907428,101.383,425.339,-131.8,-90.0,0.0,24.0,1.0,0.07920546875
1109,2024-11-24 17:38:40.541,36.965,48.266697,25.907428,101.383,425.339,-131.8,-90.0,0.0,24.0,1.0,0.07920546875
1110,2024-11-24 17:38:40.574,36.998,48.266686,25.90741,101.373,425.33,-131.8,-89.9,0.0,24.0,1.0,0.07919765625000001
1111,2024-11-24 17:38:40.607,37.031,48.266686,25.90741,101.373,425.33,-131.8,-89.9,0.0,24.0,1.0,0.07919765625000001
1112,2024-11-24 17:38:40.642,37.066,48.266686,25.90741,101.373,425.33,-131.8,-89.9,0.0,24.0,1.0,0.07919765625000001
1113,2024-11-24 17:38:40.675,37.099,48.266675,25.907392,101.359,425.315,-131.8,-89.9,0.0,24.0,1.0,0.07918671875
1114,2024-11-24 17:38:40.708,37.132,48.266675,25.907392,101.359,425.315,-131.8,-89.9,0.0,24.0,1.0,0.07918671875
1115,2024-11-24 17:38:40.741,37.165,48.266675,25.907392,101.359,425.315,-131.8,-89.9,0.0,24.0,1.0,0.07918671875
1116,2024-11-24 17:38:40.775,37.199,48.266664,25.907373,101.344,425.301,-131.8,-89.9,0.0,24.0,1.0,0.079175
1117,2024-11-24 17:38:40.807,37.231,48.266664,25.907373,101.344,425.301,-131.8,-89.9,0.0,24.0,1.0,0.079175
1118,2024-11-24 17:38:40.842,37.266,48.266664,25.907373,101.344,425.301,-131.8,-89.9,0.0,24.0,1.0,0.079175
1119,2024-11-24 17:38:40.875,37.299,48.266653,25.907355,101.329,425.285,-131.8,-90.0,0.0,24.0,1.0,0.07916328125
1120,2024-11-24 17:38:40.908,37.332,48.266653,25.907355,101.329,425.285,-131.8,-90.0,0.0,24.0,1.0,0.07916328125
1121,2024-11-24 17:38:40.941,37.365,48.266653,25.907355,101.329,425.285,-131.8,-90.0,0.0,24.0,1.0,0.07916328125
1122,2024-11-24 17:38:40.975,37.399,48.266642,25.907336,101.317,425.273,-131.8,-89.9,0.0,24.0,1.0,0.07915390624999999
1123,2024-11-24 17:38:41.008,37.432,48.266642,25.907336,101.317,425.273,-131.8,-89.9,0.0,24.0,1.0,0.07915390624999999
1124,2024-11-24 17:38:41.042,37.466,48.266642,25.907336,101.317,425.273,-131.8,-89.9,0.0,24.0,1.0,0.07915390624999999
1125,2024-11-24 17:38:41.074,37.498,48.266631,25.907318,101.3,425.256,-131.8,-89.9,0.0,24.0,1.0,0.07914062499999999
1126,2024-11-24 17:38:41.109,37.533,48.266631,25.907318,101.3,425.256,-131.8,-89.9,0.0,24.0,1.0,0.07914062499999999
1127,2024-11-24 17:38:41.142,37.566,48.266631,25.907318,101.3,425.256,-131.8,-89.9,0.0,24.0,1.0,0.07914062499999999
1128,2024-11-24 17:38:41.175,37.599,48.26662,25.907299,101.285,425.242,-131.8,-90.0,0.0,24.0,1.0,0.07912890625
1129,2024-11-24 17:38:41.208,37.632,48.26662,25.907299,101.285,425.242,-131.8,-90.0,0.0,24.0,1.0,0.07912890625
1130,2024-11-24 17:38:41.243,37.667,48.26662,25.907299,101.285,425.242,-131.8,-90.0,0.0,24.0,1.0,0.07912890625
1131,2024-11-24 17:38:41.275,37.699,48.266608,25.907281,101.269,425.225,-131.9,-89.9,0.0,24.0,1.0,0.07911640625000001
1132,2024-11-24 17:38:41.309,37.733,48.266608,25.907281,101.269,425.225,-131.9,-89.9,0.0,24.0,1.0,0.07911640625000001
1133,2024-11-24 17:38:41.341,37.765,48.266608,25.907281,101.269,425.225,-131.9,-89.9,0.0,24.0,1.0,0.07911640625000001
1134,2024-11-24 17:38:41.375,37.799,48.266597,25.907262,101.247,425.204,-131.8,-89.9,0.0,24.0,1.0,0.07909921874999999
1135,2024-11-24 17:38:41.408,37.832,48.266597,25.907262,101.247,425.204,-131.8,-89.9,0.0,24.0,1.0,0.07909921874999999
1136,2024-11-24 17:38:41.442,37.866,48.266597,25.907262,101.247,425.204,-131.8,-89.9,0.0,24.0,1.0,0.07909921874999999
1137,2024-11-24 17:38:41.475,37.899,48.266586,25.907244,101.223,425.18,-131.8,-90.0,0.0,24.0,1.0,0.07908046875
1138,2024-11-24 17:38:41.508,37.932,48.266586,25.907244,101.223,425.18,-131.8,-90.0,0.0,24.0,1.0,0.07908046875
1139,2024-11-24 17:38:41.542,37.966,48.266586,25.907244,101.223,425.18,-131.8,-90.0,0.0,24.0,1.0,0.07908046875
1140,2024-11-24 17:38:41.575,37.999,48.266575,25.907225,101.192,425.148,-131.8,-90.0,0.0,24.0,1.0,0.07905625
1141,2024-11-24 17:38:41.609,38.033,48.266575,25.907225,101.192,425.148,-131.8,-90.0,0.0,24.0,1.0,0.07905625
1142,2024-11-24 17:38:41.642,38.066,48.266575,25.907225,101.192,425.148,-131.8,-90.0,0.0,24.0,1.0,0.07905625
1143,2024-11-24 17:38:41.676,38.1,48.266564,25.907207,101.164,425.121,-131.8,-90.0,0.0,24.0,1.0,0.079034375
1144,2024-11-24 17:38:41.709,38.133,48.266564,25.907207,101.164,425.121,-131.8,-90.0,0.0,24.0,1.0,0.079034375
1145,2024-11-24 17:38:41.742,38.166,48.266564,25.907207,101.164,425.121,-131.8,-90.0,0.0,24.0,1.0,0.079034375
1146,2024-11-24 17:38:41.777,38.201,48.266552,25.907188,101.144,425.101,-131.8,-89.9,0.0,24.0,1.0,0.07901875
1147,2024-11-24 17:38:41.808,38.232,48.266552,25.907188,101.144,425.101,-131.8,-89.9,0.0,24.0,1.0,0.07901875
1148,2024-11-24 17:38:41.843,38.267,48.266552,25.907188,101.144,425.101,-131.8,-89.9,0.0,24.0,1.0,0.07901875
1149,2024-11-24 17:38:41.876,38.3,48.266541,25.907169,101.133,425.09,-131.8,-90.0,0.0,24.0,1.0,0.07901015625
1150,2024-11-24 17:38:41.909,38.333,48.266541,25.907169,101.133,425.09,-131.8,-90.0,0.0,24.0,1.0,0.07901015625
1151,2024-11-24 17:38:41.943,38.367,48.266541,25.907169,101.133,425.09,-131.8,-90.0,0.0,24.0,1.0,0.07901015625
1152,2024-11-24 17:38:41.977,38.401,48.26653,25.907151,101.166,425.122,-131.8,-89.9,0.0,24.0,1.0,0.0790359375
1153,2024-11-24 17:38:42.008,38.432,48.26653,25.907151,101.166,425.122,-131.8,-89.9,0.0,24.0,1.0,0.0790359375
1154,2024-11-24 17:38:42.044,38.468,48.26653,25.907151,101.166,425.122,-131.8,-89.9,0.0,24.0,1.0,0.0790359375
1155,2024-11-24 17:38:42.076,38.5,48.266518,25.907132,101.227,425.184,-131.8,-90.0,0.0,24.0,1.0,0.07908359375000001
1156,2024-11-24 17:38:42.109,38.533,48.266518,25.907132,101.227,425.184,-131.8,-90.0,0.0,24.0,1.0,0.07908359375000001
1157,2024-11-24 17:38:42.143,38.567,48.266518,25.907132,101.227,425.184,-131.8,-90.0,0.0,24.0,1.0,0.07908359375000001
1158,2024-11-24 17:38:42.177,38.601,48.266507,25.907113,101.305,425.262,-131.8,-89.9,0.0,24.0,1.0,0.07914453125000001
1159,2024-11-24 17:38:42.209,38.633,48.266507,25.907113,101.305,425.262,-131.8,-89.9,0.0,24.0,1.0,0.07914453125000001
1160,2024-11-24 17:38:42.243,38.667,48.266507,25.907113,101.305,425.262,-131.8,-89.9,0.0,24.0,1.0,0.07914453125000001
1161,2024-11-24 17:38:42.277,38.701,48.266496,25.907095,101.364,425.32,-131.8,-89.9,0.0,24.0,1.0,0.079190625
1162,2024-11-24 17:38:42.309,38.733,48.266496,25.907095,101.364,425.32,-131.8,-89.9,0.0,24.0,1.0,0.079190625
1163,2024-11-24 17:38:42.342,38.766,48.266496,25.907095,101.364,425.32,-131.8,-89.9,0.0,24.0,1.0,0.079190625
1164,2024-11-24 17:38:42.376,38.8,48.266485,25.907076,101.397,425.354,-131.8,-90.0,0.0,24.0,1.0,0.07921640625000001
1165,2024-11-24 17:38:42.409,38.833,48.266485,25.907076,101.397,425.354,-131.8,-90.0,0.0,24.0,1.0,0.07921640625000001
1166,2024-11-24 17:38:42.443,38.867,48.266485,25.907076,101.397,425.354,-131.8,-90.0,0.0,24.0,1.0,0.07921640625000001
1167,2024-11-24 17:38:42.476,38.9,48.266474,25.907058,101.412,425.369,-131.8,-90.0,0.0,24.0,1.0,0.079228125
1168,2024-11-24 17:38:42.509,38.933,48.266474,25.907058,101.412,425.369,-131.8,-90.0,0.0,24.0,1.0,0.079228125
1169,2024-11-24 17:38:42.542,38.966,48.266474,25.907058,101.412,425.369,-131.8,-90.0,0.0,24.0,1.0,0.079228125
1170,2024-11-24 17:38:42.576,39.0,48.266463,25.90704,101.424,425.38,-131.8,-90.0,0.0,24.0,1.0,0.07923750000000002
1171,2024-11-24 17:38:42.609,39.033,48.266463,25.90704,101.424,425.38,-131.8,-90.0,0.0,24.0,1.0,0.07923750000000002
1172,2024-11-24 17:38:42.643,39.067,48.266463,25.90704,101.424,425.38,-131.8,-90.0,0.0,24.0,1.0,0.07923750000000002
1173,2024-11-24 17:38:42.677,39.101,48.266452,25.907021,101.434,425.39,-131.8,-89.9,0.0,24.0,1.0,0.07924531250000001
1174,2024-11-24 17:38:42.710,39.134,48.266452,25.907021,101.434,425.39,-131.8,-89.9,0.0,24.0,1.0,0.07924531250000001
1175,2024-11-24 17:38:42.743,39.167,48.266452,25.907021,101.434,425.39,-131.8,-89.9,0.0,24.0,1.0,0.07924531250000001
1176,2024-11-24 17:38:42.777,39.201,48.266441,25.907003,101.438,425.395,-131.8,-89.9,0.0,24.0,1.0,0.0792484375
1177,2024-11-24 17:38:42.810,39.234,48.266441,25.907003,101.438,425.395,-131.8,-89.9,0.0,24.0,1.0,0.0792484375
1178,2024-11-24 17:38:42.844,39.268,48.266441,25.907003,101.438,425.395,-131.8,-89.9,0.0,24.0,1.0,0.0792484375
1179,2024-11-24 17:38:42.876,39.3,48.266431,25.906985,101.437,425.394,-131.8,-89.9,0.0,24.0,1.0,0.07924765624999999
1180,2024-11-24 17:38:42.911,39.335,48.266431,25.906985,101.437,425.394,-131.8,-89.9,0.0,24.0,1.0,0.07924765624999999
1181,2024-11-24 17:38:42.943,39.367,48.266431,25.906985,101.437,425.394,-131.8,-89.9,0.0,24.0,1.0,0.07924765624999999
1182,2024-11-24 17:38:42.976,39.4,48.26642,25.906967,101.441,425.397,-131.8,-89.9,0.0,24.0,1.0,0.07925078125
1183,2024-11-24 17:38:43.010,39.434,48.26642,25.906967,101.441,425.397,-131.8,-89.9,0.0,24.0,1.0,0.07925078125
1184,2024-11-24 17:38:43.044,39.468,48.26642,25.906967,101.441,425.397,-131.8,-89.9,0.0,24.0,1.0,0.07925078125
1185,2024-11-24 17:38:43.077,39.501,48.266409,25.906949,101.441,425.398,-131.8,-89.9,0.0,24.0,1.0,0.07925078125
1186,2024-11-24 17:38:43.110,39.534,48.266409,25.906949,101.441,425.398,-131.8,-89.9,0.0,24.0,1.0,0.07925078125
1187,2024-11-24 17:38:43.145,39.569,48.266409,25.906949,101.441,425.398,-131.8,-89.9,0.0,24.0,1.0,0.07925078125
1188,2024-11-24 17:38:43.177,39.601,48.266398,25.90693,101.438,425.394,-131.8,-89.9,0.0,24.0,1.0,0.0792484375
1189,2024-11-24 17:38:43.210,39.634,48.266398,25.90693,101.438,425.394,-131.8,-89.9,0.0,24.0,1.0,0.0792484375
1190,2024-11-24 17:38:43.243,39.667,48.266398,25.90693,101.438,425.394,-131.8,-89.9,0.0,24.0,1.0,0.0792484375
1191,2024-11-24 17:38:43.277,39.701,48.266387,25.906912,101.441,425.398,-131.8,-90.0,0.0,24.0,1.0,0.07925078125
1192,2024-11-24 17:38:43.310,39.734,48.266387,25.906912,101.441,425.398,-131.8,-90.0,0.0,24.0,1.0,0.07925078125
1193,2024-11-24 17:38:43.344,39.768,48.266387,25.906912,101.441,425.398,-131.8,-90.0,0.0,24.0,1.0,0.07925078125
1194,2024-11-24 17:38:43.377,39.801,48.266376,25.906894,101.442,425.398,-131.8,-89.9,0.0,24.0,1.0,0.0792515625
1195,2024-11-24 17:38:43.411,39.835,48.266376,25.906894,101.442,425.398,-131.8,-89.9,0.0,24.0,1.0,0.0792515625
1196,2024-11-24 17:38:43.444,39.868,48.266376,25.906894,101.442,425.398,-131.8,-89.9,0.0,24.0,1.0,0.0792515625
1197,2024-11-24 17:38:43.477,39.901,48.266365,25.906876,101.444,425.4,-131.8,-90.0,0.0,24.0,1.0,0.079253125
1198,2024-11-24 17:38:43.510,39.934,48.266365,25.906876,101.444,425.4,-131.8,-90.0,0.0,24.0,1.0,0.079253125
1199,2024-11-24 17:38:43.544,39.968,48.266365,25.906876,101.444,425.4,-131.8,-90.0,0.0,24.0,1.0,0.079253125
1200,2024-11-24 17:38:43.578,40.002,48.266355,25.906858,101.444,425.4,-131.8,-89.9,0.0,24.0,1.0,0.079253125
1201,2024-11-24 17:38:43.610,40.034,48.266355,25.906858,101.444,425.4,-131.8,-89.9,0.0,24.0,1.0,0.079253125
1202,2024-11-24 17:38:43.644,40.068,48.266355,25.906858,101.444,425.4,-131.8,-89.9,0.0,24.0,1.0,0.079253125
1203,2024-11-24 17:38:43.677,40.101,48.266344,25.90684,101.441,425.398,-131.8,-89.9,0.0,24.0,1.0,0.07925078125
1204,2024-11-24 17:38:43.710,40.134,48.266344,25.90684,101.441,425.398,-131.8,-89.9,0.0,24.0,1.0,0.07925078125
1205,2024-11-24 17:38:43.744,40.168,48.266344,25.90684,101.441,425.398,-131.8,-89.9,0.0,24.0,1.0,0.07925078125
1206,2024-11-24 17:38:43.777,40.201,48.266333,25.906822,101.442,425.399,-131.8,-90.0,0.0,24.0,1.0,0.0792515625
1207,2024-11-24 17:38:43.811,40.235,48.266333,25.906822,101.442,425.399,-131.8,-90.0,0.0,24.0,1.0,0.0792515625
1208,2024-11-24 17:38:43.845,40.269,48.266333,25.906822,101.442,425.399,-131.8,-90.0,0.0,24.0,1.0,0.0792515625
1209,2024-11-24 17:38:43.877,40.301,48.266322,25.906803,101.442,425.399,-131.8,-90.0,0.0,24.0,1.0,0.0792515625
1210,2024-11-24 17:38:43.911,40.335,48.266322,25.906803,101.442,425.399,-131.8,-90.0,0.0,24.0,1.0,0.0792515625
1211,2024-11-24 17:38:43.944,40.368,48.266322,25.906803,101.442,425.399,-131.8,-90.0,0.0,24.0,1.0,0.0792515625
1212,2024-11-24 17:38:43.978,40.402,48.266311,25.906785,101.432,425.389,-131.8,-90.0,0.0,24.0,1.0,0.07924375
1213,2024-11-24 17:38:44.012,40.436,48.266311,25.906785,101.432,425.389,-131.8,-90.0,0.0,24.0,1.0,0.07924375
1214,2024-11-24 17:38:44.045,40.469,48.266311,25.906785,101.432,425.389,-131.8,-90.0,0.0,24.0,1.0,0.07924375
1215,2024-11-24 17:38:44.077,40.501,48.2663,25.906767,101.422,425.378,-131.8,-90.0,0.0,24.0,1.0,0.07923593749999999
1216,2024-11-24 17:38:44.111,40.535,48.2663,25.906767,101.422,425.378,-131.8,-90.0,0.0,24.0,1.0,0.07923593749999999
1217,2024-11-24 17:38:44.144,40.568,48.2663,25.906767,101.422,425.378,-131.8,-90.0,0.0,24.0,1.0,0.07923593749999999
1218,2024-11-24 17:38:44.180,40.604,48.266289,25.906749,101.409,425.366,-131.8,-89.9,0.0,24.0,1.0,0.07922578125
1219,2024-11-24 17:38:44.212,40.636,48.266289,25.906749,101.409,425.366,-131.8,-89.9,0.0,24.0,1.0,0.07922578125
1220,2024-11-24 17:38:44.244,40.668,48.266289,25.906749,101.409,425.366,-131.8,-89.9,0.0,24.0,1.0,0.07922578125
1221,2024-11-24 17:38:44.278,40.702,48.266278,25.906731,101.395,425.352,-131.8,-90.0,0.0,24.0,1.0,0.07921484375
1222,2024-11-24 17:38:44.311,40.735,48.266278,25.906731,101.395,425.352,-131.8,-90.0,0.0,24.0,1.0,0.07921484375
1223,2024-11-24 17:38:44.345,40.769,48.266278,25.906731,101.395,425.352,-131.8,-90.0,0.0,24.0,1.0,0.07921484375
1224,2024-11-24 17:38:44.379,40.803,48.266267,25.906713,101.387,425.344,-131.8,-90.0,0.0,24.0,1.0,0.07920859375
1225,2024-11-24 17:38:44.412,40.836,48.266267,25.906713,101.387,425.344,-131.8,-90.0,0.0,24.0,1.0,0.07920859375
1226,2024-11-24 17:38:44.445,40.869,48.266267,25.906713,101.387,425.344,-131.8,-90.0,0.0,24.0,1.0,0.07920859375
1227,2024-11-24 17:38:44.478,40.902,48.266256,25.906694,101.378,425.335,-131.8,-89.9,0.0,24.0,1.0,0.0792015625
1228,2024-11-24 17:38:44.511,40.935,48.266256,25.906694,101.378,425.335,-131.8,-89.9,0.0,24.0,1.0,0.0792015625
1229,2024-11-24 17:38:44.545,40.969,48.266256,25.906694,101.378,425.335,-131.8,-89.9,0.0,24.0,1.0,0.0792015625
1230,2024-11-24 17:38:44.578,41.002,48.266245,25.906676,101.368,425.325,-131.8,-90.0,0.0,24.0,1.0,0.07919375
1231,2024-11-24 17:38:44.612,41.036,48.266245,25.906676,101.368,425.325,-131.8,-90.0,0.0,24.0,1.0,0.07919375
1232,2024-11-24 17:38:44.645,41.069,48.266245,25.906676,101.368,425.325,-131.8,-90.0,0.0,24.0,1.0,0.07919375
1233,2024-11-24 17:38:44.678,41.102,48.266234,25.906658,101.362,425.319,-131.8,-89.9,0.0,24.0,1.0,0.0791890625
1234,2024-11-24 17:38:44.713,41.137,48.266234,25.906658,101.362,425.319,-131.8,-89.9,0.0,24.0,1.0,0.0791890625
1235,2024-11-24 17:38:44.746,41.17,48.266234,25.906658,101.362,425.319,-131.8,-89.9,0.0,24.0,1.0,0.0791890625
1236,2024-11-24 17:38:44.778,41.202,48.266223,25.90664,101.357,425.314,-131.8,-89.9,0.0,24.0,1.0,0.07918515625000001
1237,2024-11-24 17:38:44.812,41.236,48.266223,25.90664,101.357,425.314,-131.8,-89.9,0.0,24.0,1.0,0.07918515625000001
1238,2024-11-24 17:38:44.844,41.268,48.266223,25.90664,101.357,425.314,-131.8,-89.9,0.0,24.0,1.0,0.07918515625000001
1239,2024-11-24 17:38:44.880,41.304,48.266212,25.906621,101.351,425.308,-131.8,-89.9,0.0,24.0,1.0,0.07918046875
1240,2024-11-24 17:38:44.912,41.336,48.266212,25.906621,101.351,425.308,-131.8,-89.9,0.0,24.0,1.0,0.07918046875
1241,2024-11-24 17:38:44.945,41.369,48.266212,25.906621,101.351,425.308,-131.8,-89.9,0.0,24.0,1.0,0.07918046875
1242,2024-11-24 17:38:44.980,41.404,48.266201,25.906603,101.349,425.305,-131.8,-89.9,0.0,24.0,1.0,0.07917890625
1243,2024-11-24 17:38:45.012,41.436,48.266201,25.906603,101.349,425.305,-131.8,-89.9,0.0,24.0,1.0,0.07917890625
1244,2024-11-24 17:38:45.045,41.469,48.266201,25.906603,101.349,425.305,-131.8,-89.9,0.0,24.0,1.0,0.07917890625
1245,2024-11-24 17:38:45.081,41.505,48.26619,25.906585,101.342,425.299,-131.8,-89.9,0.0,24.0,1.0,0.0791734375
1246,2024-11-24 17:38:45.112,41.536,48.26619,25.906585,101.342,425.299,-131.8,-89.9,0.0,24.0,1.0,0.0791734375
1247,2024-11-24 17:38:45.145,41.569,48.26619,25.906585,101.342,425.299,-131.8,-89.9,0.0,24.0,1.0,0.0791734375
1248,2024-11-24 17:38:45.178,41.602,48.266179,25.906566,101.336,425.292,-131.8,-90.0,0.0,24.0,1.0,0.07916875
1249,2024-11-24 17:38:45.213,41.637,48.266179,25.906566,101.336,425.292,-131.8,-90.0,0.0,24.0,1.0,0.07916875
1250,2024-11-24 17:38:45.245,41.669,48.266179,25.906566,101.336,425.292,-131.8,-90.0,0.0,24.0,1.0,0.07916875
1251,2024-11-24 17:38:45.278,41.702,48.266168,25.906548,101.327,425.284,-131.8,-90.0,0.0,24.0,1.0,0.07916171875
1252,2024-11-24 17:38:45.312,41.736,48.266168,25.906548,101.327,425.284,-131.8,-90.0,0.0,24.0,1.0,0.07916171875
1253,2024-11-24 17:38:45.346,41.77,48.266168,25.906548,101.327,425.284,-131.8,-90.0,0.0,24.0,1.0,0.07916171875
1254,2024-11-24 17:38:45.381,41.805,48.266157,25.906529,101.319,425.276,-131.8,-89.9,0.0,24.0,1.0,0.07915546875
1255,2024-11-24 17:38:45.412,41.836,48.266157,25.906529,101.319,425.276,-131.8,-89.9,0.0,24.0,1.0,0.07915546875
1256,2024-11-24 17:38:45.445,41.869,48.266157,25.906529,101.319,425.276,-131.8,-89.9,0.0,24.0,1.0,0.07915546875
1257,2024-11-24 17:38:45.481,41.905,48.266145,25.906511,101.309,425.266,-131.8,-90.0,0.0,24.0,1.0,0.07914765625
1258,2024-11-24 17:38:45.513,41.937,48.266145,25.906511,101.309,425.266,-131.8,-90.0,0.0,24.0,1.0,0.07914765625
1259,2024-11-24 17:38:45.546,41.97,48.266145,25.906511,101.309,425.266,-131.8,-90.0,0.0,24.0,1.0,0.07914765625
1260,2024-11-24 17:38:45.580,42.004,48.266134,25.906492,101.298,425.254,-131.8,-90.0,0.0,24.0,1.0,0.0791390625
1261,2024-11-24 17:38:45.613,42.037,48.266134,25.906492,101.298,425.254,-131.8,-90.0,0.0,24.0,1.0,0.0791390625
1262,2024-11-24 17:38:45.646,42.07,48.266134,25.906492,101.298,425.254,-131.8,-90.0,0.0,24.0,1.0,0.0791390625
1263,2024-11-24 17:38:45.679,42.103,48.266123,25.906473,101.284,425.241,-131.8,-90.0,0.0,24.0,1.0,0.07912812500000001
1264,2024-11-24 17:38:45.713,42.137,48.266123,25.906473,101.284,425.241,-131.8,-90.0,0.0,24.0,1.0,0.07912812500000001
1265,2024-11-24 17:38:45.746,42.17,48.266123,25.906473,101.284,425.241,-131.8,-90.0,0.0,24.0,1.0,0.07912812500000001
1266,2024-11-24 17:38:45.779,42.203,48.266112,25.906455,101.266,425.223,-131.8,-89.9,0.0,24.0,1.0,0.0791140625
1267,2024-11-24 17:38:45.814,42.238,48.266112,25.906455,101.266,425.223,-131.8,-89.9,0.0,24.0,1.0,0.0791140625
1268,2024-11-24 17:38:45.847,42.271,48.266112,25.906455,101.266,425.223,-131.8,-89.9,0.0,24.0,1.0,0.0791140625
1269,2024-11-24 17:38:45.879,42.303,48.266101,25.906436,101.248,425.205,-131.8,-90.0,0.0,24.0,1.0,0.0791
1270,2024-11-24 17:38:45.913,42.337,48.266101,25.906436,101.248,425.205,-131.8,-90.0,0.0,24.0,1.0,0.0791
1271,2024-11-24 17:38:45.946,42.37,48.266101,25.906436,101.248,425.205,-131.8,-90.0,0.0,24.0,1.0,0.0791
1272,2024-11-24 17:38:45.982,42.406,48.26609,25.906418,101.225,425.181,-131.8,-90.0,0.0,24.0,1.0,0.07908203124999999
1273,2024-11-24 17:38:46.013,42.437,48.26609,25.906418,101.225,425.181,-131.8,-90.0,0.0,24.0,1.0,0.07908203124999999
1274,2024-11-24 17:38:46.046,42.47,48.26609,25.906418,101.225,425.181,-131.8,-90.0,0.0,24.0,1.0,0.07908203124999999
1275,2024-11-24 17:38:46.079,42.503,48.266078,25.906399,101.198,425.154,-131.8,-90.0,0.0,24.0,1.0,0.0790609375
1276,2024-11-24 17:38:46.114,42.538,48.266078,25.906399,101.198,425.154,-131.8,-90.0,0.0,24.0,1.0,0.0790609375
1277,2024-11-24 17:38:46.146,42.57,48.266078,25.906399,101.198,425.154,-131.8,-90.0,0.0,24.0,1.0,0.0790609375
1278,2024-11-24 17:38:46.180,42.604,48.266067,25.90638,101.172,425.128,-131.8,-90.0,0.0,24.0,1.0,0.07904062499999999
1279,2024-11-24 17:38:46.213,42.637,48.266067,25.90638,101.172,425.128,-131.8,-90.0,0.0,24.0,1.0,0.07904062499999999
1280,2024-11-24 17:38:46.246,42.67,48.266067,25.90638,101.172,425.128,-131.8,-90.0,0.0,24.0,1.0,0.07904062499999999
1281,2024-11-24 17:38:46.281,42.705,48.266056,25.906362,101.147,425.104,-131.8,-90.0,0.0,24.0,1.0,0.07902109375000001
1282,2024-11-24 17:38:46.314,42.738,48.266056,25.906362,101.147,425.104,-131.8,-90.0,0.0,24.0,1.0,0.07902109375000001
1283,2024-11-24 17:38:46.346,42.77,48.266056,25.906362,101.147,425.104,-131.8,-90.0,0.0,24.0,1.0,0.07902109375000001
1284,2024-11-24 17:38:46.382,42.806,48.266045,25.906343,101.135,425.091,-131.8,-90.0,0.0,24.0,1.0,0.07901171875
1285,2024-11-24 17:38:46.413,42.837,48.266045,25.906343,101.135,425.091,-131.8,-90.0,0.0,24.0,1.0,0.07901171875
1286,2024-11-24 17:38:46.446,42.87,48.266045,25.906343,101.135,425.091,-131.8,-90.0,0.0,24.0,1.0,0.07901171875
1287,2024-11-24 17:38:46.482,42.906,48.266033,25.906324,101.146,425.102,-131.8,-90.0,0.0,24.0,1.0,0.0790203125
1288,2024-11-24 17:38:46.513,42.937,48.266033,25.906324,101.146,425.102,-131.8,-90.0,0.0,24.0,1.0,0.0790203125
1289,2024-11-24 17:38:46.547,42.971,48.266033,25.906324,101.146,425.102,-131.8,-90.0,0.0,24.0,1.0,0.0790203125
1290,2024-11-24 17:38:46.581,43.005,48.266022,25.906305,101.196,425.153,-131.8,-90.0,0.0,24.0,1.0,0.07905937499999999
1291,2024-11-24 17:38:46.613,43.037,48.266022,25.906305,101.196,425.153,-131.8,-90.0,0.0,24.0,1.0,0.07905937499999999
1292,2024-11-24 17:38:46.646,43.07,48.266022,25.906305,101.196,425.153,-131.8,-90.0,0.0,24.0,1.0,0.07905937499999999
1293,2024-11-24 17:38:46.680,43.104,48.266011,25.906287,101.267,425.224,-131.8,-89.9,0.0,24.0,1.0,0.07911484375
1294,2024-11-24 17:38:46.714,43.138,48.266011,25.906287,101.267,425.224,-131.8,-89.9,0.0,24.0,1.0,0.07911484375
1295,2024-11-24 17:38:46.747,43.171,48.266011,25.906287,101.267,425.224,-131.8,-89.9,0.0,24.0,1.0,0.07911484375
1296,2024-11-24 17:38:46.782,43.206,48.266,25.906268,101.333,425.29,-131.8,-90.0,0.0,24.0,1.0,0.07916640625
1297,2024-11-24 17:38:46.813,43.237,48.266,25.906268,101.333,425.29,-131.8,-90.0,0.0,24.0,1.0,0.07916640625
1298,2024-11-24 17:38:46.846,43.27,48.266,25.906268,101.333,425.29,-131.8,-90.0,0.0,24.0,1.0,0.07916640625
1299,2024-11-24 17:38:46.883,43.307,48.265989,25.906249,101.379,425.336,-131.8,-89.9,0.0,24.0,1.0,0.07920234375
1300,2024-11-24 17:38:46.916,43.34,48.265989,25.906249,101.379,425.336,-131.8,-89.9,0.0,24.0,1.0,0.07920234375
1301,2024-11-24 17:38:46.947,43.371,48.265989,25.906249,101.379,425.336,-131.8,-89.9,0.0,24.0,1.0,0.07920234375
1302,2024-11-24 17:38:46.983,43.407,48.265978,25.906231,101.415,425.372,-131.8,-89.9,0.0,24.0,1.0,0.07923046875
1303,2024-11-24 17:38:47.015,43.439,48.265978,25.906231,101.415,425.372,-131.8,-89.9,0.0,24.0,1.0,0.07923046875
1304,2024-11-24 17:38:47.047,43.471,48.265978,25.906231,101.415,425.372,-131.8,-89.9,0.0,24.0,1.0,0.07923046875
1305,2024-11-24 17:38:47.081,43.505,48.265967,25.906212,101.433,425.39,-131.8,-90.0,0.0,24.0,1.0,0.07924453125000001
1306,2024-11-24 17:38:47.115,43.539,48.265967,25.906212,101.433,425.39,-131.8,-90.0,0.0,24.0,1.0,0.07924453125000001
1307,2024-11-24 17:38:47.147,43.571,48.265967,25.906212,101.433,425.39,-131.8,-90.0,0.0,24.0,1.0,0.07924453125000001
1308,2024-11-24 17:38:47.180,43.604,48.265956,25.906194,101.448,425.405,-131.8,-90.0,0.0,24.0,1.0,0.07925625
1309,2024-11-24 17:38:47.214,43.638,48.265956,25.906194,101.448,425.405,-131.8,-90.0,0.0,24.0,1.0,0.07925625
1310,2024-11-24 17:38:47.247,43.671,48.265956,25.906194,101.448,425.405,-131.8,-90.0,0.0,24.0,1.0,0.07925625
1311,2024-11-24 17:38:47.280,43.704,48.265945,25.906176,101.462,425.419,-131.8,-90.0,0.0,24.0,1.0,0.0792671875
1312,2024-11-24 17:38:47.315,43.739,48.265945,25.906176,101.462,425.419,-131.8,-90.0,0.0,24.0,1.0,0.0792671875
1313,2024-11-24 17:38:47.347,43.771,48.265945,25.906176,101.462,425.419,-131.8,-90.0,0.0,24.0,1.0,0.0792671875
1314,2024-11-24 17:38:47.382,43.806,48.265934,25.906157,101.466,425.423,-131.8,-90.0,0.0,24.0,1.0,0.0792703125
1315,2024-11-24 17:38:47.414,43.838,48.265934,25.906157,101.466,425.423,-131.8,-90.0,0.0,24.0,1.0,0.0792703125
1316,2024-11-24 17:38:47.447,43.871,48.265934,25.906157,101.466,425.423,-131.8,-90.0,0.0,24.0,1.0,0.0792703125
1317,2024-11-24 17:38:47.481,43.905,48.265923,25.906139,101.467,425.424,-131.8,-89.9,0.0,24.0,1.0,0.07927109375000001
1318,2024-11-24 17:38:47.515,43.939,48.265923,25.906139,101.467,425.424,-131.8,-89.9,0.0,24.0,1.0,0.07927109375000001
1319,2024-11-24 17:38:47.548,43.972,48.265923,25.906139,101.467,425.424,-131.8,-89.9,0.0,24.0,1.0,0.07927109375000001
1320,2024-11-24 17:38:47.583,44.007,48.265912,25.906121,101.464,425.42,-131.8,-90.0,0.0,24.0,1.0,0.07926875
1321,2024-11-24 17:38:47.614,44.038,48.265912,25.906121,101.464,425.42,-131.8,-90.0,0.0,24.0,1.0,0.07926875
1322,2024-11-24 17:38:47.648,44.072,48.265912,25.906121,101.464,425.42,-131.8,-90.0,0.0,24.0,1.0,0.07926875
1323,2024-11-24 17:38:47.681,44.105,48.265901,25.906103,101.468,425.424,-131.8,-90.0,0.0,24.0,1.0,0.079271875
1324,2024-11-24 17:38:47.715,44.139,48.265901,25.906103,101.468,425.424,-131.8,-90.0,0.0,24.0,1.0,0.079271875
1325,2024-11-24 17:38:47.747,44.171,48.265901,25.906103,101.468,425.424,-131.8,-90.0,0.0,24.0,1.0,0.079271875
1326,2024-11-24 17:38:47.784,44.208,48.265891,25.906084,101.466,425.423,-131.8,-90.0,0.0,24.0,1.0,0.0792703125
1327,2024-11-24 17:38:47.815,44.239,48.265891,25.906084,101.466,425.423,-131.8,-90.0,0.0,24.0,1.0,0.0792703125
1328,2024-11-24 17:38:47.847,44.271,48.265891,25.906084,101.466,425.423,-131.8,-90.0,0.0,24.0,1.0,0.0792703125
1329,2024-11-24 17:38:47.884,44.308,48.26588,25.906066,101.463,425.419,-131.8,-89.9,0.0,24.0,1.0,0.07926796875
1330,2024-11-24 17:38:47.916,44.34,48.26588,25.906066,101.463,425.419,-131.8,-89.9,0.0,24.0,1.0,0.07926796875
1331,2024-11-24 17:38:47.948,44.372,48.26588,25.906066,101.463,425.419,-131.8,-89.9,0.0,24.0,1.0,0.07926796875
1332,2024-11-24 17:38:47.983,44.407,48.265869,25.906048,101.461,425.418,-131.8,-90.0,0.0,24.0,1.0,0.07926640624999999
1333,2024-11-24 17:38:48.014,44.438,48.265869,25.906048,101.461,425.418,-131.8,-90.0,0.0,24.0,1.0,0.07926640624999999
1334,2024-11-24 17:38:48.048,44.472,48.265869,25.906048,101.461,425.418,-131.8,-90.0,0.0,24.0,1.0,0.07926640624999999
1335,2024-11-24 17:38:48.085,44.509,48.265858,25.90603,101.456,425.413,-131.8,-90.0,0.0,24.0,1.0,0.0792625
1336,2024-11-24 17:38:48.115,44.539,48.265858,25.90603,101.456,425.413,-131.8,-90.0,0.0,24.0,1.0,0.0792625
1337,2024-11-24 17:38:48.148,44.572,48.265858,25.90603,101.456,425.413,-131.8,-90.0,0.0,24.0,1.0,0.0792625
1338,2024-11-24 17:38:48.182,44.606,48.265847,25.906011,101.453,425.409,-131.8,-90.0,0.0,24.0,1.0,0.07926015625
1339,2024-11-24 17:38:48.215,44.639,48.265847,25.906011,101.453,425.409,-131.8,-90.0,0.0,24.0,1.0,0.07926015625
1340,2024-11-24 17:38:48.248,44.672,48.265847,25.906011,101.453,425.409,-131.8,-90.0,0.0,24.0,1.0,0.07926015625
1341,2024-11-24 17:38:48.284,44.708,48.265836,25.905993,101.453,425.409,-131.8,-90.0,0.0,24.0,1.0,0.07926015625
1342,2024-11-24 17:38:48.317,44.741,48.265836,25.905993,101.453,425.409,-131.8,-90.0,0.0,24.0,1.0,0.07926015625
1343,2024-11-24 17:38:48.348,44.772,48.265836,25.905993,101.453,425.409,-131.8,-90.0,0.0,24.0,1.0,0.07926015625
1344,2024-11-24 17:38:48.384,44.808,48.265825,25.905975,101.43,425.387,-131.8,-90.0,0.0,24.0,1.0,0.0792421875
1345,2024-11-24 17:38:48.415,44.839,48.265825,25.905975,101.43,425.387,-131.8,-90.0,0.0,24.0,1.0,0.0792421875
1346,2024-11-24 17:38:48.448,44.872,48.265825,25.905975,101.43,425.387,-131.8,-90.0,0.0,24.0,1.0,0.0792421875
1347,2024-11-24 17:38:48.483,44.907,48.265814,25.905957,101.42,425.377,-131.8,-89.9,0.0,24.0,1.0,0.079234375
1348,2024-11-24 17:38:48.515,44.939,48.265814,25.905957,101.42,425.377,-131.8,-89.9,0.0,24.0,1.0,0.079234375
1349,2024-11-24 17:38:48.548,44.972,48.265814,25.905957,101.42,425.377,-131.8,-89.9,0.0,24.0,1.0,0.079234375
1350,2024-11-24 17:38:48.584,45.008,48.265803,25.905939,101.406,425.362,-131.8,-89.9,0.0,24.0,1.0,0.07922343750000001
1351,2024-11-24 17:38:48.615,45.039,48.265803,25.905939,101.406,425.362,-131.8,-89.9,0.0,24.0,1.0,0.07922343750000001
1352,2024-11-24 17:38:48.648,45.072,48.265803,25.905939,101.406,425.362,-131.8,-89.9,0.0,24.0,1.0,0.07922343750000001
1353,2024-11-24 17:38:48.683,45.107,48.265792,25.905921,101.395,425.351,-131.8,-89.9,0.0,24.0,1.0,0.07921484375
1354,2024-11-24 17:38:48.716,45.14,48.265792,25.905921,101.395,425.351,-131.8,-89.9,0.0,24.0,1.0,0.07921484375
1355,2024-11-24 17:38:48.749,45.173,48.265792,25.905921,101.395,425.351,-131.8,-89.9,0.0,24.0,1.0,0.07921484375
1356,2024-11-24 17:38:48.784,45.208,48.265782,25.905902,101.385,425.342,-131.8,-90.0,0.0,24.0,1.0,0.07920703125
1357,2024-11-24 17:38:48.815,45.239,48.265782,25.905902,101.385,425.342,-131.8,-90.0,0.0,24.0,1.0,0.07920703125
1358,2024-11-24 17:38:48.849,45.273,48.265782,25.905902,101.385,425.342,-131.8,-90.0,0.0,24.0,1.0,0.07920703125
1359,2024-11-24 17:38:48.884,45.308,48.265771,25.905884,101.379,425.336,-131.8,-90.0,0.0,24.0,1.0,0.07920234375
1360,2024-11-24 17:38:48.916,45.34,48.265771,25.905884,101.379,425.336,-131.8,-90.0,0.0,24.0,1.0,0.07920234375
1361,2024-11-24 17:38:48.948,45.372,48.265771,25.905884,101.379,425.336,-131.8,-90.0,0.0,24.0,1.0,0.07920234375
1362,2024-11-24 17:38:48.984,45.408,48.26576,25.905866,101.373,425.33,-131.8,-89.9,0.0,24.0,1.0,0.07919765625000001
1363,2024-11-24 17:38:49.015,45.439,48.26576,25.905866,101.373,425.33,-131.8,-89.9,0.0,24.0,1.0,0.07919765625000001
1364,2024-11-24 17:38:49.049,45.473,48.26576,25.905866,101.373,425.33,-131.8,-89.9,0.0,24.0,1.0,0.07919765625000001
1365,2024-11-24 17:38:49.085,45.509,48.265749,25.905847,101.366,425.323,-131.8,-90.0,0.0,24.0,1.0,0.0791921875
1366,2024-11-24 17:38:49.117,45.541,48.265749,25.905847,101.366,425.323,-131.8,-90.0,0.0,24.0,1.0,0.0791921875
1367,2024-11-24 17:38:49.148,45.572,48.265749,25.905847,101.366,425.323,-131.8,-90.0,0.0,24.0,1.0,0.0791921875
1368,2024-11-24 17:38:49.185,45.609,48.265738,25.905829,101.359,425.316,-131.8,-89.9,0.0,24.0,1.0,0.07918671875
1369,2024-11-24 17:38:49.216,45.64,48.265738,25.905829,101.359,425.316,-131.8,-89.9,0.0,24.0,1.0,0.07918671875
1370,2024-11-24 17:38:49.250,45.674,48.265738,25.905829,101.359,425.316,-131.8,-89.9,0.0,24.0,1.0,0.07918671875
1371,2024-11-24 17:38:49.285,45.709,48.265727,25.905811,101.349,425.305,-131.8,-90.0,0.0,24.0,1.0,0.07917890625
1372,2024-11-24 17:38:49.316,45.74,48.265727,25.905811,101.349,425.305,-131.8,-90.0,0.0,24.0,1.0,0.07917890625
1373,2024-11-24 17:38:49.350,45.774,48.265727,25.905811,101.349,425.305,-131.8,-90.0,0.0,24.0,1.0,0.07917890625
1374,2024-11-24 17:38:49.385,45.809,48.265716,25.905793,101.334,425.29,-131.8,-90.0,0.0,24.0,1.0,0.0791671875
1375,2024-11-24 17:38:49.419,45.843,48.265716,25.905793,101.334,425.29,-131.8,-90.0,0.0,24.0,1.0,0.0791671875
1376,2024-11-24 17:38:49.450,45.874,48.265716,25.905793,101.334,425.29,-131.8,-90.0,0.0,24.0,1.0,0.0791671875
1377,2024-11-24 17:38:49.484,45.908,48.265705,25.905774,101.319,425.276,-131.8,-89.9,0.0,24.0,1.0,0.07915546875
1378,2024-11-24 17:38:49.516,45.94,48.265705,25.905774,101.319,425.276,-131.8,-89.9,0.0,24.0,1.0,0.07915546875
1379,2024-11-24 17:38:49.550,45.974,48.265705,25.905774,101.319,425.276,-131.8,-89.9,0.0,24.0,1.0,0.07915546875
1380,2024-11-24 17:38:49.584,46.008,48.265694,25.905756,101.302,425.259,-131.8,-90.0,0.0,24.0,1.0,0.0791421875
1381,2024-11-24 17:38:49.616,46.04,48.265694,25.905756,101.302,425.259,-131.8,-90.0,0.0,24.0,1.0,0.0791421875
1382,2024-11-24 17:38:49.649,46.073,48.265694,25.905756,101.302,425.259,-131.8,-90.0,0.0,24.0,1.0,0.0791421875
1383,2024-11-24 17:38:49.685,46.109,48.265683,25.905737,101.287,425.244,-131.8,-90.0,0.0,24.0,1.0,0.07913046875
1384,2024-11-24 17:38:49.716,46.14,48.265683,25.905737,101.287,425.244,-131.8,-90.0,0.0,24.0,1.0,0.07913046875
1385,2024-11-24 17:38:49.750,46.174,48.265683,25.905737,101.287,425.244,-131.8,-90.0,0.0,24.0,1.0,0.07913046875
1386,2024-11-24 17:38:49.785,46.209,48.265672,25.905719,101.257,425.214,-131.8,-89.9,0.0,24.0,1.0,0.07910703125
1387,2024-11-24 17:38:49.817,46.241,48.265672,25.905719,101.257,425.214,-131.8,-89.9,0.0,24.0,1.0,0.07910703125
1388,2024-11-24 17:38:49.850,46.274,48.265672,25.905719,101.257,425.214,-131.8,-89.9,0.0,24.0,1.0,0.07910703125
1389,2024-11-24 17:38:49.885,46.309,48.265662,25.9057,101.216,425.173,-131.8,-90.0,0.0,24.0,1.0,0.07907499999999999
1390,2024-11-24 17:38:49.916,46.34,48.265662,25.9057,101.216,425.173,-131.8,-90.0,0.0,24.0,1.0,0.07907499999999999
1391,2024-11-24 17:38:49.950,46.374,48.265662,25.9057,101.216,425.173,-131.8,-90.0,0.0,24.0,1.0,0.07907499999999999
1392,2024-11-24 17:38:49.984,46.408,48.26565,25.905682,101.176,425.133,-131.8,-90.0,0.0,24.0,1.0,0.07904375000000001
1393,2024-11-24 17:38:50.020,46.444,48.26565,25.905682,101.176,425.133,-131.8,-90.0,0.0,24.0,1.0,0.07904375000000001
1394,2024-11-24 17:38:50.050,46.474,48.26565,25.905682,101.176,425.133,-131.8,-90.0,0.0,24.0,1.0,0.07904375000000001
1395,2024-11-24 17:38:50.083,46.507,48.265639,25.905663,101.136,425.092,-131.8,-89.9,0.0,24.0,1.0,0.0790125
1396,2024-11-24 17:38:50.118,46.542,48.265639,25.905663,101.136,425.092,-131.8,-89.9,0.0,24.0,1.0,0.0790125
1397,2024-11-24 17:38:50.150,46.574,48.265639,25.905663,101.136,425.092,-131.8,-89.9,0.0,24.0,1.0,0.0790125
1398,2024-11-24 17:38:50.184,46.608,48.265628,25.905645,101.09,425.047,-131.8,-90.0,0.0,24.0,1.0,0.0789765625
1399,2024-11-24 17:38:50.216,46.64,48.265628,25.905645,101.09,425.047,-131.8,-90.0,0.0,24.0,1.0,0.0789765625
1400,2024-11-24 17:38:50.250,46.674,48.265628,25.905645,101.09,425.047,-131.8,-90.0,0.0,24.0,1.0,0.0789765625
1401,2024-11-24 17:38:50.285,46.709,48.265616,25.905625,101.057,425.014,-131.8,-89.9,0.0,24.0,1.0,0.07895078125
1402,2024-11-24 17:38:50.317,46.741,48.265616,25.905625,101.057,425.014,-131.8,-89.9,0.0,24.0,1.0,0.07895078125
1403,2024-11-24 17:38:50.350,46.774,48.265616,25.905625,101.057,425.014,-131.8,-89.9,0.0,24.0,1.0,0.07895078125
1404,2024-11-24 17:38:50.385,46.809,48.265606,25.905608,101.08,425.036,-131.8,-89.9,0.0,24.0,1.0,0.07896875
1405,2024-11-24 17:38:50.417,46.841,48.265606,25.905608,101.08,425.036,-131.8,-89.9,0.0,24.0,1.0,0.07896875
1406,2024-11-24 17:38:50.451,46.875,48.265606,25.905608,101.08,425.036,-131.8,-89.9,0.0,24.0,1.0,0.07896875
1407,2024-11-24 17:38:50.486,46.91,48.265595,25.905589,101.155,425.112,-131.8,-89.9,0.0,24.0,1.0,0.07902734375
1408,2024-11-24 17:38:50.518,46.942,48.265595,25.905589,101.155,425.112,-131.8,-89.9,0.0,24.0,1.0,0.07902734375
1409,2024-11-24 17:38:50.550,46.974,48.265595,25.905589,101.155,425.112,-131.8,-89.9,0.0,24.0,1.0,0.07902734375
1410,2024-11-24 17:38:50.585,47.009,48.265584,25.905571,101.258,425.214,-131.8,-89.9,0.0,24.0,1.0,0.0791078125
1411,2024-11-24 17:38:50.618,47.042,48.265584,25.905571,101.258,425.214,-131.8,-89.9,0.0,24.0,1.0,0.0791078125
1412,2024-11-24 17:38:50.651,47.075,48.265584,25.905571,101.258,425.214,-131.8,-89.9,0.0,24.0,1.0,0.0791078125
1413,2024-11-24 17:38:50.684,47.108,48.265573,25.905552,101.353,425.309,-131.8,-89.9,0.0,24.0,1.0,0.07918203124999999
1414,2024-11-24 17:38:50.718,47.142,48.265573,25.905552,101.353,425.309,-131.8,-89.9,0.0,24.0,1.0,0.07918203124999999
1415,2024-11-24 17:38:50.750,47.174,48.265573,25.905552,101.353,425.309,-131.8,-89.9,0.0,24.0,1.0,0.07918203124999999
1416,2024-11-24 17:38:50.785,47.209,48.265562,25.905534,101.386,425.342,-131.8,-89.9,0.0,24.0,1.0,0.0792078125
1417,2024-11-24 17:38:50.820,47.244,48.265562,25.905534,101.386,425.342,-131.8,-89.9,0.0,24.0,1.0,0.0792078125
1418,2024-11-24 17:38:50.851,47.275,48.265562,25.905534,101.386,425.342,-131.8,-89.9,0.0,24.0,1.0,0.0792078125
1419,2024-11-24 17:38:50.885,47.309,48.265551,25.905516,101.417,425.373,-131.8,-89.9,0.0,24.0,1.0,0.07923203124999999
1420,2024-11-24 17:38:50.917,47.341,48.265551,25.905516,101.417,425.373,-131.8,-89.9,0.0,24.0,1.0,0.07923203124999999
1421,2024-11-24 17:38:50.951,47.375,48.265551,25.905516,101.417,425.373,-131.8,-89.9,0.0,24.0,1.0,0.07923203124999999
1422,2024-11-24 17:38:50.986,47.41,48.265541,25.905497,101.44,425.397,-131.8,-89.9,0.0,24.0,1.0,0.07925
1423,2024-11-24 17:38:51.017,47.441,48.265541,25.905497,101.44,425.397,-131.8,-89.9,0.0,24.0,1.0,0.07925
1424,2024-11-24 17:38:51.051,47.475,48.265541,25.905497,101.44,425.397,-131.8,-89.9,0.0,24.0,1.0,0.07925
1425,2024-11-24 17:38:51.086,47.51,48.26553,25.905479,101.453,425.41,-131.8,-89.9,0.0,24.0,1.0,0.07926015625
1426,2024-11-24 17:38:51.120,47.544,48.26553,25.905479,101.453,425.41,-131.8,-89.9,0.0,24.0,1.0,0.07926015625
1427,2024-11-24 17:38:51.151,47.575,48.26553,25.905479,101.453,425.41,-131.8,-89.9,0.0,24.0,1.0,0.07926015625
1428,2024-11-24 17:38:51.186,47.61,48.265519,25.905461,101.46,425.417,-131.8,-90.0,0.0,24.0,1.0,0.07926562499999999
1429,2024-11-24 17:38:51.217,47.641,48.265519,25.905461,101.46,425.417,-131.8,-90.0,0.0,24.0,1.0,0.07926562499999999
1430,2024-11-24 17:38:51.250,47.674,48.265519,25.905461,101.46,425.417,-131.8,-90.0,0.0,24.0,1.0,0.07926562499999999
1431,2024-11-24 17:38:51.285,47.709,48.265508,25.905443,101.474,425.431,-131.8,-89.9,0.0,24.0,1.0,0.07927656250000001
1432,2024-11-24 17:38:51.319,47.743,48.265508,25.905443,101.474,425.431,-131.8,-89.9,0.0,24.0,1.0,0.07927656250000001
1433,2024-11-24 17:38:51.351,47.775,48.265508,25.905443,101.474,425.431,-131.8,-89.9,0.0,24.0,1.0,0.07927656250000001
1434,2024-11-24 17:38:51.385,47.809,48.265498,25.905425,101.474,425.43,-131.8,-89.9,0.0,24.0,1.0,0.07927656250000001
1435,2024-11-24 17:38:51.420,47.844,48.265498,25.905425,101.474,425.43,-131.8,-89.9,0.0,24.0,1.0,0.07927656250000001
1436,2024-11-24 17:38:51.451,47.875,48.265498,25.905425,101.474,425.43,-131.8,-89.9,0.0,24.0,1.0,0.07927656250000001
1437,2024-11-24 17:38:51.485,47.909,48.265487,25.905407,101.477,425.434,-131.8,-90.0,0.0,24.0,1.0,0.07927890625000002
1438,2024-11-24 17:38:51.519,47.943,48.265487,25.905407,101.477,425.434,-131.8,-90.0,0.0,24.0,1.0,0.07927890625000002
1439,2024-11-24 17:38:51.551,47.975,48.265487,25.905407,101.477,425.434,-131.8,-90.0,0.0,24.0,1.0,0.07927890625000002
1440,2024-11-24 17:38:51.585,48.009,48.265476,25.905389,101.472,425.429,-131.8,-90.0,0.0,24.0,1.0,0.079275
1441,2024-11-24 17:38:51.622,48.046,48.265476,25.905389,101.472,425.429,-131.8,-90.0,0.0,24.0,1.0,0.079275
1442,2024-11-24 17:38:51.652,48.076,48.265476,25.905389,101.472,425.429,-131.8,-90.0,0.0,24.0,1.0,0.079275
1443,2024-11-24 17:38:51.685,48.109,48.265465,25.905371,101.491,425.448,-131.8,-89.9,0.0,24.0,1.0,0.07928984375
1444,2024-11-24 17:38:51.719,48.143,48.265465,25.905371,101.491,425.448,-131.8,-89.9,0.0,24.0,1.0,0.07928984375
1445,2024-11-24 17:38:51.751,48.175,48.265465,25.905371,101.491,425.448,-131.8,-89.9,0.0,24.0,1.0,0.07928984375
1446,2024-11-24 17:38:51.785,48.209,48.265455,25.905354,101.483,425.439,-131.8,-89.9,0.0,24.0,1.0,0.07928359375
1447,2024-11-24 17:38:51.819,48.243,48.265455,25.905354,101.483,425.439,-131.8,-89.9,0.0,24.0,1.0,0.07928359375
1448,2024-11-24 17:38:51.851,48.275,48.265455,25.905354,101.483,425.439,-131.8,-89.9,0.0,24.0,1.0,0.07928359375
1449,2024-11-24 17:38:51.887,48.311,48.265444,25.905336,101.485,425.442,-131.8,-89.9,0.0,24.0,1.0,0.07928515625
1450,2024-11-24 17:38:51.920,48.344,48.265444,25.905336,101.485,425.442,-131.8,-89.9,0.0,24.0,1.0,0.07928515625
1451,2024-11-24 17:38:51.952,48.376,48.265444,25.905336,101.485,425.442,-131.8,-89.9,0.0,24.0,1.0,0.07928515625
1452,2024-11-24 17:38:51.985,48.409,48.265433,25.905318,101.488,425.444,-131.8,-90.0,0.0,24.0,1.0,0.0792875
1453,2024-11-24 17:38:52.021,48.445,48.265433,25.905318,101.488,425.444,-131.8,-90.0,0.0,24.0,1.0,0.0792875
1454,2024-11-24 17:38:52.052,48.476,48.265433,25.905318,101.488,425.444,-131.8,-90.0,0.0,24.0,1.0,0.0792875
1455,2024-11-24 17:38:52.085,48.509,48.265423,25.9053,101.489,425.445,-131.8,-89.9,0.0,24.0,1.0,0.07928828125
1456,2024-11-24 17:38:52.119,48.543,48.265423,25.9053,101.489,425.445,-131.8,-89.9,0.0,24.0,1.0,0.07928828125
1457,2024-11-24 17:38:52.153,48.577,48.265423,25.9053,101.489,425.445,-131.8,-89.9,0.0,24.0,1.0,0.07928828125
1458,2024-11-24 17:38:52.186,48.61,48.265412,25.905282,101.491,425.448,-131.6,-90.0,0.0,24.0,1.0,0.07928984375
1459,2024-11-24 17:38:52.220,48.644,48.265412,25.905282,101.491,425.448,-131.6,-90.0,0.0,24.0,1.0,0.07928984375
1460,2024-11-24 17:38:52.252,48.676,48.265412,25.905282,101.491,425.448,-131.6,-90.0,0.0,24.0,1.0,0.07928984375
1461,2024-11-24 17:38:52.285,48.709,48.265401,25.905263,101.479,425.436,-129.7,-90.0,0.0,24.0,1.0,0.07928046875
1462,2024-11-24 17:38:52.319,48.743,48.265401,25.905263,101.479,425.436,-129.7,-90.0,0.0,24.0,1.0,0.07928046875
1463,2024-11-24 17:38:52.352,48.776,48.265401,25.905263,101.479,425.436,-129.7,-90.0,0.0,24.0,1.0,0.07928046875
1464,2024-11-24 17:38:52.385,48.809,48.265391,25.905246,101.485,425.442,-125.0,-90.0,0.0,24.0,1.0,0.07928515625
1465,2024-11-24 17:38:52.422,48.846,48.265391,25.905246,101.485,425.442,-125.0,-90.0,0.0,24.0,1.0,0.07928515625
1466,2024-11-24 17:38:52.452,48.876,48.265391,25.905246,101.485,425.442,-125.0,-90.0,0.0,24.0,1.0,0.07928515625
1467,2024-11-24 17:38:52.486,48.91,48.265381,25.905227,101.457,425.414,-121.2,-90.0,0.0,24.0,1.0,0.07926328125
1468,2024-11-24 17:38:52.520,48.944,48.265381,25.905227,101.457,425.414,-121.2,-90.0,0.0,24.0,1.0,0.07926328125
1469,2024-11-24 17:38:52.552,48.976,48.265381,25.905227,101.457,425.414,-121.2,-90.0,0.0,24.0,1.0,0.07926328125
1470,2024-11-24 17:38:52.586,49.01,48.265372,25.905209,101.452,425.409,-121.2,-89.9,0.0,24.0,1.0,0.07925937499999999
1471,2024-11-24 17:38:52.622,49.046,48.265372,25.905209,101.452,425.409,-121.2,-89.9,0.0,24.0,1.0,0.07925937499999999
1472,2024-11-24 17:38:52.652,49.076,48.265372,25.905209,101.452,425.409,-121.2,-89.9,0.0,24.0,1.0,0.07925937499999999
1473,2024-11-24 17:38:52.686,49.11,48.265363,25.90519,101.471,425.427,-121.2,-89.9,0.0,24.0,1.0,0.07927421875
1474,2024-11-24 17:38:52.719,49.143,48.265363,25.90519,101.471,425.427,-121.2,-89.9,0.0,24.0,1.0,0.07927421875
1475,2024-11-24 17:38:52.753,49.177,48.265363,25.90519,101.471,425.427,-121.2,-89.9,0.0,24.0,1.0,0.07927421875
1476,2024-11-24 17:38:52.786,49.21,48.265355,25.905171,101.474,425.43,-121.2,-89.9,0.0,24.0,1.0,0.07927656250000001
1477,2024-11-24 17:38:52.819,49.243,48.265355,25.905171,101.474,425.43,-121.2,-89.9,0.0,24.0,1.0,0.07927656250000001
1478,2024-11-24 17:38:52.852,49.276,48.265355,25.905171,101.474,425.43,-121.2,-89.9,0.0,24.0,1.0,0.07927656250000001
1479,2024-11-24 17:38:52.888,49.312,48.265347,25.905152,101.442,425.399,-121.2,-90.0,0.0,24.0,1.0,0.0792515625
1480,2024-11-24 17:38:52.920,49.344,48.265347,25.905152,101.442,425.399,-121.2,-90.0,0.0,24.0,1.0,0.0792515625
1481,2024-11-24 17:38:52.954,49.378,48.265347,25.905152,101.442,425.399,-121.2,-90.0,0.0,24.0,1.0,0.0792515625
1482,2024-11-24 17:38:52.986,49.41,48.265339,25.905133,101.416,425.373,-121.2,-89.9,0.0,24.0,1.0,0.07923125
1483,2024-11-24 17:38:53.020,49.444,48.265339,25.905133,101.416,425.373,-121.2,-89.9,0.0,24.0,1.0,0.07923125
1484,2024-11-24 17:38:53.053,49.477,48.265339,25.905133,101.416,425.373,-121.2,-89.9,0.0,24.0,1.0,0.07923125
1485,2024-11-24 17:38:53.086,49.51,48.265332,25.905114,101.382,425.339,-121.2,-89.9,0.0,24.0,1.0,0.07920468750000001
1486,2024-11-24 17:38:53.120,49.544,48.265332,25.905114,101.382,425.339,-121.2,-89.9,0.0,24.0,1.0,0.07920468750000001
1487,2024-11-24 17:38:53.153,49.577,48.265332,25.905114,101.382,425.339,-121.2,-89.9,0.0,24.0,1.0,0.07920468750000001
1488,2024-11-24 17:38:53.186,49.61,48.265324,25.905095,101.346,425.302,-121.2,-89.9,0.0,24.0,1.0,0.0791765625
1489,2024-11-24 17:38:53.219,49.643,48.265324,25.905095,101.346,425.302,-121.2,-89.9,0.0,24.0,1.0,0.0791765625
1490,2024-11-24 17:38:53.253,49.677,48.265324,25.905095,101.346,425.302,-121.2,-89.9,0.0,24.0,1.0,0.0791765625
1491,2024-11-24 17:38:53.287,49.711,48.265317,25.905076,101.321,425.277,-121.2,-89.9,0.0,24.0,1.0,0.07915703125
1492,2024-11-24 17:38:53.322,49.746,48.265317,25.905076,101.321,425.277,-121.2,-89.9,0.0,24.0,1.0,0.07915703125
1493,2024-11-24 17:38:53.353,49.777,48.265317,25.905076,101.321,425.277,-121.2,-89.9,0.0,24.0,1.0,0.07915703125
1494,2024-11-24 17:38:53.387,49.811,48.26531,25.905056,101.299,425.256,-121.2,-89.9,0.0,24.0,1.0,0.07913984375000001
1495,2024-11-24 17:38:53.422,49.846,48.26531,25.905056,101.299,425.256,-121.2,-89.9,0.0,24.0,1.0,0.07913984375000001
1496,2024-11-24 17:38:53.453,49.877,48.26531,25.905056,101.299,425.256,-121.2,-89.9,0.0,24.0,1.0,0.07913984375000001
1497,2024-11-24 17:38:53.487,49.911,48.265303,25.905036,101.287,425.244,-121.2,-89.9,0.0,24.0,1.0,0.07913046875
1498,2024-11-24 17:38:53.520,49.944,48.265303,25.905036,101.287,425.244,-121.2,-89.9,0.0,24.0,1.0,0.07913046875
1499,2024-11-24 17:38:53.554,49.978,48.265303,25.905036,101.287,425.244,-121.2,-89.9,0.0,24.0,1.0,0.07913046875
1500,2024-11-24 17:38:53.586,50.01,48.265295,25.905016,101.291,425.247,-121.2,-89.9,0.0,24.0,1.0,0.07913359375
1501,2024-11-24 17:38:53.623,50.047,48.265295,25.905016,101.291,425.247,-121.2,-89.9,0.0,24.0,1.0,0.07913359375
1502,2024-11-24 17:38:53.654,50.078,48.265295,25.905016,101.291,425.247,-121.2,-89.9,0.0,24.0,1.0,0.07913359375
1503,2024-11-24 17:38:53.686,50.11,48.265288,25.904996,101.3,425.256,-121.2,-90.0,0.0,24.0,1.0,0.07914062499999999
1504,2024-11-24 17:38:53.720,50.144,48.265288,25.904996,101.3,425.256,-121.2,-90.0,0.0,24.0,1.0,0.07914062499999999
1505,2024-11-24 17:38:53.754,50.178,48.265288,25.904996,101.3,425.256,-121.2,-90.0,0.0,24.0,1.0,0.07914062499999999
1506,2024-11-24 17:38:53.786,50.21,48.26528,25.904976,101.313,425.269,-121.2,-89.9,0.0,24.0,1.0,0.07915078125000001
1507,2024-11-24 17:38:53.823,50.247,48.26528,25.904976,101.313,425.269,-121.2,-89.9,0.0,24.0,1.0,0.07915078125000001
1508,2024-11-24 17:38:53.853,50.277,48.26528,25.904976,101.313,425.269,-121.2,-89.9,0.0,24.0,1.0,0.07915078125000001
1509,2024-11-24 17:38:53.886,50.31,48.265272,25.904956,101.327,425.284,-121.2,-90.0,0.0,24.0,1.0,0.07916171875
1510,2024-11-24 17:38:53.920,50.344,48.265272,25.904956,101.327,425.284,-121.2,-90.0,0.0,24.0,1.0,0.07916171875
1511,2024-11-24 17:38:53.954,50.378,48.265272,25.904956,101.327,425.284,-121.2,-90.0,0.0,24.0,1.0,0.07916171875
1512,2024-11-24 17:38:53.987,50.411,48.265265,25.904936,101.343,425.299,-121.2,-89.9,0.0,24.0,1.0,0.07917421875
1513,2024-11-24 17:38:54.023,50.447,48.265265,25.904936,101.343,425.299,-121.2,-89.9,0.0,24.0,1.0,0.07917421875
1514,2024-11-24 17:38:54.054,50.478,48.265265,25.904936,101.343,425.299,-121.2,-89.9,0.0,24.0,1.0,0.07917421875
1515,2024-11-24 17:38:54.087,50.511,48.265257,25.904915,101.358,425.315,-121.2,-90.0,0.0,24.0,1.0,0.0791859375
1516,2024-11-24 17:38:54.120,50.544,48.265257,25.904915,101.358,425.315,-121.2,-90.0,0.0,24.0,1.0,0.0791859375
1517,2024-11-24 17:38:54.153,50.577,48.265257,25.904915,101.358,425.315,-121.2,-90.0,0.0,24.0,1.0,0.0791859375
1518,2024-11-24 17:38:54.187,50.611,48.265249,25.904895,101.374,425.331,-121.8,-90.0,0.0,24.0,1.0,0.07919843749999998
1519,2024-11-24 17:38:54.224,50.648,48.265249,25.904895,101.374,425.331,-121.8,-90.0,0.0,24.0,1.0,0.07919843749999998
1520,2024-11-24 17:38:54.254,50.678,48.265249,25.904895,101.374,425.331,-121.8,-90.0,0.0,24.0,1.0,0.07919843749999998
1521,2024-11-24 17:38:54.288,50.712,48.265241,25.904875,101.391,425.348,-123.4,-90.0,0.0,24.0,1.0,0.07921171875000001
1522,2024-11-24 17:38:54.322,50.746,48.265241,25.904875,101.391,425.348,-123.4,-90.0,0.0,24.0,1.0,0.07921171875000001
1523,2024-11-24 17:38:54.354,50.778,48.265241,25.904875,101.391,425.348,-123.4,-90.0,0.0,24.0,1.0,0.07921171875000001
1524,2024-11-24 17:38:54.389,50.813,48.265232,25.904855,101.412,425.369,-124.6,-90.0,0.0,24.0,1.0,0.079228125
1525,2024-11-24 17:38:54.424,50.848,48.265232,25.904855,101.412,425.369,-124.6,-90.0,0.0,24.0,1.0,0.079228125
1526,2024-11-24 17:38:54.454,50.878,48.265232,25.904855,101.412,425.369,-124.6,-90.0,0.0,24.0,1.0,0.079228125
1527,2024-11-24 17:38:54.487,50.911,48.265224,25.904836,101.469,425.426,-124.6,-89.9,0.0,24.0,1.0,0.07927265624999999
1528,2024-11-24 17:38:54.521,50.945,48.265224,25.904836,101.469,425.426,-124.6,-89.9,0.0,24.0,1.0,0.07927265624999999
1529,2024-11-24 17:38:54.555,50.979,48.265224,25.904836,101.469,425.426,-124.6,-89.9,0.0,24.0,1.0,0.07927265624999999
1530,2024-11-24 17:38:54.587,51.011,48.265215,25.904817,101.533,425.489,-124.6,-90.0,0.0,24.0,1.0,0.07932265625
1531,2024-11-24 17:38:54.622,51.046,48.265215,25.904817,101.533,425.489,-124.6,-90.0,0.0,24.0,1.0,0.07932265625
1532,2024-11-24 17:38:54.655,51.079,48.265215,25.904817,101.533,425.489,-124.6,-90.0,0.0,24.0,1.0,0.07932265625
1533,2024-11-24 17:38:54.688,51.112,48.265206,25.904798,101.528,425.485,-124.6,-90.0,0.0,24.0,1.0,0.07931875000000001
1534,2024-11-24 17:38:54.722,51.146,48.265206,25.904798,101.528,425.485,-124.6,-90.0,0.0,24.0,1.0,0.07931875000000001
1535,2024-11-24 17:38:54.754,51.178,48.265206,25.904798,101.528,425.485,-124.6,-90.0,0.0,24.0,1.0,0.07931875000000001
1536,2024-11-24 17:38:54.789,51.213,48.265197,25.90478,101.512,425.468,-124.6,-90.0,0.0,24.0,1.0,0.07930625
1537,2024-11-24 17:38:54.823,51.247,48.265197,25.90478,101.512,425.468,-124.6,-90.0,0.0,24.0,1.0,0.07930625
1538,2024-11-24 17:38:54.854,51.278,48.265197,25.90478,101.512,425.468,-124.6,-90.0,0.0,24.0,1.0,0.07930625
1539,2024-11-24 17:38:54.888,51.312,48.265188,25.904761,101.504,425.46,-124.6,-89.9,0.0,24.0,1.0,0.0793
1540,2024-11-24 17:38:54.922,51.346,48.265188,25.904761,101.504,425.46,-124.6,-89.9,0.0,24.0,1.0,0.0793
1541,2024-11-24 17:38:54.955,51.379,48.265188,25.904761,101.504,425.46,-124.6,-89.9,0.0,24.0,1.0,0.0793
1542,2024-11-24 17:38:54.988,51.412,48.265179,25.904742,101.492,425.448,-124.6,-89.9,0.0,24.0,1.0,0.079290625
1543,2024-11-24 17:38:55.023,51.447,48.265179,25.904742,101.492,425.448,-124.6,-89.9,0.0,24.0,1.0,0.079290625
1544,2024-11-24 17:38:55.055,51.479,48.265179,25.904742,101.492,425.448,-124.6,-89.9,0.0,24.0,1.0,0.079290625
1545,2024-11-24 17:38:55.088,51.512,48.26517,25.904724,101.472,425.429,-124.6,-90.0,0.0,24.0,1.0,0.079275
1546,2024-11-24 17:38:55.122,51.546,48.26517,25.904724,101.472,425.429,-124.6,-90.0,0.0,24.0,1.0,0.079275
1547,2024-11-24 17:38:55.155,51.579,48.26517,25.904724,101.472,425.429,-124.6,-90.0,0.0,24.0,1.0,0.079275
1548,2024-11-24 17:38:55.189,51.613,48.265161,25.904705,101.456,425.413,-124.6,-90.0,0.0,24.0,1.0,0.0792625
1549,2024-11-24 17:38:55.224,51.648,48.265161,25.904705,101.456,425.413,-124.6,-90.0,0.0,24.0,1.0,0.0792625
1550,2024-11-24 17:38:55.255,51.679,48.265161,25.904705,101.456,425.413,-124.6,-90.0,0.0,24.0,1.0,0.0792625
1551,2024-11-24 17:38:55.288,51.712,48.265152,25.904685,101.446,425.403,-124.6,-90.0,0.0,24.0,1.0,0.07925468749999999
1552,2024-11-24 17:38:55.322,51.746,48.265152,25.904685,101.446,425.403,-124.6,-90.0,0.0,24.0,1.0,0.07925468749999999
1553,2024-11-24 17:38:55.356,51.78,48.265152,25.904685,101.446,425.403,-124.6,-90.0,0.0,24.0,1.0,0.07925468749999999
1554,2024-11-24 17:38:55.388,51.812,48.265143,25.904666,101.442,425.399,-124.6,-90.0,0.0,24.0,1.0,0.0792515625
1555,2024-11-24 17:38:55.424,51.848,48.265143,25.904666,101.442,425.399,-124.6,-90.0,0.0,24.0,1.0,0.0792515625
1556,2024-11-24 17:38:55.456,51.88,48.265143,25.904666,101.442,425.399,-124.6,-90.0,0.0,24.0,1.0,0.0792515625
1557,2024-11-24 17:38:55.489,51.913,48.265134,25.904646,101.436,425.392,-124.6,-90.0,0.0,24.0,1.0,0.079246875
1558,2024-11-24 17:38:55.523,51.947,48.265134,25.904646,101.436,425.392,-124.6,-90.0,0.0,24.0,1.0,0.079246875
1559,2024-11-24 17:38:55.555,51.979,48.265134,25.904646,101.436,425.392,-124.6,-90.0,0.0,24.0,1.0,0.079246875
1560,2024-11-24 17:38:55.589,52.013,48.265125,25.904626,101.437,425.394,-124.6,-90.0,0.0,24.0,1.0,0.07924765624999999
1561,2024-11-24 17:38:55.623,52.047,48.265125,25.904626,101.437,425.394,-124.6,-90.0,0.0,24.0,1.0,0.07924765624999999
1562,2024-11-24 17:38:55.655,52.079,48.265125,25.904626,101.437,425.394,-124.6,-90.0,0.0,24.0,1.0,0.07924765624999999
1563,2024-11-24 17:38:55.688,52.112,48.265115,25.904606,101.444,425.401,-124.6,-90.0,0.0,24.0,1.0,0.079253125
1564,2024-11-24 17:38:55.722,52.146,48.265115,25.904606,101.444,425.401,-124.6,-90.0,0.0,24.0,1.0,0.079253125
1565,2024-11-24 17:38:55.755,52.179,48.265115,25.904606,101.444,425.401,-124.6,-90.0,0.0,24.0,1.0,0.079253125
1566,2024-11-24 17:38:55.790,52.214,48.265106,25.904586,101.453,425.41,-124.6,-89.9,0.0,24.0,1.0,0.07926015625
1567,2024-11-24 17:38:55.823,52.247,48.265106,25.904586,101.453,425.41,-124.6,-89.9,0.0,24.0,1.0,0.07926015625
1568,2024-11-24 17:38:55.855,52.279,48.265106,25.904586,101.453,425.41,-124.6,-89.9,0.0,24.0,1.0,0.07926015625
1569,2024-11-24 17:38:55.888,52.312,48.265097,25.904566,101.461,425.417,-124.6,-89.9,0.0,24.0,1.0,0.07926640624999999
1570,2024-11-24 17:38:55.922,52.346,48.265097,25.904566,101.461,425.417,-124.6,-89.9,0.0,24.0,1.0,0.07926640624999999
1571,2024-11-24 17:38:55.956,52.38,48.265097,25.904566,101.461,425.417,-124.6,-89.9,0.0,24.0,1.0,0.07926640624999999
1572,2024-11-24 17:38:55.990,52.414,48.265088,25.904546,101.468,425.425,-124.6,-89.9,0.0,24.0,1.0,0.079271875
1573,2024-11-24 17:38:56.025,52.449,48.265088,25.904546,101.468,425.425,-124.6,-89.9,0.0,24.0,1.0,0.079271875
1574,2024-11-24 17:38:56.055,52.479,48.265088,25.904546,101.468,425.425,-124.6,-89.9,0.0,24.0,1.0,0.079271875
1575,2024-11-24 17:38:56.090,52.514,48.265079,25.904526,101.471,425.427,-124.6,-89.9,0.0,24.0,1.0,0.07927421875
1576,2024-11-24 17:38:56.123,52.547,48.265079,25.904526,101.471,425.427,-124.6,-89.9,0.0,24.0,1.0,0.07927421875
1577,2024-11-24 17:38:56.156,52.58,48.265079,25.904526,101.471,425.427,-124.6,-89.9,0.0,24.0,1.0,0.07927421875
1578,2024-11-24 17:38:56.189,52.613,48.265069,25.904506,101.471,425.428,-124.6,-89.9,0.0,24.0,1.0,0.07927421875
1579,2024-11-24 17:38:56.224,52.648,48.265069,25.904506,101.471,425.428,-124.6,-89.9,0.0,24.0,1.0,0.07927421875
1580,2024-11-24 17:38:56.255,52.679,48.265069,25.904506,101.471,425.428,-124.6,-89.9,0.0,24.0,1.0,0.07927421875
1581,2024-11-24 17:38:56.289,52.713,48.265059,25.904485,101.474,425.431,-124.6,-89.9,0.0,24.0,1.0,0.07927656250000001
1582,2024-11-24 17:38:56.323,52.747,48.265059,25.904485,101.474,425.431,-124.6,-89.9,0.0,24.0,1.0,0.07927656250000001
1583,2024-11-24 17:38:56.356,52.78,48.265059,25.904485,101.474,425.431,-124.6,-89.9,0.0,24.0,1.0,0.07927656250000001
1584,2024-11-24 17:38:56.390,52.814,48.265051,25.904465,101.477,425.433,-124.6,-90.0,0.0,24.0,1.0,0.07927890625000002
1585,2024-11-24 17:38:56.425,52.849,48.265051,25.904465,101.477,425.433,-124.6,-90.0,0.0,24.0,1.0,0.07927890625000002
1586,2024-11-24 17:38:56.456,52.88,48.265051,25.904465,101.477,425.433,-124.6,-90.0,0.0,24.0,1.0,0.07927890625000002
1587,2024-11-24 17:38:56.490,52.914,48.265041,25.904445,101.481,425.438,-124.6,-90.0,0.0,24.0,1.0,0.07928203125
1588,2024-11-24 17:38:56.523,52.947,48.265041,25.904445,101.481,425.438,-124.6,-90.0,0.0,24.0,1.0,0.07928203125
1589,2024-11-24 17:38:56.556,52.98,48.265041,25.904445,101.481,425.438,-124.6,-90.0,0.0,24.0,1.0,0.07928203125
1590,2024-11-24 17:38:56.589,53.013,48.265032,25.904424,101.481,425.438,-124.6,-90.0,0.0,24.0,1.0,0.07928203125
1591,2024-11-24 17:38:56.626,53.05,48.265032,25.904424,101.481,425.438,-124.6,-90.0,0.0,24.0,1.0,0.07928203125
1592,2024-11-24 17:38:56.657,53.081,48.265032,25.904424,101.481,425.438,-124.6,-90.0,0.0,24.0,1.0,0.07928203125
1593,2024-11-24 17:38:56.689,53.113,48.265022,25.904404,101.482,425.439,-124.6,-90.0,0.0,24.0,1.0,0.07928281250000001
1594,2024-11-24 17:38:56.723,53.147,48.265022,25.904404,101.482,425.439,-124.6,-90.0,0.0,24.0,1.0,0.07928281250000001
1595,2024-11-24 17:38:56.757,53.181,48.265022,25.904404,101.482,425.439,-124.6,-90.0,0.0,24.0,1.0,0.07928281250000001
1596,2024-11-24 17:38:56.790,53.214,48.265013,25.904383,101.474,425.431,-127.3,-90.0,0.0,24.0,1.0,0.07927656250000001
1597,2024-11-24 17:38:56.825,53.249,48.265013,25.904383,101.474,425.431,-127.3,-90.0,0.0,24.0,1.0,0.07927656250000001
1598,2024-11-24 17:38:56.856,53.28,48.265013,25.904383,101.474,425.431,-127.3,-90.0,0.0,24.0,1.0,0.07927656250000001
1599,2024-11-24 17:38:56.889,53.313,48.265003,25.904363,101.447,425.403,-132.8,-90.0,0.0,24.0,1.0,0.07925546875
1600,2024-11-24 17:38:56.925,53.349,48.265003,25.904363,101.447,425.403,-132.8,-90.0,0.0,24.0,1.0,0.07925546875
1601,2024-11-24 17:38:56.957,53.381,48.265003,25.904363,101.447,425.403,-132.8,-90.0,0.0,24.0,1.0,0.07925546875
1602,2024-11-24 17:38:56.990,53.414,48.264993,25.904343,101.452,425.409,-134.9,-90.0,0.0,24.0,1.0,0.07925937499999999
1603,2024-11-24 17:38:57.023,53.447,48.264993,25.904343,101.452,425.409,-134.9,-90.0,0.0,24.0,1.0,0.07925937499999999
1604,2024-11-24 17:38:57.056,53.48,48.264993,25.904343,101.452,425.409,-134.9,-90.0,0.0,24.0,1.0,0.07925937499999999
1605,2024-11-24 17:38:57.090,53.514,48.264983,25.904324,101.536,425.492,-134.9,-90.0,0.0,24.0,1.0,0.079325
1606,2024-11-24 17:38:57.124,53.548,48.264983,25.904324,101.536,425.492,-134.9,-90.0,0.0,24.0,1.0,0.079325
1607,2024-11-24 17:38:57.157,53.581,48.264983,25.904324,101.536,425.492,-134.9,-90.0,0.0,24.0,1.0,0.079325
1608,2024-11-24 17:38:57.191,53.615,48.264973,25.904306,101.603,425.56,-134.9,-89.9,0.0,24.0,1.0,0.07937734375
1609,2024-11-24 17:38:57.223,53.647,48.264973,25.904306,101.603,425.56,-134.9,-89.9,0.0,24.0,1.0,0.07937734375
1610,2024-11-24 17:38:57.257,53.681,48.264973,25.904306,101.603,425.56,-134.9,-89.9,0.0,24.0,1.0,0.07937734375
1611,2024-11-24 17:38:57.290,53.714,48.264962,25.904288,101.606,425.562,-134.9,-90.0,0.0,24.0,1.0,0.07937968749999999
1612,2024-11-24 17:38:57.325,53.749,48.264962,25.904288,101.606,425.562,-134.9,-90.0,0.0,24.0,1.0,0.07937968749999999
1613,2024-11-24 17:38:57.357,53.781,48.264962,25.904288,101.606,425.562,-134.9,-90.0,0.0,24.0,1.0,0.07937968749999999
1614,2024-11-24 17:38:57.392,53.816,48.264951,25.904271,101.608,425.564,-135.1,-89.9,0.0,24.0,1.0,0.07938125
1615,2024-11-24 17:38:57.423,53.847,48.264951,25.904271,101.608,425.564,-135.1,-89.9,0.0,24.0,1.0,0.07938125
1616,2024-11-24 17:38:57.457,53.881,48.264951,25.904271,101.608,425.564,-135.1,-89.9,0.0,24.0,1.0,0.07938125
1617,2024-11-24 17:38:57.491,53.915,48.264941,25.904255,101.619,425.576,-134.9,-89.9,0.0,24.0,1.0,0.07938984375
1618,2024-11-24 17:38:57.524,53.948,48.264941,25.904255,101.619,425.576,-134.9,-89.9,0.0,24.0,1.0,0.07938984375
1619,2024-11-24 17:38:57.557,53.981,48.264941,25.904255,101.619,425.576,-134.9,-89.9,0.0,24.0,1.0,0.07938984375
1620,2024-11-24 17:38:57.590,54.014,48.26493,25.904238,101.608,425.564,-134.9,-90.0,0.0,24.0,1.0,0.07938125
1621,2024-11-24 17:38:57.624,54.048,48.26493,25.904238,101.608,425.564,-134.9,-90.0,0.0,24.0,1.0,0.07938125
1622,2024-11-24 17:38:57.657,54.081,48.26493,25.904238,101.608,425.564,-134.9,-90.0,0.0,24.0,1.0,0.07938125
1623,2024-11-24 17:38:57.691,54.115,48.264919,25.904222,101.581,425.537,-134.9,-89.9,0.0,24.0,1.0,0.07936015625
1624,2024-11-24 17:38:57.724,54.148,48.264919,25.904222,101.581,425.537,-134.9,-89.9,0.0,24.0,1.0,0.07936015625
1625,2024-11-24 17:38:57.758,54.182,48.264919,25.904222,101.581,425.537,-134.9,-89.9,0.0,24.0,1.0,0.07936015625
1626,2024-11-24 17:38:57.791,54.215,48.264907,25.904206,101.553,425.51,-134.9,-89.9,0.0,24.0,1.0,0.07933828125
1627,2024-11-24 17:38:57.824,54.248,48.264907,25.904206,101.553,425.51,-134.9,-89.9,0.0,24.0,1.0,0.07933828125
1628,2024-11-24 17:38:57.857,54.281,48.264907,25.904206,101.553,425.51,-134.9,-89.9,0.0,24.0,1.0,0.07933828125
1629,2024-11-24 17:38:57.891,54.315,48.264896,25.904189,101.522,425.479,-134.9,-89.9,0.0,24.0,1.0,0.0793140625
1630,2024-11-24 17:38:57.924,54.348,48.264896,25.904189,101.522,425.479,-134.9,-89.9,0.0,24.0,1.0,0.0793140625
1631,2024-11-24 17:38:57.957,54.381,48.264896,25.904189,101.522,425.479,-134.9,-89.9,0.0,24.0,1.0,0.0793140625
1632,2024-11-24 17:38:57.991,54.415,48.264884,25.904172,101.487,425.443,-134.9,-90.0,0.0,24.0,1.0,0.07928671875
1633,2024-11-24 17:38:58.024,54.448,48.264884,25.904172,101.487,425.443,-134.9,-90.0,0.0,24.0,1.0,0.07928671875
1634,2024-11-24 17:38:58.058,54.482,48.264884,25.904172,101.487,425.443,-134.9,-90.0,0.0,24.0,1.0,0.07928671875
1635,2024-11-24 17:38:58.091,54.515,48.264872,25.904156,101.455,425.411,-134.9,-89.9,0.0,24.0,1.0,0.07926171875
1636,2024-11-24 17:38:58.125,54.549,48.264872,25.904156,101.455,425.411,-134.9,-89.9,0.0,24.0,1.0,0.07926171875
1637,2024-11-24 17:38:58.159,54.583,48.264861,25.904139,101.409,425.366,-134.9,-89.9,0.0,24.0,1.0,0.07922578125
1638,2024-11-24 17:38:58.191,54.615,48.264861,25.904139,101.409,425.366,-134.9,-89.9,0.0,24.0,1.0,0.07922578125
1639,2024-11-24 17:38:58.227,54.651,48.264861,25.904139,101.409,425.366,-134.9,-89.9,0.0,24.0,1.0,0.07922578125
1640,2024-11-24 17:38:58.257,54.681,48.264861,25.904139,101.409,425.366,-134.9,-89.9,0.0,24.0,1.0,0.07922578125
1641,2024-11-24 17:38:58.291,54.715,48.264848,25.904121,101.355,425.312,-134.9,-90.0,0.0,24.0,1.0,0.07918359375
1642,2024-11-24 17:38:58.326,54.75,48.264848,25.904121,101.355,425.312,-134.9,-90.0,0.0,24.0,1.0,0.07918359375
1643,2024-11-24 17:38:58.358,54.782,48.264848,25.904121,101.355,425.312,-134.9,-90.0,0.0,24.0,1.0,0.07918359375
1644,2024-11-24 17:38:58.391,54.815,48.264837,25.904104,101.302,425.259,-134.9,-90.0,0.0,24.0,1.0,0.0791421875
1645,2024-11-24 17:38:58.425,54.849,48.264837,25.904104,101.302,425.259,-134.9,-90.0,0.0,24.0,1.0,0.0791421875
1646,2024-11-24 17:38:58.458,54.882,48.264837,25.904104,101.302,425.259,-134.9,-90.0,0.0,24.0,1.0,0.0791421875
1647,2024-11-24 17:38:58.492,54.916,48.264826,25.904087,101.251,425.208,-134.9,-90.0,0.0,24.0,1.0,0.07910234375000001
1648,2024-11-24 17:38:58.525,54.949,48.264826,25.904087,101.251,425.208,-134.9,-90.0,0.0,24.0,1.0,0.07910234375000001
1649,2024-11-24 17:38:58.559,54.983,48.264814,25.904069,101.192,425.149,-134.9,-90.0,0.0,24.0,1.0,0.07905625
1650,2024-11-24 17:38:58.592,55.016,48.264814,25.904069,101.192,425.149,-134.4,-90.0,0.0,24.0,1.0,0.07905625
1651,2024-11-24 17:38:58.624,55.048,48.264814,25.904069,101.192,425.149,-134.4,-90.0,0.0,24.0,1.0,0.07905625
1652,2024-11-24 17:38:58.658,55.082,48.264814,25.904069,101.192,425.149,-134.4,-90.0,0.0,24.0,1.0,0.07905625
1653,2024-11-24 17:38:58.691,55.115,48.264802,25.904052,101.186,425.143,-133.3,-90.0,0.0,24.0,1.0,0.07905156249999999
1654,2024-11-24 17:38:58.725,55.149,48.264802,25.904052,101.186,425.143,-133.3,-90.0,0.0,24.0,1.0,0.07905156249999999
1655,2024-11-24 17:38:58.758,55.182,48.264791,25.904034,101.248,425.205,-133.3,-90.0,0.0,24.0,1.0,0.0791
1656,2024-11-24 17:38:58.791,55.215,48.264791,25.904034,101.248,425.205,-132.9,-89.9,0.0,24.0,1.0,0.0791
1657,2024-11-24 17:38:58.826,55.25,48.264791,25.904034,101.248,425.205,-132.9,-89.9,0.0,24.0,1.0,0.0791
1658,2024-11-24 17:38:58.858,55.282,48.264791,25.904034,101.248,425.205,-132.9,-89.9,0.0,24.0,1.0,0.0791
1659,2024-11-24 17:38:58.892,55.316,48.264781,25.904016,101.387,425.343,-132.9,-89.9,0.0,24.0,1.0,0.07920859375
1660,2024-11-24 17:38:58.927,55.351,48.264781,25.904016,101.387,425.343,-132.9,-89.9,0.0,24.0,1.0,0.07920859375
1661,2024-11-24 17:38:58.959,55.383,48.264781,25.904016,101.387,425.343,-132.9,-89.9,0.0,24.0,1.0,0.07920859375
1662,2024-11-24 17:38:58.992,55.416,48.26477,25.903998,101.491,425.448,-132.7,-89.9,0.0,24.0,1.0,0.07928984375
1663,2024-11-24 17:38:59.026,55.45,48.26477,25.903998,101.491,425.448,-132.7,-89.9,0.0,24.0,1.0,0.07928984375
1664,2024-11-24 17:38:59.058,55.482,48.26477,25.903998,101.491,425.448,-132.7,-89.9,0.0,24.0,1.0,0.07928984375
1665,2024-11-24 17:38:59.092,55.516,48.26476,25.90398,101.476,425.432,-131.3,-90.0,0.0,24.0,1.0,0.079278125
1666,2024-11-24 17:38:59.126,55.55,48.26476,25.90398,101.476,425.432,-131.3,-90.0,0.0,24.0,1.0,0.079278125
1667,2024-11-24 17:38:59.159,55.583,48.26476,25.90398,101.476,425.432,-131.3,-90.0,0.0,24.0,1.0,0.079278125
1668,2024-11-24 17:38:59.193,55.617,48.26475,25.903962,101.497,425.454,-131.3,-90.0,0.0,24.0,1.0,0.07929453125
1669,2024-11-24 17:38:59.226,55.65,48.26475,25.903962,101.497,425.454,-131.3,-90.0,0.0,24.0,1.0,0.07929453125
1670,2024-11-24 17:38:59.259,55.683,48.26475,25.903962,101.497,425.454,-131.3,-90.0,0.0,24.0,1.0,0.07929453125
1671,2024-11-24 17:38:59.291,55.715,48.26474,25.903945,101.546,425.502,-131.3,-89.9,0.0,24.0,1.0,0.0793328125
1672,2024-11-24 17:38:59.326,55.75,48.26474,25.903945,101.546,425.502,-131.3,-89.9,0.0,24.0,1.0,0.0793328125
1673,2024-11-24 17:38:59.360,55.784,48.26474,25.903945,101.546,425.502,-131.3,-89.9,0.0,24.0,1.0,0.0793328125
1674,2024-11-24 17:38:59.393,55.817,48.26473,25.903927,101.569,425.526,-131.3,-89.9,0.0,24.0,1.0,0.07935078125
1675,2024-11-24 17:38:59.426,55.85,48.26473,25.903927,101.569,425.526,-131.3,-89.9,0.0,24.0,1.0,0.07935078125
1676,2024-11-24 17:38:59.459,55.883,48.26473,25.903927,101.569,425.526,-131.3,-89.9,0.0,24.0,1.0,0.07935078125
1677,2024-11-24 17:38:59.492,55.916,48.26472,25.90391,101.553,425.51,-131.3,-89.9,0.0,24.0,1.0,0.07933828125
1678,2024-11-24 17:38:59.526,55.95,48.26472,25.90391,101.553,425.51,-131.3,-89.9,0.0,24.0,1.0,0.07933828125
1679,2024-11-24 17:38:59.560,55.984,48.26471,25.903892,101.522,425.479,-131.3,-89.9,0.0,24.0,1.0,0.0793140625
1680,2024-11-24 17:38:59.592,56.016,48.26471,25.903892,101.522,425.479,-131.3,-90.0,0.0,24.0,1.0,0.0793140625
1681,2024-11-24 17:38:59.625,56.049,48.26471,25.903892,101.522,425.479,-131.3,-90.0,0.0,24.0,1.0,0.0793140625
1682,2024-11-24 17:38:59.659,56.083,48.2647,25.903875,101.497,425.453,-131.3,-90.0,0.0,24.0,1.0,0.07929453125
1683,2024-11-24 17:38:59.692,56.116,48.2647,25.903875,101.497,425.453,-131.3,-90.0,0.0,24.0,1.0,0.07929453125
1684,2024-11-24 17:38:59.727,56.151,48.2647,25.903875,101.497,425.453,-131.3,-90.0,0.0,24.0,1.0,0.07929453125
1685,2024-11-24 17:38:59.759,56.183,48.26469,25.903857,101.482,425.438,-131.3,-90.0,0.0,24.0,1.0,0.07928281250000001
1686,2024-11-24 17:38:59.792,56.216,48.26469,25.903857,101.482,425.438,-131.3,-90.0,0.0,24.0,1.0,0.07928281250000001
1687,2024-11-24 17:38:59.826,56.25,48.26469,25.903857,101.482,425.438,-131.3,-90.0,0.0,24.0,1.0,0.07928281250000001
1688,2024-11-24 17:38:59.860,56.284,48.26468,25.903839,101.47,425.426,-131.3,-90.0,0.0,24.0,1.0,0.07927343749999999
1689,2024-11-24 17:38:59.893,56.317,48.26468,25.903839,101.47,425.426,-131.3,-90.0,0.0,24.0,1.0,0.07927343749999999
1690,2024-11-24 17:38:59.926,56.35,48.26468,25.903839,101.47,425.426,-131.3,-90.0,0.0,24.0,1.0,0.07927343749999999
1691,2024-11-24 17:38:59.959,56.383,48.264669,25.903822,101.467,425.423,-131.3,-90.0,0.0,24.0,1.0,0.07927109375000001
1692,2024-11-24 17:38:59.993,56.417,48.264669,25.903822,101.467,425.423,-131.3,-89.9,0.0,24.0,1.0,0.07927109375000001
1693,2024-11-24 17:39:00.027,56.451,48.264669,25.903822,101.467,425.423,-131.3,-89.9,0.0,24.0,1.0,0.07927109375000001
1694,2024-11-24 17:39:00.060,56.484,48.264669,25.903822,101.467,425.423,-131.3,-89.9,0.0,24.0,1.0,0.07927109375000001
1695,2024-11-24 17:39:00.092,56.516,48.264659,25.903804,101.464,425.42,-131.3,-89.9,0.0,24.0,1.0,0.07926875
1696,2024-11-24 17:39:00.126,56.55,48.264659,25.903804,101.464,425.42,-131.3,-89.9,0.0,24.0,1.0,0.07926875
1697,2024-11-24 17:39:00.161,56.585,48.264649,25.903786,101.463,425.42,-131.3,-89.9,0.0,24.0,1.0,0.07926796875
1698,2024-11-24 17:39:00.194,56.618,48.264649,25.903786,101.463,425.42,-131.3,-89.9,0.0,24.0,1.0,0.07926796875
1699,2024-11-24 17:39:00.226,56.65,48.264649,25.903786,101.463,425.42,-131.3,-89.9,0.0,24.0,1.0,0.07926796875
1700,2024-11-24 17:39:00.260,56.684,48.264649,25.903786,101.463,425.42,-131.3,-89.9,0.0,24.0,1.0,0.07926796875
1701,2024-11-24 17:39:00.293,56.717,48.264638,25.903768,101.46,425.417,-131.3,-89.9,0.0,24.0,1.0,0.07926562499999999
1702,2024-11-24 17:39:00.327,56.751,48.264638,25.903768,101.46,425.417,-131.3,-89.9,0.0,24.0,1.0,0.07926562499999999
1703,2024-11-24 17:39:00.360,56.784,48.264629,25.903751,101.458,425.415,-131.3,-89.9,0.0,24.0,1.0,0.07926406250000001
1704,2024-11-24 17:39:00.394,56.818,48.264629,25.903751,101.458,425.415,-131.3,-89.9,0.0,24.0,1.0,0.07926406250000001
1705,2024-11-24 17:39:00.426,56.85,48.264629,25.903751,101.458,425.415,-131.3,-89.9,0.0,24.0,1.0,0.07926406250000001
1706,2024-11-24 17:39:00.460,56.884,48.264629,25.903751,101.458,425.415,-131.3,-89.9,0.0,24.0,1.0,0.07926406250000001
1707,2024-11-24 17:39:00.493,56.917,48.264618,25.903733,101.46,425.416,-131.3,-89.9,0.0,24.0,1.0,0.07926562499999999
1708,2024-11-24 17:39:00.527,56.951,48.264618,25.903733,101.46,425.416,-131.3,-89.9,0.0,24.0,1.0,0.07926562499999999
1709,2024-11-24 17:39:00.559,56.983,48.264608,25.903715,101.483,425.439,-131.3,-89.9,0.0,24.0,1.0,0.07928359375
1710,2024-11-24 17:39:00.594,57.018,48.264608,25.903715,101.483,425.439,-131.3,-89.9,0.0,24.0,1.0,0.07928359375
1711,2024-11-24 17:39:00.627,57.051,48.264608,25.903715,101.483,425.439,-131.3,-89.9,0.0,24.0,1.0,0.07928359375
1712,2024-11-24 17:39:00.660,57.084,48.264598,25.903698,101.495,425.452,-131.3,-89.9,0.0,24.0,1.0,0.07929296875
1713,2024-11-24 17:39:00.693,57.117,48.264598,25.903698,101.495,425.452,-131.4,-89.9,0.0,24.0,1.0,0.07929296875
1714,2024-11-24 17:39:00.727,57.151,48.264598,25.903698,101.495,425.452,-131.4,-89.9,0.0,24.0,1.0,0.07929296875
1715,2024-11-24 17:39:00.760,57.184,48.264598,25.903698,101.495,425.452,-131.4,-89.9,0.0,24.0,1.0,0.07929296875
1716,2024-11-24 17:39:00.793,57.217,48.264587,25.90368,101.503,425.46,-131.3,-90.0,0.0,24.0,1.0,0.07929921875
1717,2024-11-24 17:39:00.828,57.252,48.264587,25.90368,101.503,425.46,-131.3,-90.0,0.0,24.0,1.0,0.07929921875
1718,2024-11-24 17:39:00.860,57.284,48.264577,25.903662,101.517,425.473,-131.3,-90.0,0.0,24.0,1.0,0.07931015625
1719,2024-11-24 17:39:00.893,57.317,48.264577,25.903662,101.517,425.473,-131.3,-89.9,0.0,24.0,1.0,0.07931015625
1720,2024-11-24 17:39:00.927,57.351,48.264577,25.903662,101.517,425.473,-131.3,-89.9,0.0,24.0,1.0,0.07931015625
1721,2024-11-24 17:39:00.961,57.385,48.264567,25.903645,101.527,425.483,-131.3,-89.9,0.0,24.0,1.0,0.07931796875000001
1722,2024-11-24 17:39:00.993,57.417,48.264567,25.903645,101.527,425.483,-131.3,-89.9,0.0,24.0,1.0,0.07931796875000001
1723,2024-11-24 17:39:01.028,57.452,48.264567,25.903645,101.527,425.483,-131.3,-89.9,0.0,24.0,1.0,0.07931796875000001
1724,2024-11-24 17:39:01.061,57.485,48.264557,25.903627,101.53,425.487,-131.3,-89.9,0.0,24.0,1.0,0.0793203125
1725,2024-11-24 17:39:01.094,57.518,48.264557,25.903627,101.53,425.487,-131.3,-89.9,0.0,24.0,1.0,0.0793203125
1726,2024-11-24 17:39:01.128,57.552,48.264557,25.903627,101.53,425.487,-131.3,-89.9,0.0,24.0,1.0,0.0793203125
1727,2024-11-24 17:39:01.160,57.584,48.264557,25.903627,101.53,425.487,-131.3,-89.9,0.0,24.0,1.0,0.0793203125
1728,2024-11-24 17:39:01.194,57.618,48.264546,25.90361,101.538,425.495,-131.3,-89.9,0.0,24.0,1.0,0.07932656249999999
1729,2024-11-24 17:39:01.228,57.652,48.264546,25.90361,101.538,425.495,-131.3,-89.9,0.0,24.0,1.0,0.07932656249999999
1730,2024-11-24 17:39:01.260,57.684,48.264536,25.903592,101.541,425.498,-131.3,-89.9,0.0,24.0,1.0,0.07932890625
1731,2024-11-24 17:39:01.294,57.718,48.264536,25.903592,101.541,425.498,-131.3,-89.9,0.0,24.0,1.0,0.07932890625
1732,2024-11-24 17:39:01.327,57.751,48.264536,25.903592,101.541,425.498,-131.3,-89.9,0.0,24.0,1.0,0.07932890625
1733,2024-11-24 17:39:01.361,57.785,48.264526,25.903574,101.545,425.502,-131.3,-90.0,0.0,24.0,1.0,0.07933203125
1734,2024-11-24 17:39:01.394,57.818,48.264526,25.903574,101.545,425.502,-131.3,-90.0,0.0,24.0,1.0,0.07933203125
1735,2024-11-24 17:39:01.428,57.852,48.264526,25.903574,101.545,425.502,-131.3,-90.0,0.0,24.0,1.0,0.07933203125
1736,2024-11-24 17:39:01.461,57.885,48.264515,25.903557,101.545,425.501,-131.3,-90.0,0.0,24.0,1.0,0.07933203125
1737,2024-11-24 17:39:01.494,57.918,48.264515,25.903557,101.545,425.501,-131.3,-89.9,0.0,24.0,1.0,0.07933203125
1738,2024-11-24 17:39:01.528,57.952,48.264515,25.903557,101.545,425.501,-131.3,-89.9,0.0,24.0,1.0,0.07933203125
1739,2024-11-24 17:39:01.561,57.985,48.264515,25.903557,101.545,425.501,-131.3,-89.9,0.0,24.0,1.0,0.07933203125
1740,2024-11-24 17:39:01.594,58.018,48.264505,25.903539,101.547,425.504,-131.3,-89.9,0.0,24.0,1.0,0.07933359374999999
1741,2024-11-24 17:39:01.627,58.051,48.264505,25.903539,101.547,425.504,-131.3,-89.9,0.0,24.0,1.0,0.07933359374999999
1742,2024-11-24 17:39:01.661,58.085,48.264505,25.903539,101.547,425.504,-131.3,-89.9,0.0,24.0,1.0,0.07933359374999999
1743,2024-11-24 17:39:01.694,58.118,48.264495,25.903521,101.549,425.506,-131.3,-89.9,0.0,24.0,1.0,0.07933515625000001
1744,2024-11-24 17:39:01.728,58.152,48.264495,25.903521,101.549,425.506,-131.3,-89.9,0.0,24.0,1.0,0.07933515625000001
1745,2024-11-24 17:39:01.761,58.185,48.264484,25.903503,101.553,425.509,-131.3,-89.9,0.0,24.0,1.0,0.07933828125
1746,2024-11-24 17:39:01.794,58.218,48.264484,25.903503,101.553,425.509,-131.3,-89.9,0.0,24.0,1.0,0.07933828125
1747,2024-11-24 17:39:01.829,58.253,48.264484,25.903503,101.553,425.509,-131.3,-89.9,0.0,24.0,1.0,0.07933828125
1748,2024-11-24 17:39:01.861,58.285,48.264473,25.903485,101.558,425.514,-131.3,-89.9,0.0,24.0,1.0,0.07934218750000001
1749,2024-11-24 17:39:01.894,58.318,48.264473,25.903485,101.558,425.514,-131.3,-89.9,0.0,24.0,1.0,0.07934218750000001
1750,2024-11-24 17:39:01.928,58.352,48.264473,25.903485,101.558,425.514,-131.3,-89.9,0.0,24.0,1.0,0.07934218750000001
1751,2024-11-24 17:39:01.961,58.385,48.264463,25.903468,101.559,425.516,-131.3,-89.9,0.0,24.0,1.0,0.07934296875
1752,2024-11-24 17:39:01.995,58.419,48.264463,25.903468,101.559,425.516,-131.3,-90.0,0.0,24.0,1.0,0.07934296875
1753,2024-11-24 17:39:02.028,58.452,48.264463,25.903468,101.559,425.516,-131.3,-90.0,0.0,24.0,1.0,0.07934296875
1754,2024-11-24 17:39:02.061,58.485,48.264453,25.90345,101.558,425.515,-131.3,-90.0,0.0,24.0,1.0,0.07934218750000001
1755,2024-11-24 17:39:02.094,58.518,48.264453,25.90345,101.558,425.515,-131.3,-89.9,0.0,24.0,1.0,0.07934218750000001
1756,2024-11-24 17:39:02.128,58.552,48.264453,25.90345,101.558,425.515,-131.3,-89.9,0.0,24.0,1.0,0.07934218750000001
1757,2024-11-24 17:39:02.162,58.586,48.264442,25.903432,101.561,425.517,-131.3,-89.9,0.0,24.0,1.0,0.07934453125
1758,2024-11-24 17:39:02.194,58.618,48.264442,25.903432,101.561,425.517,-131.3,-89.9,0.0,24.0,1.0,0.07934453125
1759,2024-11-24 17:39:02.228,58.652,48.264442,25.903432,101.561,425.517,-131.3,-89.9,0.0,24.0,1.0,0.07934453125
1760,2024-11-24 17:39:02.261,58.685,48.264431,25.903414,101.56,425.517,-131.3,-89.9,0.0,24.0,1.0,0.07934375
1761,2024-11-24 17:39:02.295,58.719,48.264431,25.903414,101.56,425.517,-131.3,-89.9,0.0,24.0,1.0,0.07934375
1762,2024-11-24 17:39:02.328,58.752,48.264431,25.903414,101.56,425.517,-131.3,-89.9,0.0,24.0,1.0,0.07934375
1763,2024-11-24 17:39:02.362,58.786,48.264421,25.903396,101.567,425.524,-131.3,-89.9,0.0,24.0,1.0,0.07934921874999999
1764,2024-11-24 17:39:02.396,58.82,48.264421,25.903396,101.567,425.524,-131.3,-89.9,0.0,24.0,1.0,0.07934921874999999
1765,2024-11-24 17:39:02.429,58.853,48.264421,25.903396,101.567,425.524,-131.3,-89.9,0.0,24.0,1.0,0.07934921874999999
1766,2024-11-24 17:39:02.461,58.885,48.26441,25.903379,101.567,425.524,-131.3,-89.9,0.0,24.0,1.0,0.07934921874999999
1767,2024-11-24 17:39:02.494,58.918,48.26441,25.903379,101.567,425.524,-131.3,-89.9,0.0,24.0,1.0,0.07934921874999999
1768,2024-11-24 17:39:02.529,58.953,48.26441,25.903379,101.567,425.524,-131.3,-89.9,0.0,24.0,1.0,0.07934921874999999
1769,2024-11-24 17:39:02.563,58.987,48.2644,25.903361,101.575,425.532,-131.3,-89.9,0.0,24.0,1.0,0.07935546875
1770,2024-11-24 17:39:02.595,59.019,48.2644,25.903361,101.575,425.532,-131.3,-89.9,0.0,24.0,1.0,0.07935546875
1771,2024-11-24 17:39:02.629,59.053,48.2644,25.903361,101.575,425.532,-131.3,-89.9,0.0,24.0,1.0,0.07935546875
1772,2024-11-24 17:39:02.663,59.087,48.264389,25.903343,101.576,425.532,-131.3,-89.9,0.0,24.0,1.0,0.07935624999999999
1773,2024-11-24 17:39:02.695,59.119,48.264389,25.903343,101.576,425.532,-131.3,-89.9,0.0,24.0,1.0,0.07935624999999999
1774,2024-11-24 17:39:02.729,59.153,48.264389,25.903343,101.576,425.532,-131.3,-89.9,0.0,24.0,1.0,0.07935624999999999
1775,2024-11-24 17:39:02.762,59.186,48.264379,25.903325,101.567,425.523,-131.3,-89.9,0.0,24.0,1.0,0.07934921874999999
1776,2024-11-24 17:39:02.795,59.219,48.264379,25.903325,101.567,425.523,-131.3,-89.9,0.0,24.0,1.0,0.07934921874999999
1777,2024-11-24 17:39:02.828,59.252,48.264379,25.903325,101.567,425.523,-131.3,-89.9,0.0,24.0,1.0,0.07934921874999999
1778,2024-11-24 17:39:02.862,59.286,48.264368,25.903307,101.55,425.507,-131.3,-90.0,0.0,24.0,1.0,0.0793359375
1779,2024-11-24 17:39:02.896,59.32,48.264368,25.903307,101.55,425.507,-131.3,-90.0,0.0,24.0,1.0,0.0793359375
1780,2024-11-24 17:39:02.929,59.353,48.264368,25.903307,101.55,425.507,-131.3,-90.0,0.0,24.0,1.0,0.0793359375
1781,2024-11-24 17:39:02.963,59.387,48.264357,25.903289,101.536,425.493,-131.3,-89.9,0.0,24.0,1.0,0.079325
1782,2024-11-24 17:39:02.996,59.42,48.264357,25.903289,101.536,425.493,-131.3,-89.9,0.0,24.0,1.0,0.079325
1783,2024-11-24 17:39:03.029,59.453,48.264357,25.903289,101.536,425.493,-131.3,-89.9,0.0,24.0,1.0,0.079325
1784,2024-11-24 17:39:03.062,59.486,48.264347,25.90327,101.522,425.479,-131.3,-89.9,0.0,24.0,1.0,0.0793140625
1785,2024-11-24 17:39:03.095,59.519,48.264347,25.90327,101.522,425.479,-131.3,-89.9,0.0,24.0,1.0,0.0793140625
1786,2024-11-24 17:39:03.129,59.553,48.264347,25.90327,101.522,425.479,-131.3,-89.9,0.0,24.0,1.0,0.0793140625
1787,2024-11-24 17:39:03.162,59.586,48.264336,25.903252,101.51,425.467,-130.2,-90.0,0.0,24.0,1.0,0.07930468750000001
1788,2024-11-24 17:39:03.196,59.62,48.264336,25.903252,101.51,425.467,-130.2,-90.0,0.0,24.0,1.0,0.07930468750000001
1789,2024-11-24 17:39:03.229,59.653,48.264336,25.903252,101.51,425.467,-130.2,-90.0,0.0,24.0,1.0,0.07930468750000001
1790,2024-11-24 17:39:03.263,59.687,48.264325,25.903234,101.497,425.453,-128.0,-90.0,0.0,24.0,1.0,0.07929453125
1791,2024-11-24 17:39:03.297,59.721,48.264325,25.903234,101.497,425.453,-128.0,-90.0,0.0,24.0,1.0,0.07929453125
1792,2024-11-24 17:39:03.329,59.753,48.264325,25.903234,101.497,425.453,-128.0,-90.0,0.0,24.0,1.0,0.07929453125
1793,2024-11-24 17:39:03.363,59.787,48.264315,25.903215,101.506,425.462,-127.7,-90.0,0.0,24.0,1.0,0.0793015625
1794,2024-11-24 17:39:03.396,59.82,48.264315,25.903215,101.506,425.462,-127.7,-90.0,0.0,24.0,1.0,0.0793015625
1795,2024-11-24 17:39:03.429,59.853,48.264315,25.903215,101.506,425.462,-127.7,-90.0,0.0,24.0,1.0,0.0793015625
1796,2024-11-24 17:39:03.463,59.887,48.264305,25.903196,101.59,425.547,-127.7,-90.0,0.0,24.0,1.0,0.07936718749999999
1797,2024-11-24 17:39:03.496,59.92,48.264305,25.903196,101.59,425.547,-127.7,-90.0,0.0,24.0,1.0,0.07936718749999999
1798,2024-11-24 17:39:03.530,59.954,48.264305,25.903196,101.59,425.547,-127.7,-90.0,0.0,24.0,1.0,0.07936718749999999
1799,2024-11-24 17:39:03.564,59.988,48.264295,25.903178,101.614,425.57,-127.6,-89.9,0.0,24.0,1.0,0.07938593749999999
1800,2024-11-24 17:39:03.595,60.019,48.264295,25.903178,101.614,425.57,-127.6,-89.9,0.0,24.0,1.0,0.07938593749999999
1801,2024-11-24 17:39:03.629,60.053,48.264295,25.903178,101.614,425.57,-127.6,-89.9,0.0,24.0,1.0,0.07938593749999999
1802,2024-11-24 17:39:03.663,60.087,48.264285,25.903159,101.568,425.525,-124.9,-89.9,0.0,24.0,1.0,0.07935
1803,2024-11-24 17:39:03.696,60.12,48.264285,25.903159,101.568,425.525,-124.9,-89.9,0.0,24.0,1.0,0.07935
1804,2024-11-24 17:39:03.730,60.154,48.264285,25.903159,101.568,425.525,-124.9,-89.9,0.0,24.0,1.0,0.07935
1805,2024-11-24 17:39:03.763,60.187,48.264276,25.90314,101.517,425.473,-124.7,-90.0,0.0,24.0,1.0,0.07931015625
1806,2024-11-24 17:39:03.797,60.221,48.264276,25.90314,101.517,425.473,-124.7,-90.0,0.0,24.0,1.0,0.07931015625
1807,2024-11-24 17:39:03.829,60.253,48.264276,25.90314,101.517,425.473,-124.7,-90.0,0.0,24.0,1.0,0.07931015625
1808,2024-11-24 17:39:03.864,60.288,48.264267,25.903121,101.545,425.501,-124.7,-90.0,0.0,24.0,1.0,0.07933203125
1809,2024-11-24 17:39:03.896,60.32,48.264267,25.903121,101.545,425.501,-124.7,-90.0,0.0,24.0,1.0,0.07933203125
1810,2024-11-24 17:39:03.930,60.354,48.264267,25.903121,101.545,425.501,-124.7,-90.0,0.0,24.0,1.0,0.07933203125
1811,2024-11-24 17:39:03.963,60.387,48.264258,25.903102,101.548,425.505,-124.7,-89.9,0.0,24.0,1.0,0.079334375
1812,2024-11-24 17:39:03.996,60.42,48.264258,25.903102,101.548,425.505,-124.7,-89.9,0.0,24.0,1.0,0.079334375
1813,2024-11-24 17:39:04.030,60.454,48.264258,25.903102,101.548,425.505,-124.7,-89.9,0.0,24.0,1.0,0.079334375
1814,2024-11-24 17:39:04.063,60.487,48.26425,25.903083,101.523,425.48,-124.7,-89.9,0.0,24.0,1.0,0.07931484374999999
1815,2024-11-24 17:39:04.097,60.521,48.26425,25.903083,101.523,425.48,-124.7,-89.9,0.0,24.0,1.0,0.07931484374999999
1816,2024-11-24 17:39:04.130,60.554,48.26425,25.903083,101.523,425.48,-124.7,-89.9,0.0,24.0,1.0,0.07931484374999999
1817,2024-11-24 17:39:04.163,60.587,48.264241,25.903064,101.494,425.451,-124.7,-89.9,0.0,24.0,1.0,0.07929218749999999
1818,2024-11-24 17:39:04.197,60.621,48.264241,25.903064,101.494,425.451,-124.7,-89.9,0.0,24.0,1.0,0.07929218749999999
1819,2024-11-24 17:39:04.230,60.654,48.264241,25.903064,101.494,425.451,-124.7,-89.9,0.0,24.0,1.0,0.07929218749999999
1820,2024-11-24 17:39:04.264,60.688,48.264232,25.903044,101.469,425.425,-124.7,-89.9,0.0,24.0,1.0,0.07927265624999999
1821,2024-11-24 17:39:04.298,60.722,48.264232,25.903044,101.469,425.425,-124.7,-89.9,0.0,24.0,1.0,0.07927265624999999
1822,2024-11-24 17:39:04.330,60.754,48.264232,25.903044,101.469,425.425,-124.7,-89.9,0.0,24.0,1.0,0.07927265624999999
1823,2024-11-24 17:39:04.363,60.787,48.264224,25.903024,101.447,425.404,-122.3,-90.0,0.0,24.0,1.0,0.07925546875
1824,2024-11-24 17:39:04.397,60.821,48.264224,25.903024,101.447,425.404,-122.3,-90.0,0.0,24.0,1.0,0.07925546875
1825,2024-11-24 17:39:04.430,60.854,48.264224,25.903024,101.447,425.404,-122.3,-90.0,0.0,24.0,1.0,0.07925546875
1826,2024-11-24 17:39:04.464,60.888,48.264215,25.903005,101.391,425.348,-114.7,-90.0,0.0,24.0,1.0,0.07921171875000001
1827,2024-11-24 17:39:04.497,60.921,48.264215,25.903005,101.391,425.348,-114.7,-90.0,0.0,24.0,1.0,0.07921171875000001
1828,2024-11-24 17:39:04.531,60.955,48.264215,25.903005,101.391,425.348,-114.7,-90.0,0.0,24.0,1.0,0.07921171875000001
1829,2024-11-24 17:39:04.565,60.989,48.264207,25.902984,101.359,425.315,-109.7,-90.0,0.0,24.0,1.0,0.07918671875
1830,2024-11-24 17:39:04.597,61.021,48.264207,25.902984,101.359,425.315,-109.7,-90.0,0.0,24.0,1.0,0.07918671875
1831,2024-11-24 17:39:04.631,61.055,48.264207,25.902984,101.359,425.315,-109.7,-90.0,0.0,24.0,1.0,0.07918671875
1832,2024-11-24 17:39:04.664,61.088,48.264199,25.902964,101.327,425.283,-109.6,-90.0,0.0,24.0,1.0,0.07916171875
1833,2024-11-24 17:39:04.698,61.122,48.264199,25.902964,101.327,425.283,-109.6,-90.0,0.0,24.0,1.0,0.07916171875
1834,2024-11-24 17:39:04.731,61.155,48.264199,25.902964,101.327,425.283,-109.6,-90.0,0.0,24.0,1.0,0.07916171875
1835,2024-11-24 17:39:04.764,61.188,48.264192,25.902944,101.319,425.276,-109.5,-89.9,0.0,24.0,1.0,0.07915546875
1836,2024-11-24 17:39:04.798,61.222,48.264192,25.902944,101.319,425.276,-109.5,-89.9,0.0,24.0,1.0,0.07915546875
1837,2024-11-24 17:39:04.831,61.255,48.264192,25.902944,101.319,425.276,-109.5,-89.9,0.0,24.0,1.0,0.07915546875
1838,2024-11-24 17:39:04.864,61.288,48.264185,25.902923,101.277,425.233,-107.5,-89.9,0.0,24.0,1.0,0.07912265625
1839,2024-11-24 17:39:04.897,61.321,48.264185,25.902923,101.277,425.233,-107.5,-89.9,0.0,24.0,1.0,0.07912265625
1840,2024-11-24 17:39:04.931,61.355,48.264185,25.902923,101.277,425.233,-107.5,-89.9,0.0,24.0,1.0,0.07912265625
1841,2024-11-24 17:39:04.964,61.388,48.264179,25.902902,101.249,425.206,-107.1,-89.9,0.0,24.0,1.0,0.07910078124999999
1842,2024-11-24 17:39:04.997,61.421,48.264179,25.902902,101.249,425.206,-107.1,-89.9,0.0,24.0,1.0,0.07910078124999999
1843,2024-11-24 17:39:05.032,61.456,48.264179,25.902902,101.249,425.206,-107.1,-89.9,0.0,24.0,1.0,0.07910078124999999
1844,2024-11-24 17:39:05.065,61.489,48.264174,25.902881,101.248,425.205,-107.1,-89.9,0.0,24.0,1.0,0.0791
1845,2024-11-24 17:39:05.098,61.522,48.264174,25.902881,101.248,425.205,-107.1,-89.9,0.0,24.0,1.0,0.0791
1846,2024-11-24 17:39:05.131,61.555,48.264174,25.902881,101.248,425.205,-107.1,-89.9,0.0,24.0,1.0,0.0791
1847,2024-11-24 17:39:05.165,61.589,48.264169,25.90286,101.224,425.181,-107.1,-89.9,0.0,24.0,1.0,0.07908125
1848,2024-11-24 17:39:05.198,61.622,48.264169,25.90286,101.224,425.181,-107.1,-89.9,0.0,24.0,1.0,0.07908125
1849,2024-11-24 17:39:05.231,61.655,48.264169,25.90286,101.224,425.181,-107.1,-89.9,0.0,24.0,1.0,0.07908125
1850,2024-11-24 17:39:05.265,61.689,48.264165,25.902838,101.177,425.133,-107.1,-90.0,0.0,24.0,1.0,0.07904453125000001
1851,2024-11-24 17:39:05.297,61.721,48.264165,25.902838,101.177,425.133,-107.1,-90.0,0.0,24.0,1.0,0.07904453125000001
1852,2024-11-24 17:39:05.331,61.755,48.264165,25.902838,101.177,425.133,-107.1,-90.0,0.0,24.0,1.0,0.07904453125000001
1853,2024-11-24 17:39:05.365,61.789,48.26416,25.902817,101.159,425.116,-107.1,-89.9,0.0,24.0,1.0,0.07903046875000001
1854,2024-11-24 17:39:05.399,61.823,48.26416,25.902817,101.159,425.116,-107.1,-89.9,0.0,24.0,1.0,0.07903046875000001
1855,2024-11-24 17:39:05.431,61.855,48.26416,25.902817,101.159,425.116,-107.1,-89.9,0.0,24.0,1.0,0.07903046875000001
1856,2024-11-24 17:39:05.467,61.891,48.264156,25.902796,101.142,425.098,-107.1,-89.9,0.0,24.0,1.0,0.0790171875
1857,2024-11-24 17:39:05.498,61.922,48.264156,25.902796,101.142,425.098,-107.1,-89.9,0.0,24.0,1.0,0.0790171875
1858,2024-11-24 17:39:05.531,61.955,48.264156,25.902796,101.142,425.098,-107.1,-89.9,0.0,24.0,1.0,0.0790171875
1859,2024-11-24 17:39:05.568,61.992,48.264152,25.902774,101.114,425.071,-107.1,-90.0,0.0,24.0,1.0,0.0789953125
1860,2024-11-24 17:39:05.599,62.023,48.264152,25.902774,101.114,425.071,-107.1,-90.0,0.0,24.0,1.0,0.0789953125
1861,2024-11-24 17:39:05.631,62.055,48.264152,25.902774,101.114,425.071,-107.1,-90.0,0.0,24.0,1.0,0.0789953125
1862,2024-11-24 17:39:05.665,62.089,48.264148,25.902752,101.099,425.055,-107.1,-90.0,0.0,24.0,1.0,0.07898359375000001
1863,2024-11-24 17:39:05.698,62.122,48.264148,25.902752,101.099,425.055,-107.1,-90.0,0.0,24.0,1.0,0.07898359375000001
1864,2024-11-24 17:39:05.731,62.155,48.264148,25.902752,101.099,425.055,-107.1,-90.0,0.0,24.0,1.0,0.07898359375000001
1865,2024-11-24 17:39:05.765,62.189,48.264144,25.90273,101.092,425.048,-107.1,-90.0,0.0,24.0,1.0,0.078978125
1866,2024-11-24 17:39:05.799,62.223,48.264144,25.90273,101.092,425.048,-107.1,-90.0,0.0,24.0,1.0,0.078978125
1867,2024-11-24 17:39:05.832,62.256,48.264144,25.90273,101.092,425.048,-107.1,-90.0,0.0,24.0,1.0,0.078978125
1868,2024-11-24 17:39:05.865,62.289,48.26414,25.902707,101.096,425.053,-107.1,-89.9,0.0,24.0,1.0,0.07898125
1869,2024-11-24 17:39:05.898,62.322,48.26414,25.902707,101.096,425.053,-107.1,-89.9,0.0,24.0,1.0,0.07898125
1870,2024-11-24 17:39:05.932,62.356,48.26414,25.902707,101.096,425.053,-107.1,-89.9,0.0,24.0,1.0,0.07898125
1871,2024-11-24 17:39:05.965,62.389,48.264136,25.902684,101.104,425.061,-106.1,-90.0,0.0,24.0,1.0,0.0789875
1872,2024-11-24 17:39:05.999,62.423,48.264136,25.902684,101.104,425.061,-106.1,-90.0,0.0,24.0,1.0,0.0789875
1873,2024-11-24 17:39:06.033,62.457,48.264136,25.902684,101.104,425.061,-106.1,-90.0,0.0,24.0,1.0,0.0789875
1874,2024-11-24 17:39:06.066,62.49,48.264131,25.90266,101.081,425.038,-104.6,-89.9,0.0,24.0,1.0,0.07896953125
1875,2024-11-24 17:39:06.098,62.522,48.264131,25.90266,101.081,425.038,-104.6,-89.9,0.0,24.0,1.0,0.07896953125
1876,2024-11-24 17:39:06.132,62.556,48.264131,25.90266,101.081,425.038,-104.6,-89.9,0.0,24.0,1.0,0.07896953125
1877,2024-11-24 17:39:06.165,62.589,48.264127,25.902637,101.064,425.021,-104.5,-90.0,0.0,24.0,1.0,0.07895625
1878,2024-11-24 17:39:06.199,62.623,48.264127,25.902637,101.064,425.021,-104.5,-90.0,0.0,24.0,1.0,0.07895625
1879,2024-11-24 17:39:06.232,62.656,48.264127,25.902637,101.064,425.021,-104.5,-90.0,0.0,24.0,1.0,0.07895625
1880,2024-11-24 17:39:06.266,62.69,48.264123,25.902614,101.139,425.096,-104.5,-89.9,0.0,24.0,1.0,0.07901484375
1881,2024-11-24 17:39:06.301,62.725,48.264123,25.902614,101.139,425.096,-104.5,-89.9,0.0,24.0,1.0,0.07901484375
1882,2024-11-24 17:39:06.332,62.756,48.264123,25.902614,101.139,425.096,-104.5,-89.9,0.0,24.0,1.0,0.07901484375
1883,2024-11-24 17:39:06.366,62.79,48.26412,25.90259,101.157,425.114,-104.5,-89.9,0.0,24.0,1.0,0.07902890625
1884,2024-11-24 17:39:06.399,62.823,48.26412,25.90259,101.157,425.114,-104.5,-89.9,0.0,24.0,1.0,0.07902890625
1885,2024-11-24 17:39:06.432,62.856,48.26412,25.90259,101.157,425.114,-104.5,-89.9,0.0,24.0,1.0,0.07902890625
1886,2024-11-24 17:39:06.466,62.89,48.264116,25.902567,101.168,425.124,-104.5,-90.0,0.0,24.0,1.0,0.07903750000000001
1887,2024-11-24 17:39:06.499,62.923,48.264116,25.902567,101.168,425.124,-104.5,-90.0,0.0,24.0,1.0,0.07903750000000001
1888,2024-11-24 17:39:06.533,62.957,48.264116,25.902567,101.168,425.124,-104.5,-90.0,0.0,24.0,1.0,0.07903750000000001
1889,2024-11-24 17:39:06.566,62.99,48.264112,25.902544,101.17,425.127,-104.5,-90.0,0.0,24.0,1.0,0.07903906249999999
1890,2024-11-24 17:39:06.599,63.023,48.264112,25.902544,101.17,425.127,-104.5,-90.0,0.0,24.0,1.0,0.07903906249999999
1891,2024-11-24 17:39:06.632,63.056,48.264112,25.902544,101.17,425.127,-104.5,-90.0,0.0,24.0,1.0,0.07903906249999999
1892,2024-11-24 17:39:06.666,63.09,48.264109,25.90252,101.167,425.124,-104.5,-90.0,0.0,24.0,1.0,0.07903671875
1893,2024-11-24 17:39:06.701,63.125,48.264109,25.90252,101.167,425.124,-104.5,-90.0,0.0,24.0,1.0,0.07903671875
1894,2024-11-24 17:39:06.733,63.157,48.264109,25.90252,101.167,425.124,-104.5,-90.0,0.0,24.0,1.0,0.07903671875
1895,2024-11-24 17:39:06.766,63.19,48.264105,25.902497,101.163,425.12,-104.5,-89.9,0.0,24.0,1.0,0.07903359374999999
1896,2024-11-24 17:39:06.800,63.224,48.264105,25.902497,101.163,425.12,-104.5,-89.9,0.0,24.0,1.0,0.07903359374999999
1897,2024-11-24 17:39:06.833,63.257,48.264105,25.902497,101.163,425.12,-104.5,-89.9,0.0,24.0,1.0,0.07903359374999999
1898,2024-11-24 17:39:06.866,63.29,48.264101,25.902473,101.154,425.111,-103.3,-89.9,0.0,24.0,1.0,0.0790265625
1899,2024-11-24 17:39:06.900,63.324,48.264101,25.902473,101.154,425.111,-103.3,-89.9,0.0,24.0,1.0,0.0790265625
1900,2024-11-24 17:39:06.932,63.356,48.264101,25.902473,101.154,425.111,-103.3,-89.9,0.0,24.0,1.0,0.0790265625
1901,2024-11-24 17:39:06.966,63.39,48.264097,25.902449,101.121,425.077,-98.3,-89.9,0.0,24.0,1.0,0.07900078125
1902,2024-11-24 17:39:07.002,63.426,48.264097,25.902449,101.121,425.077,-98.3,-89.9,0.0,24.0,1.0,0.07900078125
1903,2024-11-24 17:39:07.032,63.456,48.264097,25.902449,101.121,425.077,-98.3,-89.9,0.0,24.0,1.0,0.07900078125
1904,2024-11-24 17:39:07.066,63.49,48.264093,25.902424,101.106,425.062,-96.8,-90.0,0.0,24.0,1.0,0.0789890625
1905,2024-11-24 17:39:07.102,63.526,48.264093,25.902424,101.106,425.062,-96.8,-90.0,0.0,24.0,1.0,0.0789890625
1906,2024-11-24 17:39:07.133,63.557,48.264093,25.902424,101.106,425.062,-96.8,-90.0,0.0,24.0,1.0,0.0789890625
1907,2024-11-24 17:39:07.166,63.59,48.26409,25.9024,101.131,425.088,-96.8,-89.9,0.0,24.0,1.0,0.07900859375000001
1908,2024-11-24 17:39:07.199,63.623,48.26409,25.9024,101.131,425.088,-96.8,-89.9,0.0,24.0,1.0,0.07900859375000001
1909,2024-11-24 17:39:07.233,63.657,48.26409,25.9024,101.131,425.088,-96.8,-89.9,0.0,24.0,1.0,0.07900859375000001
1910,2024-11-24 17:39:07.266,63.69,48.264088,25.902376,101.209,425.166,-96.8,-89.9,0.0,24.0,1.0,0.07906953125
1911,2024-11-24 17:39:07.299,63.723,48.264088,25.902376,101.209,425.166,-96.8,-89.9,0.0,24.0,1.0,0.07906953125
1912,2024-11-24 17:39:07.333,63.757,48.264088,25.902376,101.209,425.166,-96.8,-89.9,0.0,24.0,1.0,0.07906953125
1913,2024-11-24 17:39:07.368,63.792,48.264085,25.902352,101.219,425.176,-97.0,-89.9,0.0,24.0,1.0,0.07907734375
1914,2024-11-24 17:39:07.400,63.824,48.264085,25.902352,101.219,425.176,-97.0,-89.9,0.0,24.0,1.0,0.07907734375
1915,2024-11-24 17:39:07.434,63.858,48.264085,25.902352,101.219,425.176,-97.0,-89.9,0.0,24.0,1.0,0.07907734375
1916,2024-11-24 17:39:07.467,63.891,48.264083,25.902329,101.211,425.167,-96.8,-90.0,0.0,24.0,1.0,0.07907109375
1917,2024-11-24 17:39:07.500,63.924,48.264083,25.902329,101.211,425.167,-96.8,-90.0,0.0,24.0,1.0,0.07907109375
1918,2024-11-24 17:39:07.533,63.957,48.264083,25.902329,101.211,425.167,-96.8,-90.0,0.0,24.0,1.0,0.07907109375
1919,2024-11-24 17:39:07.567,63.991,48.264082,25.902305,101.204,425.161,-96.8,-89.9,0.0,24.0,1.0,0.07906562499999999
1920,2024-11-24 17:39:07.600,64.024,48.264082,25.902305,101.204,425.161,-96.8,-89.9,0.0,24.0,1.0,0.07906562499999999
1921,2024-11-24 17:39:07.633,64.057,48.264082,25.902305,101.204,425.161,-96.8,-89.9,0.0,24.0,1.0,0.07906562499999999
1922,2024-11-24 17:39:07.668,64.092,48.26408,25.902281,101.19,425.147,-96.8,-89.9,0.0,24.0,1.0,0.0790546875
1923,2024-11-24 17:39:07.700,64.124,48.26408,25.902281,101.19,425.147,-96.8,-89.9,0.0,24.0,1.0,0.0790546875
1924,2024-11-24 17:39:07.733,64.157,48.26408,25.902281,101.19,425.147,-96.8,-89.9,0.0,24.0,1.0,0.0790546875
1925,2024-11-24 17:39:07.767,64.191,48.264079,25.902257,101.149,425.106,-96.8,-89.9,0.0,24.0,1.0,0.07902265625
1926,2024-11-24 17:39:07.800,64.224,48.264079,25.902257,101.149,425.106,-96.8,-89.9,0.0,24.0,1.0,0.07902265625
1927,2024-11-24 17:39:07.834,64.258,48.264079,25.902257,101.149,425.106,-96.8,-89.9,0.0,24.0,1.0,0.07902265625
1928,2024-11-24 17:39:07.866,64.29,48.264078,25.902233,101.115,425.071,-96.8,-89.9,0.0,24.0,1.0,0.07899609375
1929,2024-11-24 17:39:07.899,64.323,48.264078,25.902233,101.115,425.071,-96.8,-89.9,0.0,24.0,1.0,0.07899609375
1930,2024-11-24 17:39:07.934,64.358,48.264078,25.902233,101.115,425.071,-96.8,-89.9,0.0,24.0,1.0,0.07899609375
1931,2024-11-24 17:39:07.967,64.391,48.264076,25.902208,101.089,425.045,-96.8,-89.9,0.0,24.0,1.0,0.07897578125
1932,2024-11-24 17:39:08.000,64.424,48.264076,25.902208,101.089,425.045,-96.8,-89.9,0.0,24.0,1.0,0.07897578125
1933,2024-11-24 17:39:08.034,64.458,48.264076,25.902208,101.089,425.045,-96.8,-89.9,0.0,24.0,1.0,0.07897578125
1934,2024-11-24 17:39:08.068,64.492,48.264075,25.902184,101.073,425.029,-96.8,-90.0,0.0,24.0,1.0,0.07896328125
1935,2024-11-24 17:39:08.101,64.525,48.264075,25.902184,101.073,425.029,-96.8,-90.0,0.0,24.0,1.0,0.07896328125
1936,2024-11-24 17:39:08.134,64.558,48.264075,25.902184,101.073,425.029,-96.8,-90.0,0.0,24.0,1.0,0.07896328125
1937,2024-11-24 17:39:08.168,64.592,48.264073,25.902159,101.062,425.019,-96.8,-90.0,0.0,24.0,1.0,0.0789546875
1938,2024-11-24 17:39:08.202,64.626,48.264073,25.902159,101.062,425.019,-96.8,-90.0,0.0,24.0,1.0,0.0789546875
1939,2024-11-24 17:39:08.234,64.658,48.264073,25.902159,101.062,425.019,-96.8,-90.0,0.0,24.0,1.0,0.0789546875
1940,2024-11-24 17:39:08.267,64.691,48.264072,25.902134,101.05,425.006,-96.8,-90.0,0.0,24.0,1.0,0.07894531249999999
1941,2024-11-24 17:39:08.302,64.726,48.264072,25.902134,101.05,425.006,-96.8,-90.0,0.0,24.0,1.0,0.07894531249999999
1942,2024-11-24 17:39:08.335,64.759,48.264072,25.902134,101.05,425.006,-96.8,-90.0,0.0,24.0,1.0,0.07894531249999999
1943,2024-11-24 17:39:08.368,64.792,48.26407,25.902109,101.038,424.995,-96.8,-90.0,0.0,24.0,1.0,0.0789359375
1944,2024-11-24 17:39:08.401,64.825,48.26407,25.902109,101.038,424.995,-96.8,-90.0,0.0,24.0,1.0,0.0789359375
1945,2024-11-24 17:39:08.434,64.858,48.26407,25.902109,101.038,424.995,-96.8,-90.0,0.0,24.0,1.0,0.0789359375
1946,2024-11-24 17:39:08.468,64.892,48.264068,25.902084,101.041,424.997,-96.8,-89.9,0.0,24.0,1.0,0.07893828124999999
1947,2024-11-24 17:39:08.500,64.924,48.264068,25.902084,101.041,424.997,-96.8,-89.9,0.0,24.0,1.0,0.07893828124999999
1948,2024-11-24 17:39:08.534,64.958,48.264068,25.902084,101.041,424.997,-96.8,-89.9,0.0,24.0,1.0,0.07893828124999999
1949,2024-11-24 17:39:08.567,64.991,48.264066,25.902059,101.052,425.008,-96.8,-89.9,0.0,24.0,1.0,0.078946875
1950,2024-11-24 17:39:08.602,65.026,48.264066,25.902059,101.052,425.008,-96.8,-89.9,0.0,24.0,1.0,0.078946875
1951,2024-11-24 17:39:08.633,65.057,48.264066,25.902059,101.052,425.008,-96.8,-89.9,0.0,24.0,1.0,0.078946875
1952,2024-11-24 17:39:08.667,65.091,48.264064,25.902033,101.068,425.024,-96.8,-90.0,0.0,24.0,1.0,0.078959375
1953,2024-11-24 17:39:08.700,65.124,48.264064,25.902033,101.068,425.024,-96.8,-90.0,0.0,24.0,1.0,0.078959375
1954,2024-11-24 17:39:08.734,65.158,48.264064,25.902033,101.068,425.024,-96.8,-90.0,0.0,24.0,1.0,0.078959375
1955,2024-11-24 17:39:08.768,65.192,48.264062,25.902008,101.081,425.038,-96.8,-90.0,0.0,24.0,1.0,0.07896953125
1956,2024-11-24 17:39:08.801,65.225,48.264062,25.902008,101.081,425.038,-96.8,-90.0,0.0,24.0,1.0,0.07896953125
1957,2024-11-24 17:39:08.834,65.258,48.264062,25.902008,101.081,425.038,-96.8,-90.0,0.0,24.0,1.0,0.07896953125
1958,2024-11-24 17:39:08.868,65.292,48.26406,25.901982,101.099,425.056,-96.8,-89.9,0.0,24.0,1.0,0.07898359375000001
1959,2024-11-24 17:39:08.902,65.326,48.26406,25.901982,101.099,425.056,-96.8,-89.9,0.0,24.0,1.0,0.07898359375000001
1960,2024-11-24 17:39:08.935,65.359,48.26406,25.901982,101.099,425.056,-96.8,-89.9,0.0,24.0,1.0,0.07898359375000001
1961,2024-11-24 17:39:08.970,65.394,48.264058,25.901956,101.112,425.069,-96.8,-89.9,0.0,24.0,1.0,0.07899375
1962,2024-11-24 17:39:09.002,65.426,48.264058,25.901956,101.112,425.069,-96.8,-89.9,0.0,24.0,1.0,0.07899375
1963,2024-11-24 17:39:09.034,65.458,48.264058,25.901956,101.112,425.069,-96.8,-89.9,0.0,24.0,1.0,0.07899375
1964,2024-11-24 17:39:09.068,65.492,48.264056,25.90193,101.123,425.08,-96.8,-89.9,0.0,24.0,1.0,0.07900234375000001
1965,2024-11-24 17:39:09.102,65.526,48.264056,25.90193,101.123,425.08,-96.8,-89.9,0.0,24.0,1.0,0.07900234375000001
1966,2024-11-24 17:39:09.134,65.558,48.264056,25.90193,101.123,425.08,-96.8,-89.9,0.0,24.0,1.0,0.07900234375000001
1967,2024-11-24 17:39:09.168,65.592,48.264054,25.901905,101.134,425.09,-96.8,-89.9,0.0,24.0,1.0,0.0790109375
1968,2024-11-24 17:39:09.202,65.626,48.264054,25.901905,101.134,425.09,-96.8,-89.9,0.0,24.0,1.0,0.0790109375
1969,2024-11-24 17:39:09.236,65.66,48.264054,25.901905,101.134,425.09,-96.8,-89.9,0.0,24.0,1.0,0.0790109375
1970,2024-11-24 17:39:09.268,65.692,48.264052,25.901879,101.127,425.083,-96.8,-90.0,0.0,24.0,1.0,0.07900546874999999
1971,2024-11-24 17:39:09.301,65.725,48.264052,25.901879,101.127,425.083,-96.8,-90.0,0.0,24.0,1.0,0.07900546874999999
1972,2024-11-24 17:39:09.335,65.759,48.264052,25.901879,101.127,425.083,-96.8,-90.0,0.0,24.0,1.0,0.07900546874999999
1973,2024-11-24 17:39:09.369,65.793,48.26405,25.901853,101.119,425.076,-96.8,-90.0,0.0,24.0,1.0,0.07899921874999999
1974,2024-11-24 17:39:09.403,65.827,48.26405,25.901853,101.119,425.076,-96.8,-90.0,0.0,24.0,1.0,0.07899921874999999
1975,2024-11-24 17:39:09.434,65.858,48.26405,25.901853,101.119,425.076,-96.8,-90.0,0.0,24.0,1.0,0.07899921874999999
1976,2024-11-24 17:39:09.470,65.894,48.264048,25.901827,101.111,425.067,-96.8,-90.0,0.0,24.0,1.0,0.07899296875
1977,2024-11-24 17:39:09.503,65.927,48.264048,25.901827,101.111,425.067,-96.8,-90.0,0.0,24.0,1.0,0.07899296875
1978,2024-11-24 17:39:09.535,65.959,48.264048,25.901827,101.111,425.067,-96.8,-90.0,0.0,24.0,1.0,0.07899296875
1979,2024-11-24 17:39:09.568,65.992,48.264046,25.901801,101.107,425.064,-96.8,-90.0,0.0,24.0,1.0,0.07898984375000001
1980,2024-11-24 17:39:09.602,66.026,48.264046,25.901801,101.107,425.064,-96.8,-90.0,0.0,24.0,1.0,0.07898984375000001
1981,2024-11-24 17:39:09.637,66.061,48.264046,25.901801,101.107,425.064,-96.8,-90.0,0.0,24.0,1.0,0.07898984375000001
1982,2024-11-24 17:39:09.669,66.093,48.264044,25.901775,101.103,425.059,-96.8,-90.0,0.0,24.0,1.0,0.07898671874999999
1983,2024-11-24 17:39:09.704,66.128,48.264044,25.901775,101.103,425.059,-96.8,-90.0,0.0,24.0,1.0,0.07898671874999999
1984,2024-11-24 17:39:09.735,66.159,48.264044,25.901775,101.103,425.059,-96.8,-90.0,0.0,24.0,1.0,0.07898671874999999
1985,2024-11-24 17:39:09.770,66.194,48.264042,25.901749,101.092,425.049,-96.8,-89.9,0.0,24.0,1.0,0.078978125
1986,2024-11-24 17:39:09.802,66.226,48.264042,25.901749,101.092,425.049,-96.8,-89.9,0.0,24.0,1.0,0.078978125
1987,2024-11-24 17:39:09.836,66.26,48.264042,25.901749,101.092,425.049,-96.8,-89.9,0.0,24.0,1.0,0.078978125
1988,2024-11-24 17:39:09.870,66.294,48.26404,25.901723,101.082,425.039,-96.8,-90.0,0.0,24.0,1.0,0.0789703125
1989,2024-11-24 17:39:09.903,66.327,48.26404,25.901723,101.082,425.039,-96.8,-90.0,0.0,24.0,1.0,0.0789703125
1990,2024-11-24 17:39:09.936,66.36,48.26404,25.901723,101.082,425.039,-96.8,-90.0,0.0,24.0,1.0,0.0789703125
1991,2024-11-24 17:39:09.970,66.394,48.264037,25.901696,101.07,425.027,-96.8,-90.0,0.0,24.0,1.0,0.0789609375
1992,2024-11-24 17:39:10.002,66.426,48.264037,25.901696,101.07,425.027,-96.8,-90.0,0.0,24.0,1.0,0.0789609375
1993,2024-11-24 17:39:10.036,66.46,48.264037,25.901696,101.07,425.027,-96.8,-90.0,0.0,24.0,1.0,0.0789609375
1994,2024-11-24 17:39:10.069,66.493,48.264035,25.90167,101.058,425.014,-96.8,-89.9,0.0,24.0,1.0,0.0789515625
1995,2024-11-24 17:39:10.102,66.526,48.264035,25.90167,101.058,425.014,-96.8,-89.9,0.0,24.0,1.0,0.0789515625
1996,2024-11-24 17:39:10.136,66.56,48.264035,25.90167,101.058,425.014,-96.8,-89.9,0.0,24.0,1.0,0.0789515625
1997,2024-11-24 17:39:10.168,66.592,48.264033,25.901644,101.042,424.998,-96.8,-89.9,0.0,24.0,1.0,0.07893906249999999
1998,2024-11-24 17:39:10.202,66.626,48.264033,25.901644,101.042,424.998,-96.8,-89.9,0.0,24.0,1.0,0.07893906249999999
1999,2024-11-24 17:39:10.236,66.66,48.264033,25.901644,101.042,424.998,-96.8,-89.9,0.0,24.0,1.0,0.07893906249999999
2000,2024-11-24 17:39:10.269,66.693,48.264031,25.901616,101.029,424.986,-96.8,-89.9,0.0,24.0,1.0,0.07892890625
2001,2024-11-24 17:39:10.303,66.727,48.264031,25.901616,101.029,424.986,-96.8,-89.9,0.0,24.0,1.0,0.07892890625
2002,2024-11-24 17:39:10.336,66.76,48.264031,25.901616,101.029,424.986,-96.8,-89.9,0.0,24.0,1.0,0.07892890625
2003,2024-11-24 17:39:10.369,66.793,48.264028,25.901591,101.012,424.969,-96.8,-89.9,0.0,24.0,1.0,0.078915625
2004,2024-11-24 17:39:10.403,66.827,48.264028,25.901591,101.012,424.969,-96.8,-89.9,0.0,24.0,1.0,0.078915625
2005,2024-11-24 17:39:10.436,66.86,48.264028,25.901591,101.012,424.969,-96.8,-89.9,0.0,24.0,1.0,0.078915625
2006,2024-11-24 17:39:10.469,66.893,48.264026,25.901565,100.996,424.953,-96.8,-90.0,0.0,24.0,1.0,0.078903125
2007,2024-11-24 17:39:10.505,66.929,48.264026,25.901565,100.996,424.953,-96.8,-90.0,0.0,24.0,1.0,0.078903125
2008,2024-11-24 17:39:10.536,66.96,48.264026,25.901565,100.996,424.953,-96.8,-90.0,0.0,24.0,1.0,0.078903125
2009,2024-11-24 17:39:10.570,66.994,48.264024,25.901538,100.985,424.942,-96.8,-89.9,0.0,24.0,1.0,0.07889453125
2010,2024-11-24 17:39:10.603,67.027,48.264024,25.901538,100.985,424.942,-96.8,-89.9,0.0,24.0,1.0,0.07889453125
2011,2024-11-24 17:39:10.636,67.06,48.264024,25.901538,100.985,424.942,-96.8,-89.9,0.0,24.0,1.0,0.07889453125
2012,2024-11-24 17:39:10.670,67.094,48.264022,25.901512,100.974,424.93,-96.8,-89.9,0.0,24.0,1.0,0.0788859375
2013,2024-11-24 17:39:10.704,67.128,48.264022,25.901512,100.974,424.93,-96.8,-89.9,0.0,24.0,1.0,0.0788859375
2014,2024-11-24 17:39:10.736,67.16,48.264022,25.901512,100.974,424.93,-96.8,-89.9,0.0,24.0,1.0,0.0788859375
2015,2024-11-24 17:39:10.770,67.194,48.26402,25.901485,100.97,424.927,-96.8,-90.0,0.0,24.0,1.0,0.0788828125
2016,2024-11-24 17:39:10.804,67.228,48.26402,25.901485,100.97,424.927,-96.8,-90.0,0.0,24.0,1.0,0.0788828125
2017,2024-11-24 17:39:10.836,67.26,48.26402,25.901485,100.97,424.927,-96.8,-90.0,0.0,24.0,1.0,0.0788828125
2018,2024-11-24 17:39:10.870,67.294,48.264017,25.901458,100.973,424.93,-96.8,-89.9,0.0,24.0,1.0,0.07888515624999999
2019,2024-11-24 17:39:10.902,67.326,48.264017,25.901458,100.973,424.93,-96.8,-89.9,0.0,24.0,1.0,0.07888515624999999
2020,2024-11-24 17:39:10.936,67.36,48.264017,25.901458,100.973,424.93,-96.8,-89.9,0.0,24.0,1.0,0.07888515624999999
2021,2024-11-24 17:39:10.971,67.395,48.264015,25.901431,100.982,424.939,-96.8,-89.9,0.0,24.0,1.0,0.0788921875
2022,2024-11-24 17:39:11.004,67.428,48.264015,25.901431,100.982,424.939,-96.8,-89.9,0.0,24.0,1.0,0.0788921875
2023,2024-11-24 17:39:11.036,67.46,48.264015,25.901431,100.982,424.939,-96.8,-89.9,0.0,24.0,1.0,0.0788921875
2024,2024-11-24 17:39:11.070,67.494,48.264013,25.901405,100.995,424.951,-96.9,-89.9,0.0,24.0,1.0,0.07890234375
2025,2024-11-24 17:39:11.105,67.529,48.264013,25.901405,100.995,424.951,-96.9,-89.9,0.0,24.0,1.0,0.07890234375
2026,2024-11-24 17:39:11.136,67.56,48.264013,25.901405,100.995,424.951,-96.9,-89.9,0.0,24.0,1.0,0.07890234375
2027,2024-11-24 17:39:11.171,67.595,48.26401,25.901378,100.994,424.951,-98.0,-90.0,0.0,24.0,1.0,0.0789015625
2028,2024-11-24 17:39:11.204,67.628,48.26401,25.901378,100.994,424.951,-98.0,-90.0,0.0,24.0,1.0,0.0789015625
2029,2024-11-24 17:39:11.237,67.661,48.26401,25.901378,100.994,424.951,-98.0,-90.0,0.0,24.0,1.0,0.0789015625
2030,2024-11-24 17:39:11.270,67.694,48.264008,25.901351,101.015,424.971,-100.0,-90.0,0.0,24.0,1.0,0.07891796875
2031,2024-11-24 17:39:11.305,67.729,48.264008,25.901351,101.015,424.971,-100.0,-90.0,0.0,24.0,1.0,0.07891796875
2032,2024-11-24 17:39:11.337,67.761,48.264008,25.901351,101.015,424.971,-100.0,-90.0,0.0,24.0,1.0,0.07891796875
2033,2024-11-24 17:39:11.370,67.794,48.264005,25.901324,101.061,425.018,-101.2,-90.0,0.0,24.0,1.0,0.07895390625
2034,2024-11-24 17:39:11.405,67.829,48.264005,25.901324,101.061,425.018,-101.2,-90.0,0.0,24.0,1.0,0.07895390625
2035,2024-11-24 17:39:11.436,67.86,48.264005,25.901324,101.061,425.018,-101.2,-90.0,0.0,24.0,1.0,0.07895390625
2036,2024-11-24 17:39:11.472,67.896,48.264002,25.901298,101.15,425.106,-101.3,-89.9,0.0,24.0,1.0,0.07902343750000002
2037,2024-11-24 17:39:11.504,67.928,48.264002,25.901298,101.15,425.106,-101.3,-89.9,0.0,24.0,1.0,0.07902343750000002
2038,2024-11-24 17:39:11.537,67.961,48.264002,25.901298,101.15,425.106,-101.3,-89.9,0.0,24.0,1.0,0.07902343750000002
2039,2024-11-24 17:39:11.571,67.995,48.263999,25.901272,101.22,425.177,-101.3,-89.9,0.0,24.0,1.0,0.07907812499999999
2040,2024-11-24 17:39:11.603,68.027,48.263999,25.901272,101.22,425.177,-101.3,-89.9,0.0,24.0,1.0,0.07907812499999999
2041,2024-11-24 17:39:11.637,68.061,48.263999,25.901272,101.22,425.177,-101.3,-89.9,0.0,24.0,1.0,0.07907812499999999
2042,2024-11-24 17:39:11.670,68.094,48.263996,25.901247,101.176,425.132,-101.3,-90.0,0.0,24.0,1.0,0.07904375000000001
2043,2024-11-24 17:39:11.704,68.128,48.263996,25.901247,101.176,425.132,-101.3,-90.0,0.0,24.0,1.0,0.07904375000000001
2044,2024-11-24 17:39:11.738,68.162,48.263996,25.901247,101.176,425.132,-101.3,-90.0,0.0,24.0,1.0,0.07904375000000001
2045,2024-11-24 17:39:11.771,68.195,48.263992,25.901222,101.145,425.101,-101.3,-89.9,0.0,24.0,1.0,0.07901953125
2046,2024-11-24 17:39:11.805,68.229,48.263992,25.901222,101.145,425.101,-101.3,-89.9,0.0,24.0,1.0,0.07901953125
2047,2024-11-24 17:39:11.837,68.261,48.263992,25.901222,101.145,425.101,-101.3,-89.9,0.0,24.0,1.0,0.07901953125
2048,2024-11-24 17:39:11.871,68.295,48.263989,25.901196,101.153,425.109,-101.3,-89.9,0.0,24.0,1.0,0.07902578125
2049,2024-11-24 17:39:11.905,68.329,48.263989,25.901196,101.153,425.109,-101.3,-89.9,0.0,24.0,1.0,0.07902578125
2050,2024-11-24 17:39:11.937,68.361,48.263989,25.901196,101.153,425.109,-101.3,-89.9,0.0,24.0,1.0,0.07902578125
2051,2024-11-24 17:39:11.972,68.396,48.263985,25.901171,101.156,425.113,-101.3,-89.9,0.0,24.0,1.0,0.079028125
2052,2024-11-24 17:39:12.004,68.428,48.263985,25.901171,101.156,425.113,-101.3,-89.9,0.0,24.0,1.0,0.079028125
2053,2024-11-24 17:39:12.037,68.461,48.263985,25.901171,101.156,425.113,-101.3,-89.9,0.0,24.0,1.0,0.079028125
2054,2024-11-24 17:39:12.072,68.496,48.263982,25.901145,101.14,425.097,-101.3,-90.0,0.0,24.0,1.0,0.079015625
2055,2024-11-24 17:39:12.103,68.527,48.263982,25.901145,101.14,425.097,-101.3,-90.0,0.0,24.0,1.0,0.079015625
2056,2024-11-24 17:39:12.137,68.561,48.263982,25.901145,101.14,425.097,-101.3,-90.0,0.0,24.0,1.0,0.079015625
2057,2024-11-24 17:39:12.171,68.595,48.263978,25.901119,101.1,425.057,-101.3,-90.0,0.0,24.0,1.0,0.07898437499999998
2058,2024-11-24 17:39:12.205,68.629,48.263978,25.901119,101.1,425.057,-101.3,-90.0,0.0,24.0,1.0,0.07898437499999998
2059,2024-11-24 17:39:12.237,68.661,48.263978,25.901119,101.1,425.057,-101.3,-90.0,0.0,24.0,1.0,0.07898437499999998
2060,2024-11-24 17:39:12.273,68.697,48.263974,25.901094,101.058,425.015,-101.3,-90.0,0.0,24.0,1.0,0.0789515625
2061,2024-11-24 17:39:12.305,68.729,48.263974,25.901094,101.058,425.015,-101.3,-90.0,0.0,24.0,1.0,0.0789515625
2062,2024-11-24 17:39:12.337,68.761,48.263974,25.901094,101.058,425.015,-101.3,-90.0,0.0,24.0,1.0,0.0789515625
2063,2024-11-24 17:39:12.373,68.797,48.26397,25.901068,101.007,424.963,-101.3,-89.9,0.0,24.0,1.0,0.07891171875
2064,2024-11-24 17:39:12.404,68.828,48.26397,25.901068,101.007,424.963,-101.3,-89.9,0.0,24.0,1.0,0.07891171875
2065,2024-11-24 17:39:12.437,68.861,48.26397,25.901068,101.007,424.963,-101.3,-89.9,0.0,24.0,1.0,0.07891171875
2066,2024-11-24 17:39:12.471,68.895,48.263967,25.901043,100.962,424.918,-101.3,-90.0,0.0,24.0,1.0,0.07887656250000001
2067,2024-11-24 17:39:12.505,68.929,48.263967,25.901043,100.962,424.918,-101.3,-90.0,0.0,24.0,1.0,0.07887656250000001
2068,2024-11-24 17:39:12.538,68.962,48.263967,25.901043,100.962,424.918,-101.3,-90.0,0.0,24.0,1.0,0.07887656250000001
2069,2024-11-24 17:39:12.573,68.997,48.263963,25.901017,100.965,424.921,-101.3,-89.9,0.0,24.0,1.0,0.07887890624999999
2070,2024-11-24 17:39:12.605,69.029,48.263963,25.901017,100.965,424.921,-101.3,-89.9,0.0,24.0,1.0,0.07887890624999999
2071,2024-11-24 17:39:12.638,69.062,48.263963,25.901017,100.965,424.921,-101.3,-89.9,0.0,24.0,1.0,0.07887890624999999
2072,2024-11-24 17:39:12.672,69.096,48.26396,25.900992,100.967,424.923,-101.3,-90.0,0.0,24.0,1.0,0.07888046875
2073,2024-11-24 17:39:12.705,69.129,48.26396,25.900992,100.967,424.923,-101.3,-90.0,0.0,24.0,1.0,0.07888046875
2074,2024-11-24 17:39:12.738,69.162,48.26396,25.900992,100.967,424.923,-101.3,-90.0,0.0,24.0,1.0,0.07888046875
2075,2024-11-24 17:39:12.772,69.196,48.263957,25.900966,100.965,424.921,-101.3,-89.9,0.0,24.0,1.0,0.07887890624999999
2076,2024-11-24 17:39:12.804,69.228,48.263957,25.900966,100.965,424.921,-101.3,-89.9,0.0,24.0,1.0,0.07887890624999999
2077,2024-11-24 17:39:12.840,69.264,48.263957,25.900966,100.965,424.921,-101.3,-89.9,0.0,24.0,1.0,0.07887890624999999
2078,2024-11-24 17:39:12.873,69.297,48.263953,25.90094,100.957,424.913,-101.3,-89.9,0.0,24.0,1.0,0.07887265624999999
2079,2024-11-24 17:39:12.905,69.329,48.263953,25.90094,100.957,424.913,-101.3,-89.9,0.0,24.0,1.0,0.07887265624999999
2080,2024-11-24 17:39:12.938,69.362,48.263953,25.90094,100.957,424.913,-101.3,-89.9,0.0,24.0,1.0,0.07887265624999999
2081,2024-11-24 17:39:12.973,69.397,48.26395,25.900915,100.944,424.901,-98.9,-89.9,0.0,24.0,1.0,0.0788625
2082,2024-11-24 17:39:13.006,69.43,48.26395,25.900915,100.944,424.901,-98.9,-89.9,0.0,24.0,1.0,0.0788625
2083,2024-11-24 17:39:13.038,69.462,48.26395,25.900915,100.944,424.901,-98.9,-89.9,0.0,24.0,1.0,0.0788625
2084,2024-11-24 17:39:13.073,69.497,48.263946,25.900889,100.946,424.902,-93.9,-90.0,0.0,24.0,1.0,0.07886406249999998
2085,2024-11-24 17:39:13.105,69.529,48.263946,25.900889,100.946,424.902,-93.9,-90.0,0.0,24.0,1.0,0.07886406249999998
2086,2024-11-24 17:39:13.139,69.563,48.263946,25.900889,100.946,424.902,-93.9,-90.0,0.0,24.0,1.0,0.07886406249999998
2087,2024-11-24 17:39:13.171,69.595,48.263943,25.900864,100.935,424.892,-93.4,-89.9,0.0,24.0,1.0,0.07885546875
2088,2024-11-24 17:39:13.205,69.629,48.263943,25.900864,100.935,424.892,-93.4,-89.9,0.0,24.0,1.0,0.07885546875
2089,2024-11-24 17:39:13.240,69.664,48.263943,25.900864,100.935,424.892,-93.4,-89.9,0.0,24.0,1.0,0.07885546875
2090,2024-11-24 17:39:13.273,69.697,48.263941,25.900839,100.98,424.936,-93.4,-89.9,0.0,24.0,1.0,0.078890625
2091,2024-11-24 17:39:13.305,69.729,48.263941,25.900839,100.98,424.936,-93.4,-89.9,0.0,24.0,1.0,0.078890625
2092,2024-11-24 17:39:13.338,69.762,48.263941,25.900839,100.98,424.936,-93.4,-89.9,0.0,24.0,1.0,0.078890625
2093,2024-11-24 17:39:13.373,69.797,48.263939,25.900813,101.007,424.964,-93.4,-90.0,0.0,24.0,1.0,0.07891171875
2094,2024-11-24 17:39:13.405,69.829,48.263939,25.900813,101.007,424.964,-93.4,-90.0,0.0,24.0,1.0,0.07891171875
2095,2024-11-24 17:39:13.438,69.862,48.263939,25.900813,101.007,424.964,-93.4,-90.0,0.0,24.0,1.0,0.07891171875
2096,2024-11-24 17:39:13.473,69.897,48.263937,25.900788,100.989,424.945,-93.4,-90.0,0.0,24.0,1.0,0.07889765624999999
2097,2024-11-24 17:39:13.506,69.93,48.263937,25.900788,100.989,424.945,-93.4,-90.0,0.0,24.0,1.0,0.07889765624999999
2098,2024-11-24 17:39:13.539,69.963,48.263937,25.900788,100.989,424.945,-93.4,-90.0,0.0,24.0,1.0,0.07889765624999999
2099,2024-11-24 17:39:13.574,69.998,48.263936,25.900763,100.976,424.932,-93.1,-90.0,0.0,24.0,1.0,0.0788875
2100,2024-11-24 17:39:13.607,70.031,48.263936,25.900763,100.976,424.932,-93.1,-90.0,0.0,24.0,1.0,0.0788875
2101,2024-11-24 17:39:13.638,70.062,48.263936,25.900763,100.976,424.932,-93.1,-90.0,0.0,24.0,1.0,0.0788875
2102,2024-11-24 17:39:13.673,70.097,48.263935,25.900738,100.945,424.901,-93.1,-90.0,0.0,24.0,1.0,0.07886328125
2103,2024-11-24 17:39:13.705,70.129,48.263935,25.900738,100.945,424.901,-93.1,-90.0,0.0,24.0,1.0,0.07886328125
2104,2024-11-24 17:39:13.740,70.164,48.263935,25.900738,100.945,424.901,-93.1,-90.0,0.0,24.0,1.0,0.07886328125
2105,2024-11-24 17:39:13.774,70.198,48.263935,25.900713,100.907,424.864,-93.0,-89.9,0.0,24.0,1.0,0.07883359375
2106,2024-11-24 17:39:13.807,70.231,48.263935,25.900713,100.907,424.864,-93.0,-89.9,0.0,24.0,1.0,0.07883359375
2107,2024-11-24 17:39:13.839,70.263,48.263935,25.900713,100.907,424.864,-93.0,-89.9,0.0,24.0,1.0,0.07883359375
2108,2024-11-24 17:39:13.873,70.297,48.263935,25.900688,100.854,424.811,-93.1,-90.0,0.0,24.0,1.0,0.0787921875
2109,2024-11-24 17:39:13.906,70.33,48.263935,25.900688,100.854,424.811,-93.1,-90.0,0.0,24.0,1.0,0.0787921875
2110,2024-11-24 17:39:13.939,70.363,48.263935,25.900688,100.854,424.811,-93.1,-90.0,0.0,24.0,1.0,0.0787921875
2111,2024-11-24 17:39:13.973,70.397,48.263934,25.900663,100.818,424.775,-92.7,-89.9,0.0,24.0,1.0,0.0787640625
2112,2024-11-24 17:39:14.006,70.43,48.263934,25.900663,100.818,424.775,-92.7,-89.9,0.0,24.0,1.0,0.0787640625
2113,2024-11-24 17:39:14.039,70.463,48.263934,25.900663,100.818,424.775,-92.7,-89.9,0.0,24.0,1.0,0.0787640625
2114,2024-11-24 17:39:14.073,70.497,48.263934,25.900638,100.776,424.733,-89.6,-90.0,0.0,24.0,1.0,0.07873124999999999
2115,2024-11-24 17:39:14.105,70.529,48.263934,25.900638,100.776,424.733,-89.6,-90.0,0.0,24.0,1.0,0.07873124999999999
2116,2024-11-24 17:39:14.139,70.563,48.263934,25.900638,100.776,424.733,-89.6,-90.0,0.0,24.0,1.0,0.07873124999999999
2117,2024-11-24 17:39:14.174,70.598,48.263933,25.900612,100.764,424.721,-83.3,-90.0,0.0,24.0,1.0,0.078721875
2118,2024-11-24 17:39:14.205,70.629,48.263933,25.900612,100.764,424.721,-83.3,-90.0,0.0,24.0,1.0,0.078721875
2119,2024-11-24 17:39:14.239,70.663,48.263933,25.900612,100.764,424.721,-83.3,-90.0,0.0,24.0,1.0,0.078721875
2120,2024-11-24 17:39:14.273,70.697,48.263934,25.900586,100.771,424.728,-74.9,-89.9,0.0,24.0,1.0,0.07872734375
2121,2024-11-24 17:39:14.306,70.73,48.263934,25.900586,100.771,424.728,-74.9,-89.9,0.0,24.0,1.0,0.07872734375
2122,2024-11-24 17:39:14.339,70.763,48.263934,25.900586,100.771,424.728,-74.9,-89.9,0.0,24.0,1.0,0.07872734375
2123,2024-11-24 17:39:14.373,70.797,48.263935,25.900562,100.796,424.753,-65.5,-89.9,0.0,24.0,1.0,0.07874687500000001
2124,2024-11-24 17:39:14.406,70.83,48.263935,25.900562,100.796,424.753,-65.5,-89.9,0.0,24.0,1.0,0.07874687500000001
2125,2024-11-24 17:39:14.440,70.864,48.263935,25.900562,100.796,424.753,-65.5,-89.9,0.0,24.0,1.0,0.07874687500000001
2126,2024-11-24 17:39:14.473,70.897,48.263936,25.900538,100.783,424.739,-55.8,-89.9,0.0,24.0,1.0,0.07873671875
2127,2024-11-24 17:39:14.506,70.93,48.263936,25.900538,100.783,424.739,-55.8,-89.9,0.0,24.0,1.0,0.07873671875
2128,2024-11-24 17:39:14.540,70.964,48.263936,25.900538,100.783,424.739,-55.8,-89.9,0.0,24.0,1.0,0.07873671875
2129,2024-11-24 17:39:14.574,70.998,48.263939,25.900514,100.709,424.666,-46.0,-89.9,0.0,24.0,1.0,0.07867890625
2130,2024-11-24 17:39:14.606,71.03,48.263939,25.900514,100.709,424.666,-46.0,-89.9,0.0,24.0,1.0,0.07867890625
2131,2024-11-24 17:39:14.640,71.064,48.263939,25.900514,100.709,424.666,-46.0,-89.9,0.0,24.0,1.0,0.07867890625
2132,2024-11-24 17:39:14.674,71.098,48.263942,25.90049,100.633,424.589,-36.2,-89.9,0.0,24.0,1.0,0.07861953125
2133,2024-11-24 17:39:14.707,71.131,48.263942,25.90049,100.633,424.589,-36.2,-89.9,0.0,24.0,1.0,0.07861953125
2134,2024-11-24 17:39:14.739,71.163,48.263942,25.90049,100.633,424.589,-36.2,-89.9,0.0,24.0,1.0,0.07861953125
2135,2024-11-24 17:39:14.773,71.197,48.263945,25.900467,100.578,424.534,-26.3,-89.9,0.0,24.0,1.0,0.07857656250000002
2136,2024-11-24 17:39:14.806,71.23,48.263945,25.900467,100.578,424.534,-26.3,-89.9,0.0,24.0,1.0,0.07857656250000002
2137,2024-11-24 17:39:14.841,71.265,48.263945,25.900467,100.578,424.534,-26.3,-89.9,0.0,24.0,1.0,0.07857656250000002
2138,2024-11-24 17:39:14.874,71.298,48.263949,25.900445,100.54,424.497,-16.4,-89.9,0.0,24.0,1.0,0.078546875
2139,2024-11-24 17:39:14.907,71.331,48.263949,25.900445,100.54,424.497,-16.4,-89.9,0.0,24.0,1.0,0.078546875
2140,2024-11-24 17:39:14.940,71.364,48.263949,25.900445,100.54,424.497,-16.4,-89.9,0.0,24.0,1.0,0.078546875
2141,2024-11-24 17:39:14.974,71.398,48.263954,25.900424,100.5,424.457,-6.6,-89.9,0.0,24.0,1.0,0.078515625
2142,2024-11-24 17:39:15.006,71.43,48.263954,25.900424,100.5,424.457,-6.6,-89.9,0.0,24.0,1.0,0.078515625
2143,2024-11-24 17:39:15.041,71.465,48.263954,25.900424,100.5,424.457,-6.6,-89.9,0.0,24.0,1.0,0.078515625
2144,2024-11-24 17:39:15.074,71.498,48.26396,25.900404,100.498,424.455,3.3,-90.0,0.0,24.0,1.0,0.07851406250000001
2145,2024-11-24 17:39:15.108,71.532,48.26396,25.900404,100.498,424.455,3.3,-90.0,0.0,24.0,1.0,0.07851406250000001
2146,2024-11-24 17:39:15.140,71.564,48.26396,25.900404,100.498,424.455,3.3,-90.0,0.0,24.0,1.0,0.07851406250000001
2147,2024-11-24 17:39:15.175,71.599,48.263966,25.900385,100.526,424.483,13.1,-89.9,0.0,24.0,1.0,0.0785359375
2148,2024-11-24 17:39:15.206,71.63,48.263966,25.900385,100.526,424.483,13.1,-89.9,0.0,24.0,1.0,0.0785359375
2149,2024-11-24 17:39:15.240,71.664,48.263966,25.900385,100.526,424.483,13.1,-89.9,0.0,24.0,1.0,0.0785359375
2150,2024-11-24 17:39:15.275,71.699,48.263972,25.900367,100.585,424.541,23.0,-89.9,0.0,24.0,1.0,0.07858203125
2151,2024-11-24 17:39:15.307,71.731,48.263972,25.900367,100.585,424.541,23.0,-89.9,0.0,24.0,1.0,0.07858203125
2152,2024-11-24 17:39:15.341,71.765,48.263972,25.900367,100.585,424.541,23.0,-89.9,0.0,24.0,1.0,0.07858203125
2153,2024-11-24 17:39:15.374,71.798,48.263978,25.90035,100.633,424.59,32.8,-89.9,0.0,24.0,1.0,0.07861953125
2154,2024-11-24 17:39:15.407,71.831,48.263978,25.90035,100.633,424.59,32.8,-89.9,0.0,24.0,1.0,0.07861953125
2155,2024-11-24 17:39:15.441,71.865,48.263978,25.90035,100.633,424.59,32.8,-89.9,0.0,24.0,1.0,0.07861953125
2156,2024-11-24 17:39:15.474,71.898,48.263985,25.900335,100.647,424.604,42.6,-89.9,0.0,24.0,1.0,0.07863046875
2157,2024-11-24 17:39:15.507,71.931,48.263985,25.900335,100.647,424.604,42.6,-89.9,0.0,24.0,1.0,0.07863046875
2158,2024-11-24 17:39:15.542,71.966,48.263985,25.900335,100.647,424.604,42.6,-89.9,0.0,24.0,1.0,0.07863046875
2159,2024-11-24 17:39:15.574,71.998,48.263992,25.90032,100.679,424.635,48.4,-90.0,0.0,24.0,1.0,0.07865546875000001
2160,2024-11-24 17:39:15.608,72.032,48.263992,25.90032,100.679,424.635,48.4,-90.0,0.0,24.0,1.0,0.07865546875000001
2161,2024-11-24 17:39:15.640,72.064,48.263992,25.90032,100.679,424.635,48.4,-90.0,0.0,24.0,1.0,0.07865546875000001
2162,2024-11-24 17:39:15.674,72.098,48.264,25.900306,100.698,424.655,48.5,-90.0,0.0,24.0,1.0,0.07867031249999999
2163,2024-11-24 17:39:15.707,72.131,48.264,25.900306,100.698,424.655,48.5,-90.0,0.0,24.0,1.0,0.07867031249999999
2164,2024-11-24 17:39:15.742,72.166,48.264,25.900306,100.698,424.655,48.5,-90.0,0.0,24.0,1.0,0.07867031249999999
2165,2024-11-24 17:39:15.775,72.199,48.264007,25.900294,100.689,424.645,48.5,-89.9,0.0,24.0,1.0,0.07866328125000001
2166,2024-11-24 17:39:15.808,72.232,48.264007,25.900294,100.689,424.645,48.5,-89.9,0.0,24.0,1.0,0.07866328125000001
2167,2024-11-24 17:39:15.841,72.265,48.264007,25.900294,100.689,424.645,48.5,-89.9,0.0,24.0,1.0,0.07866328125000001
2168,2024-11-24 17:39:15.874,72.298,48.264014,25.900283,100.691,424.648,48.5,-89.9,0.0,24.0,1.0,0.07866484374999999
2169,2024-11-24 17:39:15.908,72.332,48.264014,25.900283,100.691,424.648,48.5,-89.9,0.0,24.0,1.0,0.07866484374999999
2170,2024-11-24 17:39:15.941,72.365,48.264014,25.900283,100.691,424.648,48.5,-89.9,0.0,24.0,1.0,0.07866484374999999
2171,2024-11-24 17:39:15.976,72.4,48.264021,25.900273,100.705,424.661,48.5,-89.9,0.0,24.0,1.0,0.07867578125000001
2172,2024-11-24 17:39:16.009,72.433,48.264021,25.900273,100.705,424.661,48.5,-89.9,0.0,24.0,1.0,0.07867578125000001
2173,2024-11-24 17:39:16.041,72.465,48.264021,25.900273,100.705,424.661,48.5,-89.9,0.0,24.0,1.0,0.07867578125000001
2174,2024-11-24 17:39:16.074,72.498,48.264028,25.900264,100.723,424.68,48.5,-89.9,0.0,24.0,1.0,0.07868984375
2175,2024-11-24 17:39:16.109,72.533,48.264028,25.900264,100.723,424.68,48.5,-89.9,0.0,24.0,1.0,0.07868984375
2176,2024-11-24 17:39:16.141,72.565,48.264028,25.900264,100.723,424.68,48.5,-89.9,0.0,24.0,1.0,0.07868984375
2177,2024-11-24 17:39:16.175,72.599,48.264035,25.900256,100.748,424.705,48.5,-89.9,0.0,24.0,1.0,0.07870937500000001
2178,2024-11-24 17:39:16.208,72.632,48.264035,25.900256,100.748,424.705,48.5,-89.9,0.0,24.0,1.0,0.07870937500000001
2179,2024-11-24 17:39:16.242,72.666,48.264035,25.900256,100.748,424.705,48.5,-89.9,0.0,24.0,1.0,0.07870937500000001
2180,2024-11-24 17:39:16.275,72.699,48.264042,25.90025,100.782,424.738,48.5,-90.0,0.0,24.0,1.0,0.0787359375
2181,2024-11-24 17:39:16.308,72.732,48.264042,25.90025,100.782,424.738,48.5,-90.0,0.0,24.0,1.0,0.0787359375
2182,2024-11-24 17:39:16.342,72.766,48.264042,25.90025,100.782,424.738,48.5,-90.0,0.0,24.0,1.0,0.0787359375
2183,2024-11-24 17:39:16.374,72.798,48.264049,25.900243,100.825,424.781,48.7,-89.9,0.0,24.0,1.0,0.07876953125000001
2184,2024-11-24 17:39:16.408,72.832,48.264049,25.900243,100.825,424.781,48.7,-89.9,0.0,24.0,1.0,0.07876953125000001
2185,2024-11-24 17:39:16.441,72.865,48.264049,25.900243,100.825,424.781,48.7,-89.9,0.0,24.0,1.0,0.07876953125000001
2186,2024-11-24 17:39:16.475,72.899,48.264055,25.900239,100.856,424.813,51.8,-90.0,0.0,24.0,1.0,0.07879375
2187,2024-11-24 17:39:16.508,72.932,48.264055,25.900239,100.856,424.813,51.8,-90.0,0.0,24.0,1.0,0.07879375
2188,2024-11-24 17:39:16.542,72.966,48.264055,25.900239,100.856,424.813,51.8,-90.0,0.0,24.0,1.0,0.07879375
2189,2024-11-24 17:39:16.576,73.0,48.264063,25.900234,100.883,424.839,59.3,-89.9,0.0,24.0,1.0,0.07881484375
2190,2024-11-24 17:39:16.608,73.032,48.264063,25.900234,100.883,424.839,59.3,-89.9,0.0,24.0,1.0,0.07881484375
2191,2024-11-24 17:39:16.642,73.066,48.264063,25.900234,100.883,424.839,59.3,-89.9,0.0,24.0,1.0,0.07881484375
2192,2024-11-24 17:39:16.675,73.099,48.264069,25.900232,100.912,424.868,68.5,-89.9,0.0,24.0,1.0,0.07883749999999999
2193,2024-11-24 17:39:16.709,73.133,48.264069,25.900232,100.912,424.868,68.5,-89.9,0.0,24.0,1.0,0.07883749999999999
2194,2024-11-24 17:39:16.743,73.167,48.264069,25.900232,100.912,424.868,68.5,-89.9,0.0,24.0,1.0,0.07883749999999999
2195,2024-11-24 17:39:16.776,73.2,48.264076,25.90023,100.931,424.888,78.1,-89.9,0.0,24.0,1.0,0.07885234375
2196,2024-11-24 17:39:16.808,73.232,48.264076,25.90023,100.931,424.888,78.1,-89.9,0.0,24.0,1.0,0.07885234375
2197,2024-11-24 17:39:16.842,73.266,48.264076,25.90023,100.931,424.888,78.1,-89.9,0.0,24.0,1.0,0.07885234375
2198,2024-11-24 17:39:16.875,73.299,48.264083,25.900229,100.96,424.917,87.8,-89.9,0.0,24.0,1.0,0.078875
2199,2024-11-24 17:39:16.909,73.333,48.264083,25.900229,100.96,424.917,87.8,-89.9,0.0,24.0,1.0,0.078875
2200,2024-11-24 17:39:16.944,73.368,48.264083,25.900229,100.96,424.917,87.8,-89.9,0.0,24.0,1.0,0.078875
2201,2024-11-24 17:39:16.977,73.401,48.264089,25.900229,100.979,424.936,94.9,-89.9,0.0,24.0,1.0,0.07888984375000001
2202,2024-11-24 17:39:17.008,73.432,48.264089,25.900229,100.979,424.936,94.9,-89.9,0.0,24.0,1.0,0.07888984375000001
2203,2024-11-24 17:39:17.043,73.467,48.264089,25.900229,100.979,424.936,94.9,-89.9,0.0,24.0,1.0,0.07888984375000001
2204,2024-11-24 17:39:17.075,73.499,48.264095,25.90023,101.001,424.958,95.7,-90.0,0.0,24.0,1.0,0.07890703125000001
2205,2024-11-24 17:39:17.109,73.533,48.264095,25.90023,101.001,424.958,95.7,-90.0,0.0,24.0,1.0,0.07890703125000001
2206,2024-11-24 17:39:17.142,73.566,48.264095,25.90023,101.001,424.958,95.7,-90.0,0.0,24.0,1.0,0.07890703125000001
2207,2024-11-24 17:39:17.176,73.6,48.2641,25.900231,101.025,424.982,95.7,-90.0,0.0,24.0,1.0,0.07892578125000001
2208,2024-11-24 17:39:17.209,73.633,48.2641,25.900231,101.025,424.982,95.7,-90.0,0.0,24.0,1.0,0.07892578125000001
2209,2024-11-24 17:39:17.244,73.668,48.2641,25.900231,101.025,424.982,95.7,-90.0,0.0,24.0,1.0,0.07892578125000001
2210,2024-11-24 17:39:17.275,73.699,48.264104,25.900234,101.047,425.003,95.7,-89.9,0.0,24.0,1.0,0.07894296875
2211,2024-11-24 17:39:17.309,73.733,48.264104,25.900234,101.047,425.003,95.7,-89.9,0.0,24.0,1.0,0.07894296875
2212,2024-11-24 17:39:17.342,73.766,48.264104,25.900234,101.047,425.003,95.7,-89.9,0.0,24.0,1.0,0.07894296875
2213,2024-11-24 17:39:17.375,73.799,48.264108,25.900236,101.062,425.018,95.7,-89.9,0.0,24.0,1.0,0.0789546875
2214,2024-11-24 17:39:17.410,73.834,48.264108,25.900236,101.062,425.018,95.7,-89.9,0.0,24.0,1.0,0.0789546875
2215,2024-11-24 17:39:17.443,73.867,48.264108,25.900236,101.062,425.018,95.7,-89.9,0.0,24.0,1.0,0.0789546875
2216,2024-11-24 17:39:17.476,73.9,48.264112,25.90024,101.075,425.032,95.7,-90.0,0.0,24.0,1.0,0.07896484375
2217,2024-11-24 17:39:17.509,73.933,48.264112,25.90024,101.075,425.032,95.7,-90.0,0.0,24.0,1.0,0.07896484375
2218,2024-11-24 17:39:17.543,73.967,48.264112,25.90024,101.075,425.032,95.7,-90.0,0.0,24.0,1.0,0.07896484375
2219,2024-11-24 17:39:17.577,74.001,48.264115,25.900244,101.092,425.048,95.7,-89.9,0.0,24.0,1.0,0.078978125
2220,2024-11-24 17:39:17.610,74.034,48.264115,25.900244,101.092,425.048,95.7,-89.9,0.0,24.0,1.0,0.078978125
2221,2024-11-24 17:39:17.643,74.067,48.264115,25.900244,101.092,425.048,95.7,-89.9,0.0,24.0,1.0,0.078978125
2222,2024-11-24 17:39:17.677,74.101,48.264118,25.900248,101.105,425.061,95.7,-89.9,0.0,24.0,1.0,0.07898828125
2223,2024-11-24 17:39:17.710,74.134,48.264118,25.900248,101.105,425.061,95.7,-89.9,0.0,24.0,1.0,0.07898828125
2224,2024-11-24 17:39:17.742,74.166,48.264118,25.900248,101.105,425.061,95.7,-89.9,0.0,24.0,1.0,0.07898828125
2225,2024-11-24 17:39:17.776,74.2,48.264121,25.900253,101.115,425.071,95.7,-89.9,0.0,24.0,1.0,0.07899609375
2226,2024-11-24 17:39:17.810,74.234,48.264121,25.900253,101.115,425.071,95.7,-89.9,0.0,24.0,1.0,0.07899609375
2227,2024-11-24 17:39:17.843,74.267,48.264121,25.900253,101.115,425.071,95.7,-89.9,0.0,24.0,1.0,0.07899609375
2228,2024-11-24 17:39:17.876,74.3,48.264124,25.900259,101.123,425.08,95.7,-89.9,0.0,24.0,1.0,0.07900234375000001
2229,2024-11-24 17:39:17.911,74.335,48.264124,25.900259,101.123,425.08,95.7,-89.9,0.0,24.0,1.0,0.07900234375000001
2230,2024-11-24 17:39:17.944,74.368,48.264124,25.900259,101.123,425.08,95.7,-89.9,0.0,24.0,1.0,0.07900234375000001
2231,2024-11-24 17:39:17.977,74.401,48.264126,25.900266,101.131,425.088,95.7,-89.9,0.0,24.0,1.0,0.07900859375000001
2232,2024-11-24 17:39:18.010,74.434,48.264126,25.900266,101.131,425.088,95.7,-89.9,0.0,24.0,1.0,0.07900859375000001
2233,2024-11-24 17:39:18.043,74.467,48.264126,25.900266,101.131,425.088,95.7,-89.9,0.0,24.0,1.0,0.07900859375000001
2234,2024-11-24 17:39:18.077,74.501,48.264127,25.900273,101.138,425.095,95.7,-89.9,0.0,24.0,1.0,0.0790140625
2235,2024-11-24 17:39:18.110,74.534,48.264127,25.900273,101.138,425.095,95.7,-89.9,0.0,24.0,1.0,0.0790140625
2236,2024-11-24 17:39:18.143,74.567,48.264127,25.900273,101.138,425.095,95.7,-89.9,0.0,24.0,1.0,0.0790140625
2237,2024-11-24 17:39:18.177,74.601,48.264129,25.90028,101.141,425.098,95.7,-89.9,0.0,24.0,1.0,0.07901640625
2238,2024-11-24 17:39:18.210,74.634,48.264129,25.90028,101.141,425.098,95.7,-89.9,0.0,24.0,1.0,0.07901640625
2239,2024-11-24 17:39:18.244,74.668,48.264129,25.90028,101.141,425.098,95.7,-89.9,0.0,24.0,1.0,0.07901640625
2240,2024-11-24 17:39:18.276,74.7,48.26413,25.900289,101.147,425.103,95.7,-89.9,0.0,24.0,1.0,0.07902109375000001
2241,2024-11-24 17:39:18.310,74.734,48.26413,25.900289,101.147,425.103,95.7,-89.9,0.0,24.0,1.0,0.07902109375000001
2242,2024-11-24 17:39:18.343,74.767,48.26413,25.900289,101.147,425.103,95.7,-89.9,0.0,24.0,1.0,0.07902109375000001
2243,2024-11-24 17:39:18.377,74.801,48.264131,25.900297,101.149,425.106,95.7,-89.9,0.0,24.0,1.0,0.07902265625
2244,2024-11-24 17:39:18.411,74.835,48.264131,25.900297,101.149,425.106,95.7,-89.9,0.0,24.0,1.0,0.07902265625
2245,2024-11-24 17:39:18.444,74.868,48.264131,25.900297,101.149,425.106,95.7,-89.9,0.0,24.0,1.0,0.07902265625
2246,2024-11-24 17:39:18.476,74.9,48.264131,25.900306,101.152,425.109,95.7,-89.9,0.0,24.0,1.0,0.079025
2247,2024-11-24 17:39:18.511,74.935,48.264131,25.900306,101.152,425.109,95.7,-89.9,0.0,24.0,1.0,0.079025
2248,2024-11-24 17:39:18.543,74.967,48.264131,25.900306,101.152,425.109,95.7,-89.9,0.0,24.0,1.0,0.079025
2249,2024-11-24 17:39:18.576,75.0,48.264131,25.900316,101.155,425.111,95.7,-90.0,0.0,24.0,1.0,0.07902734375
2250,2024-11-24 17:39:18.610,75.034,48.264131,25.900316,101.155,425.111,95.7,-90.0,0.0,24.0,1.0,0.07902734375
2251,2024-11-24 17:39:18.645,75.069,48.264131,25.900316,101.155,425.111,95.7,-90.0,0.0,24.0,1.0,0.07902734375
2252,2024-11-24 17:39:18.677,75.101,48.264131,25.900327,101.16,425.116,95.7,-89.9,0.0,24.0,1.0,0.07903125000000001
2253,2024-11-24 17:39:18.710,75.134,48.264131,25.900327,101.16,425.116,95.7,-89.9,0.0,24.0,1.0,0.07903125000000001
2254,2024-11-24 17:39:18.743,75.167,48.264131,25.900327,101.16,425.116,95.7,-89.9,0.0,24.0,1.0,0.07903125000000001
2255,2024-11-24 17:39:18.777,75.201,48.264131,25.900338,101.158,425.115,95.7,-89.9,0.0,24.0,1.0,0.0790296875
2256,2024-11-24 17:39:18.811,75.235,48.264131,25.900338,101.158,425.115,95.7,-89.9,0.0,24.0,1.0,0.0790296875
2257,2024-11-24 17:39:18.845,75.269,48.264131,25.900338,101.158,425.115,95.7,-89.9,0.0,24.0,1.0,0.0790296875
2258,2024-11-24 17:39:18.877,75.301,48.264131,25.90035,101.156,425.112,95.8,-89.9,0.0,24.0,1.0,0.079028125
2259,2024-11-24 17:39:18.912,75.336,48.264131,25.90035,101.156,425.112,95.8,-89.9,0.0,24.0,1.0,0.079028125
2260,2024-11-24 17:39:18.944,75.368,48.264131,25.90035,101.156,425.112,95.8,-89.9,0.0,24.0,1.0,0.079028125
2261,2024-11-24 17:39:18.977,75.401,48.26413,25.900363,101.154,425.11,95.9,-89.9,0.0,24.0,1.0,0.0790265625
2262,2024-11-24 17:39:19.001,75.425,48.26413,25.900363,101.154,425.11,95.9,-89.9,0.0,24.0,1.0,0.0790265625
2263,2024-11-24 17:39:19.034,75.458,48.26413,25.900363,101.154,425.11,95.9,-89.9,0.0,24.0,1.0,0.0790265625
2264,2024-11-24 17:39:19.067,75.491,48.264129,25.900376,101.153,425.11,96.7,-89.9,0.0,24.0,1.0,0.07902578125
2265,2024-11-24 17:39:19.102,75.526,48.264129,25.900376,101.153,425.11,96.7,-89.9,0.0,24.0,1.0,0.07902578125
2266,2024-11-24 17:39:19.134,75.558,48.264129,25.900376,101.153,425.11,96.7,-89.9,0.0,24.0,1.0,0.07902578125
2267,2024-11-24 17:39:19.169,75.593,48.264129,25.90039,101.149,425.105,96.8,-89.9,0.0,24.0,1.0,0.07902265625
2268,2024-11-24 17:39:19.201,75.625,48.264129,25.90039,101.149,425.105,96.8,-89.9,0.0,24.0,1.0,0.07902265625
2269,2024-11-24 17:39:19.235,75.659,48.264129,25.90039,101.149,425.105,96.8,-89.9,0.0,24.0,1.0,0.07902265625
2270,2024-11-24 17:39:19.268,75.692,48.264128,25.900405,101.144,425.1,96.8,-89.9,0.0,24.0,1.0,0.07901875
2271,2024-11-24 17:39:19.301,75.725,48.264128,25.900405,101.144,425.1,96.8,-89.9,0.0,24.0,1.0,0.07901875
2272,2024-11-24 17:39:19.334,75.758,48.264128,25.900405,101.144,425.1,96.8,-89.9,0.0,24.0,1.0,0.07901875
2273,2024-11-24 17:39:19.369,75.793,48.264127,25.90042,101.137,425.093,96.8,-89.9,0.0,24.0,1.0,0.07901328125
2274,2024-11-24 17:39:19.402,75.826,48.264127,25.90042,101.137,425.093,96.8,-89.9,0.0,24.0,1.0,0.07901328125
2275,2024-11-24 17:39:19.435,75.859,48.264127,25.90042,101.137,425.093,96.8,-89.9,0.0,24.0,1.0,0.07901328125
2276,2024-11-24 17:39:19.469,75.893,48.264126,25.900436,101.13,425.087,96.8,-89.9,0.0,24.0,1.0,0.0790078125
2277,2024-11-24 17:39:19.502,75.926,48.264126,25.900436,101.13,425.087,96.8,-89.9,0.0,24.0,1.0,0.0790078125
2278,2024-11-24 17:39:19.534,75.958,48.264126,25.900436,101.13,425.087,96.8,-89.9,0.0,24.0,1.0,0.0790078125
2279,2024-11-24 17:39:19.568,75.992,48.264125,25.900452,101.128,425.085,96.8,-89.9,0.0,24.0,1.0,0.07900625
2280,2024-11-24 17:39:19.603,76.027,48.264125,25.900452,101.128,425.085,96.8,-89.9,0.0,24.0,1.0,0.07900625
2281,2024-11-24 17:39:19.634,76.058,48.264125,25.900452,101.128,425.085,96.8,-89.9,0.0,24.0,1.0,0.07900625
2282,2024-11-24 17:39:19.667,76.091,48.264123,25.900469,101.124,425.08,96.8,-89.9,0.0,24.0,1.0,0.079003125
2283,2024-11-24 17:39:19.702,76.126,48.264123,25.900469,101.124,425.08,96.8,-89.9,0.0,24.0,1.0,0.079003125
2284,2024-11-24 17:39:19.735,76.159,48.264123,25.900469,101.124,425.08,96.8,-89.9,0.0,24.0,1.0,0.079003125
2285,2024-11-24 17:39:19.770,76.194,48.264122,25.900487,101.118,425.074,96.8,-89.9,0.0,24.0,1.0,0.07899843749999999
2286,2024-11-24 17:39:19.802,76.226,48.264122,25.900487,101.118,425.074,96.8,-89.9,0.0,24.0,1.0,0.07899843749999999
2287,2024-11-24 17:39:19.835,76.259,48.264122,25.900487,101.118,425.074,96.8,-89.9,0.0,24.0,1.0,0.07899843749999999
2288,2024-11-24 17:39:19.868,76.292,48.26412,25.900505,101.116,425.072,96.8,-89.9,0.0,24.0,1.0,0.07899687500000001
2289,2024-11-24 17:39:19.902,76.326,48.26412,25.900505,101.116,425.072,96.8,-89.9,0.0,24.0,1.0,0.07899687500000001
2290,2024-11-24 17:39:19.935,76.359,48.26412,25.900505,101.116,425.072,96.8,-89.9,0.0,24.0,1.0,0.07899687500000001
2291,2024-11-24 17:39:19.968,76.392,48.264119,25.900524,101.114,425.071,96.8,-89.9,0.0,24.0,1.0,0.0789953125
2292,2024-11-24 17:39:20.002,76.426,48.264119,25.900524,101.114,425.071,96.8,-89.9,0.0,24.0,1.0,0.0789953125
2293,2024-11-24 17:39:20.036,76.46,48.264119,25.900524,101.114,425.071,96.8,-89.9,0.0,24.0,1.0,0.0789953125
2294,2024-11-24 17:39:20.069,76.493,48.264117,25.900543,101.114,425.071,96.8,-89.9,0.0,24.0,1.0,0.0789953125
2295,2024-11-24 17:39:20.102,76.526,48.264117,25.900543,101.114,425.071,96.8,-89.9,0.0,24.0,1.0,0.0789953125
2296,2024-11-24 17:39:20.135,76.559,48.264117,25.900543,101.114,425.071,96.8,-89.9,0.0,24.0,1.0,0.0789953125
2297,2024-11-24 17:39:20.169,76.593,48.264116,25.900563,101.111,425.067,96.8,-89.9,0.0,24.0,1.0,0.07899296875
2298,2024-11-24 17:39:20.202,76.626,48.264116,25.900563,101.111,425.067,96.8,-89.9,0.0,24.0,1.0,0.07899296875
2299,2024-11-24 17:39:20.237,76.661,48.264116,25.900563,101.111,425.067,96.8,-89.9,0.0,24.0,1.0,0.07899296875
2300,2024-11-24 17:39:20.268,76.692,48.264114,25.900585,101.108,425.065,96.8,-89.9,0.0,24.0,1.0,0.07899062500000001
2301,2024-11-24 17:39:20.303,76.727,48.264114,25.900585,101.108,425.065,96.8,-89.9,0.0,24.0,1.0,0.07899062500000001
2302,2024-11-24 17:39:20.336,76.76,48.264114,25.900585,101.108,425.065,96.8,-89.9,0.0,24.0,1.0,0.07899062500000001
2303,2024-11-24 17:39:20.370,76.794,48.264112,25.900605,101.099,425.056,96.8,-89.9,0.0,24.0,1.0,0.07898359375000001
2304,2024-11-24 17:39:20.403,76.827,48.264112,25.900605,101.099,425.056,96.8,-89.9,0.0,24.0,1.0,0.07898359375000001
2305,2024-11-24 17:39:20.436,76.86,48.264112,25.900605,101.099,425.056,96.8,-89.9,0.0,24.0,1.0,0.07898359375000001
2306,2024-11-24 17:39:20.470,76.894,48.26411,25.900626,101.096,425.053,96.8,-90.0,0.0,24.0,1.0,0.07898125
2307,2024-11-24 17:39:20.503,76.927,48.26411,25.900626,101.096,425.053,96.8,-90.0,0.0,24.0,1.0,0.07898125
2308,2024-11-24 17:39:20.535,76.959,48.26411,25.900626,101.096,425.053,96.8,-90.0,0.0,24.0,1.0,0.07898125
2309,2024-11-24 17:39:20.569,76.993,48.264108,25.900648,101.09,425.047,96.8,-89.9,0.0,24.0,1.0,0.0789765625
2310,2024-11-24 17:39:20.603,77.027,48.264108,25.900648,101.09,425.047,96.8,-89.9,0.0,24.0,1.0,0.0789765625
2311,2024-11-24 17:39:20.636,77.06,48.264108,25.900648,101.09,425.047,96.8,-89.9,0.0,24.0,1.0,0.0789765625
2312,2024-11-24 17:39:20.670,77.094,48.264107,25.90067,101.089,425.045,96.8,-90.0,0.0,24.0,1.0,0.07897578125
2313,2024-11-24 17:39:20.703,77.127,48.264107,25.90067,101.089,425.045,96.8,-90.0,0.0,24.0,1.0,0.07897578125
2314,2024-11-24 17:39:20.736,77.16,48.264107,25.90067,101.089,425.045,96.8,-90.0,0.0,24.0,1.0,0.07897578125
2315,2024-11-24 17:39:20.769,77.193,48.264105,25.900693,101.087,425.044,96.8,-89.9,0.0,24.0,1.0,0.07897421875
2316,2024-11-24 17:39:20.803,77.227,48.264105,25.900693,101.087,425.044,96.8,-89.9,0.0,24.0,1.0,0.07897421875
2317,2024-11-24 17:39:20.836,77.26,48.264105,25.900693,101.087,425.044,96.8,-89.9,0.0,24.0,1.0,0.07897421875
2318,2024-11-24 17:39:20.869,77.293,48.264103,25.900716,101.086,425.042,96.8,-89.9,0.0,24.0,1.0,0.0789734375
2319,2024-11-24 17:39:20.903,77.327,48.264103,25.900716,101.086,425.042,96.8,-89.9,0.0,24.0,1.0,0.0789734375
2320,2024-11-24 17:39:20.936,77.36,48.264103,25.900716,101.086,425.042,96.8,-89.9,0.0,24.0,1.0,0.0789734375
2321,2024-11-24 17:39:20.970,77.394,48.264101,25.900739,101.082,425.039,96.8,-89.9,0.0,24.0,1.0,0.0789703125
2322,2024-11-24 17:39:21.003,77.427,48.264101,25.900739,101.082,425.039,96.8,-89.9,0.0,24.0,1.0,0.0789703125
2323,2024-11-24 17:39:21.036,77.46,48.264101,25.900739,101.082,425.039,96.8,-89.9,0.0,24.0,1.0,0.0789703125
2324,2024-11-24 17:39:21.069,77.493,48.264099,25.900763,101.075,425.031,96.8,-89.9,0.0,24.0,1.0,0.07896484375
2325,2024-11-24 17:39:21.103,77.527,48.264099,25.900763,101.075,425.031,96.8,-89.9,0.0,24.0,1.0,0.07896484375
2326,2024-11-24 17:39:21.136,77.56,48.264099,25.900763,101.075,425.031,96.8,-89.9,0.0,24.0,1.0,0.07896484375
2327,2024-11-24 17:39:21.170,77.594,48.264097,25.900787,101.07,425.027,96.8,-90.0,0.0,24.0,1.0,0.0789609375
2328,2024-11-24 17:39:21.203,77.627,48.264097,25.900787,101.07,425.027,96.8,-90.0,0.0,24.0,1.0,0.0789609375
2329,2024-11-24 17:39:21.236,77.66,48.264097,25.900787,101.07,425.027,96.8,-90.0,0.0,24.0,1.0,0.0789609375
2330,2024-11-24 17:39:21.270,77.694,48.264095,25.900811,101.064,425.021,96.6,-89.9,0.0,24.0,1.0,0.07895625
2331,2024-11-24 17:39:21.303,77.727,48.264095,25.900811,101.064,425.021,96.6,-89.9,0.0,24.0,1.0,0.07895625
2332,2024-11-24 17:39:21.336,77.76,48.264095,25.900811,101.064,425.021,96.6,-89.9,0.0,24.0,1.0,0.07895625
2333,2024-11-24 17:39:21.370,77.794,48.264093,25.900836,101.056,425.013,95.2,-90.0,0.0,24.0,1.0,0.07895
2334,2024-11-24 17:39:21.404,77.828,48.264093,25.900836,101.056,425.013,95.2,-90.0,0.0,24.0,1.0,0.07895
2335,2024-11-24 17:39:21.437,77.861,48.264093,25.900836,101.056,425.013,95.2,-90.0,0.0,24.0,1.0,0.07895
2336,2024-11-24 17:39:21.471,77.895,48.264091,25.900861,101.055,425.012,91.9,-89.9,0.0,24.0,1.0,0.07894921875000001
2337,2024-11-24 17:39:21.504,77.928,48.264091,25.900861,101.055,425.012,91.9,-89.9,0.0,24.0,1.0,0.07894921875000001
2338,2024-11-24 17:39:21.536,77.96,48.264091,25.900861,101.055,425.012,91.9,-89.9,0.0,24.0,1.0,0.07894921875000001
2339,2024-11-24 17:39:21.570,77.994,48.26409,25.900886,101.056,425.013,89.6,-90.0,0.0,24.0,1.0,0.07895
2340,2024-11-24 17:39:21.603,78.027,48.26409,25.900886,101.056,425.013,89.6,-90.0,0.0,24.0,1.0,0.07895
2341,2024-11-24 17:39:21.637,78.061,48.26409,25.900886,101.056,425.013,89.6,-90.0,0.0,24.0,1.0,0.07895
2342,2024-11-24 17:39:21.670,78.094,48.264089,25.900911,101.084,425.041,89.6,-89.9,0.0,24.0,1.0,0.078971875
2343,2024-11-24 17:39:21.703,78.127,48.264089,25.900911,101.084,425.041,89.6,-89.9,0.0,24.0,1.0,0.078971875
2344,2024-11-24 17:39:21.737,78.161,48.264089,25.900911,101.084,425.041,89.6,-89.9,0.0,24.0,1.0,0.078971875
2345,2024-11-24 17:39:21.770,78.194,48.264089,25.900935,101.127,425.084,89.6,-89.9,0.0,24.0,1.0,0.07900546874999999
2346,2024-11-24 17:39:21.803,78.227,48.264089,25.900935,101.127,425.084,89.6,-89.9,0.0,24.0,1.0,0.07900546874999999
2347,2024-11-24 17:39:21.836,78.26,48.264089,25.900935,101.127,425.084,89.6,-89.9,0.0,24.0,1.0,0.07900546874999999
2348,2024-11-24 17:39:21.871,78.295,48.264089,25.90096,101.113,425.07,89.6,-90.0,0.0,24.0,1.0,0.07899453125
2349,2024-11-24 17:39:21.903,78.327,48.264089,25.90096,101.113,425.07,89.6,-90.0,0.0,24.0,1.0,0.07899453125
2350,2024-11-24 17:39:21.938,78.362,48.264089,25.90096,101.113,425.07,89.6,-90.0,0.0,24.0,1.0,0.07899453125
2351,2024-11-24 17:39:21.971,78.395,48.26409,25.900984,101.084,425.041,89.6,-89.9,0.0,24.0,1.0,0.078971875
2352,2024-11-24 17:39:22.004,78.428,48.26409,25.900984,101.084,425.041,89.6,-89.9,0.0,24.0,1.0,0.078971875
2353,2024-11-24 17:39:22.037,78.461,48.26409,25.900984,101.084,425.041,89.6,-89.9,0.0,24.0,1.0,0.078971875
2354,2024-11-24 17:39:22.072,78.496,48.26409,25.901008,101.061,425.017,89.6,-89.9,0.0,24.0,1.0,0.07895390625
2355,2024-11-24 17:39:22.105,78.529,48.26409,25.901008,101.061,425.017,89.6,-89.9,0.0,24.0,1.0,0.07895390625
2356,2024-11-24 17:39:22.138,78.562,48.26409,25.901008,101.061,425.017,89.6,-89.9,0.0,24.0,1.0,0.07895390625
2357,2024-11-24 17:39:22.171,78.595,48.264091,25.901033,101.033,424.989,89.6,-89.9,0.0,24.0,1.0,0.07893203124999999
2358,2024-11-24 17:39:22.204,78.628,48.264091,25.901033,101.033,424.989,89.6,-89.9,0.0,24.0,1.0,0.07893203124999999
2359,2024-11-24 17:39:22.237,78.661,48.264091,25.901033,101.033,424.989,89.6,-89.9,0.0,24.0,1.0,0.07893203124999999
2360,2024-11-24 17:39:22.272,78.696,48.264091,25.901057,101.006,424.962,89.6,-89.9,0.0,24.0,1.0,0.07891093750000001
2361,2024-11-24 17:39:22.305,78.729,48.264091,25.901057,101.006,424.962,89.6,-89.9,0.0,24.0,1.0,0.07891093750000001
2362,2024-11-24 17:39:22.338,78.762,48.264091,25.901057,101.006,424.962,89.6,-89.9,0.0,24.0,1.0,0.07891093750000001
2363,2024-11-24 17:39:22.372,78.796,48.264092,25.901082,100.979,424.935,89.5,-89.9,0.0,24.0,1.0,0.07888984375000001
2364,2024-11-24 17:39:22.405,78.829,48.264092,25.901082,100.979,424.935,89.5,-89.9,0.0,24.0,1.0,0.07888984375000001
2365,2024-11-24 17:39:22.437,78.861,48.264092,25.901082,100.979,424.935,89.5,-89.9,0.0,24.0,1.0,0.07888984375000001
2366,2024-11-24 17:39:22.470,78.894,48.264092,25.901107,100.954,424.911,89.3,-89.9,0.0,24.0,1.0,0.0788703125
2367,2024-11-24 17:39:22.504,78.928,48.264092,25.901107,100.954,424.911,89.3,-89.9,0.0,24.0,1.0,0.0788703125
2368,2024-11-24 17:39:22.538,78.962,48.264092,25.901107,100.954,424.911,89.3,-89.9,0.0,24.0,1.0,0.0788703125
2369,2024-11-24 17:39:22.573,78.997,48.264093,25.901132,100.935,424.892,89.0,-89.9,0.0,24.0,1.0,0.07885546875
2370,2024-11-24 17:39:22.605,79.029,48.264093,25.901132,100.935,424.892,89.0,-89.9,0.0,24.0,1.0,0.07885546875
2371,2024-11-24 17:39:22.637,79.061,48.264093,25.901132,100.935,424.892,89.0,-89.9,0.0,24.0,1.0,0.07885546875
2372,2024-11-24 17:39:22.673,79.097,48.264093,25.901157,100.931,424.888,88.6,-89.9,0.0,24.0,1.0,0.07885234375
2373,2024-11-24 17:39:22.705,79.129,48.264093,25.901157,100.931,424.888,88.6,-89.9,0.0,24.0,1.0,0.07885234375
2374,2024-11-24 17:39:22.738,79.162,48.264093,25.901157,100.931,424.888,88.6,-89.9,0.0,24.0,1.0,0.07885234375
2375,2024-11-24 17:39:22.774,79.198,48.264094,25.901182,100.936,424.893,88.5,-89.9,0.0,24.0,1.0,0.07885625
2376,2024-11-24 17:39:22.804,79.228,48.264094,25.901182,100.936,424.893,88.5,-89.9,0.0,24.0,1.0,0.07885625
2377,2024-11-24 17:39:22.838,79.262,48.264094,25.901182,100.936,424.893,88.5,-89.9,0.0,24.0,1.0,0.07885625
2378,2024-11-24 17:39:22.870,79.294,48.264095,25.901208,100.947,424.903,88.5,-89.9,0.0,24.0,1.0,0.07886484375
2379,2024-11-24 17:39:22.905,79.329,48.264095,25.901208,100.947,424.903,88.5,-89.9,0.0,24.0,1.0,0.07886484375
2380,2024-11-24 17:39:22.938,79.362,48.264095,25.901208,100.947,424.903,88.5,-89.9,0.0,24.0,1.0,0.07886484375
2381,2024-11-24 17:39:22.973,79.397,48.264096,25.901233,100.954,424.91,88.2,-89.9,0.0,24.0,1.0,0.0788703125
2382,2024-11-24 17:39:23.005,79.429,48.264096,25.901233,100.954,424.91,88.2,-89.9,0.0,24.0,1.0,0.0788703125
2383,2024-11-24 17:39:23.038,79.462,48.264096,25.901233,100.954,424.91,88.2,-89.9,0.0,24.0,1.0,0.0788703125
2384,2024-11-24 17:39:23.071,79.495,48.264096,25.901259,100.959,424.915,87.0,-89.9,0.0,24.0,1.0,0.07887421875
2385,2024-11-24 17:39:23.105,79.529,48.264096,25.901259,100.959,424.915,87.0,-89.9,0.0,24.0,1.0,0.07887421875
2386,2024-11-24 17:39:23.138,79.562,48.264096,25.901259,100.959,424.915,87.0,-89.9,0.0,24.0,1.0,0.07887421875
2387,2024-11-24 17:39:23.173,79.597,48.264097,25.901284,100.957,424.914,85.9,-90.0,0.0,24.0,1.0,0.07887265624999999
2388,2024-11-24 17:39:23.204,79.628,48.264097,25.901284,100.957,424.914,85.9,-90.0,0.0,24.0,1.0,0.07887265624999999
2389,2024-11-24 17:39:23.238,79.662,48.264097,25.901284,100.957,424.914,85.9,-90.0,0.0,24.0,1.0,0.07887265624999999
2390,2024-11-24 17:39:23.274,79.698,48.264099,25.90131,100.988,424.945,85.6,-89.9,0.0,24.0,1.0,0.078896875
2391,2024-11-24 17:39:23.305,79.729,48.264099,25.90131,100.988,424.945,85.6,-89.9,0.0,24.0,1.0,0.078896875
2392,2024-11-24 17:39:23.338,79.762,48.264099,25.90131,100.988,424.945,85.6,-89.9,0.0,24.0,1.0,0.078896875
2393,2024-11-24 17:39:23.374,79.798,48.2641,25.901335,101.049,425.006,85.5,-89.9,0.0,24.0,1.0,0.07894453125000002
2394,2024-11-24 17:39:23.405,79.829,48.2641,25.901335,101.049,425.006,85.5,-89.9,0.0,24.0,1.0,0.07894453125000002
2395,2024-11-24 17:39:23.438,79.862,48.2641,25.901335,101.049,425.006,85.5,-89.9,0.0,24.0,1.0,0.07894453125000002
2396,2024-11-24 17:39:23.474,79.898,48.264102,25.90136,101.034,424.991,85.1,-89.9,0.0,24.0,1.0,0.0789328125
2397,2024-11-24 17:39:23.505,79.929,48.264102,25.90136,101.034,424.991,85.1,-89.9,0.0,24.0,1.0,0.0789328125
2398,2024-11-24 17:39:23.538,79.962,48.264102,25.90136,101.034,424.991,85.1,-89.9,0.0,24.0,1.0,0.0789328125
2399,2024-11-24 17:39:23.575,79.999,48.264104,25.901385,101.014,424.971,83.8,-89.9,0.0,24.0,1.0,0.0789171875
2400,2024-11-24 17:39:23.606,80.03,48.264104,25.901385,101.014,424.971,83.8,-89.9,0.0,24.0,1.0,0.0789171875
2401,2024-11-24 17:39:23.638,80.062,48.264104,25.901385,101.014,424.971,83.8,-89.9,0.0,24.0,1.0,0.0789171875
2402,2024-11-24 17:39:23.673,80.097,48.264106,25.90141,100.991,424.948,82.5,-89.9,0.0,24.0,1.0,0.07889921875
2403,2024-11-24 17:39:23.706,80.13,48.264106,25.90141,100.991,424.948,82.5,-89.9,0.0,24.0,1.0,0.07889921875
2404,2024-11-24 17:39:23.739,80.163,48.264106,25.90141,100.991,424.948,82.5,-89.9,0.0,24.0,1.0,0.07889921875
2405,2024-11-24 17:39:23.774,80.198,48.264108,25.901435,100.997,424.954,81.8,-89.9,0.0,24.0,1.0,0.07890390625
2406,2024-11-24 17:39:23.806,80.23,48.264108,25.901435,100.997,424.954,81.8,-89.9,0.0,24.0,1.0,0.07890390625
2407,2024-11-24 17:39:23.838,80.262,48.264108,25.901435,100.997,424.954,81.8,-89.9,0.0,24.0,1.0,0.07890390625
2408,2024-11-24 17:39:23.873,80.297,48.264111,25.90146,101.039,424.996,81.3,-89.9,0.0,24.0,1.0,0.07893671875000001
2409,2024-11-24 17:39:23.906,80.33,48.264111,25.90146,101.039,424.996,81.3,-89.9,0.0,24.0,1.0,0.07893671875000001
2410,2024-11-24 17:39:23.939,80.363,48.264111,25.90146,101.039,424.996,81.3,-89.9,0.0,24.0,1.0,0.07893671875000001
2411,2024-11-24 17:39:23.974,80.398,48.264113,25.901484,101.028,424.985,80.6,-89.9,0.0,24.0,1.0,0.078928125
2412,2024-11-24 17:39:24.005,80.429,48.264113,25.901484,101.028,424.985,80.6,-89.9,0.0,24.0,1.0,0.078928125
2413,2024-11-24 17:39:24.039,80.463,48.264113,25.901484,101.028,424.985,80.6,-89.9,0.0,24.0,1.0,0.078928125
2414,2024-11-24 17:39:24.074,80.498,48.264116,25.901508,101.003,424.959,79.7,-90.0,0.0,24.0,1.0,0.07890859375
2415,2024-11-24 17:39:24.106,80.53,48.264116,25.901508,101.003,424.959,79.7,-90.0,0.0,24.0,1.0,0.07890859375
2416,2024-11-24 17:39:24.139,80.563,48.264116,25.901508,101.003,424.959,79.7,-90.0,0.0,24.0,1.0,0.07890859375
2417,2024-11-24 17:39:24.176,80.6,48.26412,25.901533,100.98,424.936,78.8,-89.9,0.0,24.0,1.0,0.078890625
2418,2024-11-24 17:39:24.206,80.63,48.26412,25.901533,100.98,424.936,78.8,-89.9,0.0,24.0,1.0,0.078890625
2419,2024-11-24 17:39:24.239,80.663,48.26412,25.901533,100.98,424.936,78.8,-89.9,0.0,24.0,1.0,0.078890625
2420,2024-11-24 17:39:24.275,80.699,48.264123,25.901558,100.968,424.925,77.8,-89.9,0.0,24.0,1.0,0.07888125
2421,2024-11-24 17:39:24.306,80.73,48.264123,25.901558,100.968,424.925,77.8,-89.9,0.0,24.0,1.0,0.07888125
2422,2024-11-24 17:39:24.339,80.763,48.264123,25.901558,100.968,424.925,77.8,-89.9,0.0,24.0,1.0,0.07888125
2423,2024-11-24 17:39:24.375,80.799,48.264127,25.901581,100.963,424.919,76.8,-89.9,0.0,24.0,1.0,0.07887734375000001
2424,2024-11-24 17:39:24.407,80.831,48.264127,25.901581,100.963,424.919,76.8,-89.9,0.0,24.0,1.0,0.07887734375000001
2425,2024-11-24 17:39:24.439,80.863,48.264127,25.901581,100.963,424.919,76.8,-89.9,0.0,24.0,1.0,0.07887734375000001
2426,2024-11-24 17:39:24.475,80.899,48.264131,25.901604,100.956,424.913,75.9,-89.9,0.0,24.0,1.0,0.078871875
2427,2024-11-24 17:39:24.506,80.93,48.264131,25.901604,100.956,424.913,75.9,-89.9,0.0,24.0,1.0,0.078871875
2428,2024-11-24 17:39:24.539,80.963,48.264131,25.901604,100.956,424.913,75.9,-89.9,0.0,24.0,1.0,0.078871875
2429,2024-11-24 17:39:24.574,80.998,48.264135,25.901628,100.948,424.905,75.4,-89.9,0.0,24.0,1.0,0.078865625
2430,2024-11-24 17:39:24.606,81.03,48.264135,25.901628,100.948,424.905,75.4,-89.9,0.0,24.0,1.0,0.078865625
2431,2024-11-24 17:39:24.639,81.063,48.264135,25.901628,100.948,424.905,75.4,-89.9,0.0,24.0,1.0,0.078865625
2432,2024-11-24 17:39:24.675,81.099,48.264139,25.901651,100.944,424.901,75.2,-89.9,0.0,24.0,1.0,0.0788625
2433,2024-11-24 17:39:24.707,81.131,48.264139,25.901651,100.944,424.901,75.2,-89.9,0.0,24.0,1.0,0.0788625
2434,2024-11-24 17:39:24.739,81.163,48.264139,25.901651,100.944,424.901,75.2,-89.9,0.0,24.0,1.0,0.0788625
2435,2024-11-24 17:39:24.773,81.197,48.264144,25.901674,100.931,424.888,75.2,-89.9,0.0,24.0,1.0,0.07885234375
2436,2024-11-24 17:39:24.807,81.231,48.264144,25.901674,100.931,424.888,75.2,-89.9,0.0,24.0,1.0,0.07885234375
2437,2024-11-24 17:39:24.839,81.263,48.264144,25.901674,100.931,424.888,75.2,-89.9,0.0,24.0,1.0,0.07885234375
2438,2024-11-24 17:39:24.874,81.298,48.264148,25.901698,100.914,424.871,75.3,-89.9,0.0,24.0,1.0,0.0788390625
2439,2024-11-24 17:39:24.907,81.331,48.264148,25.901698,100.914,424.871,75.3,-89.9,0.0,24.0,1.0,0.0788390625
2440,2024-11-24 17:39:24.939,81.363,48.264148,25.901698,100.914,424.871,75.3,-89.9,0.0,24.0,1.0,0.0788390625
2441,2024-11-24 17:39:24.975,81.399,48.264152,25.901721,100.896,424.853,76.2,-89.9,0.0,24.0,1.0,0.07882499999999999
2442,2024-11-24 17:39:25.006,81.43,48.264152,25.901721,100.896,424.853,76.2,-89.9,0.0,24.0,1.0,0.07882499999999999
2443,2024-11-24 17:39:25.040,81.464,48.264152,25.901721,100.896,424.853,76.2,-89.9,0.0,24.0,1.0,0.07882499999999999
2444,2024-11-24 17:39:25.076,81.5,48.264157,25.901745,100.9,424.856,77.4,-90.0,0.0,24.0,1.0,0.07882812500000001
2445,2024-11-24 17:39:25.107,81.531,48.264157,25.901745,100.9,424.856,77.4,-90.0,0.0,24.0,1.0,0.07882812500000001
2446,2024-11-24 17:39:25.140,81.564,48.264157,25.901745,100.9,424.856,77.4,-90.0,0.0,24.0,1.0,0.07882812500000001
2447,2024-11-24 17:39:25.174,81.598,48.26416,25.901769,100.925,424.882,78.4,-89.9,0.0,24.0,1.0,0.07884765625
2448,2024-11-24 17:39:25.207,81.631,48.26416,25.901769,100.925,424.882,78.4,-89.9,0.0,24.0,1.0,0.07884765625
2449,2024-11-24 17:39:25.240,81.664,48.26416,25.901769,100.925,424.882,78.4,-89.9,0.0,24.0,1.0,0.07884765625
2450,2024-11-24 17:39:25.275,81.699,48.264163,25.901792,100.972,424.929,79.0,-89.9,0.0,24.0,1.0,0.07888437499999999
2451,2024-11-24 17:39:25.308,81.732,48.264163,25.901792,100.972,424.929,79.0,-89.9,0.0,24.0,1.0,0.07888437499999999
2452,2024-11-24 17:39:25.340,81.764,48.264163,25.901792,100.972,424.929,79.0,-89.9,0.0,24.0,1.0,0.07888437499999999
2453,2024-11-24 17:39:25.373,81.797,48.264166,25.901817,101.013,424.969,79.0,-90.0,0.0,24.0,1.0,0.07891640625
2454,2024-11-24 17:39:25.407,81.831,48.264166,25.901817,101.013,424.969,79.0,-90.0,0.0,24.0,1.0,0.07891640625
2455,2024-11-24 17:39:25.440,81.864,48.264166,25.901817,101.013,424.969,79.0,-90.0,0.0,24.0,1.0,0.07891640625
2456,2024-11-24 17:39:25.475,81.899,48.264169,25.90184,101.006,424.963,79.0,-89.9,0.0,24.0,1.0,0.07891093750000001
2457,2024-11-24 17:39:25.507,81.931,48.264169,25.90184,101.006,424.963,79.0,-89.9,0.0,24.0,1.0,0.07891093750000001
2458,2024-11-24 17:39:25.541,81.965,48.264169,25.90184,101.006,424.963,79.0,-89.9,0.0,24.0,1.0,0.07891093750000001
2459,2024-11-24 17:39:25.574,81.998,48.264172,25.901864,100.989,424.946,79.0,-90.0,0.0,24.0,1.0,0.07889765624999999
2460,2024-11-24 17:39:25.607,82.031,48.264172,25.901864,100.989,424.946,79.0,-90.0,0.0,24.0,1.0,0.07889765624999999
2461,2024-11-24 17:39:25.640,82.064,48.264172,25.901864,100.989,424.946,79.0,-90.0,0.0,24.0,1.0,0.07889765624999999
2462,2024-11-24 17:39:25.676,82.1,48.264175,25.901888,100.978,424.935,79.0,-89.9,0.0,24.0,1.0,0.0788890625
2463,2024-11-24 17:39:25.709,82.133,48.264175,25.901888,100.978,424.935,79.0,-89.9,0.0,24.0,1.0,0.0788890625
2464,2024-11-24 17:39:25.741,82.165,48.264175,25.901888,100.978,424.935,79.0,-89.9,0.0,24.0,1.0,0.0788890625
2465,2024-11-24 17:39:25.774,82.198,48.264178,25.901912,100.992,424.948,79.0,-89.9,0.0,24.0,1.0,0.0789
2466,2024-11-24 17:39:25.807,82.231,48.264178,25.901912,100.992,424.948,79.0,-89.9,0.0,24.0,1.0,0.0789
2467,2024-11-24 17:39:25.840,82.264,48.264178,25.901912,100.992,424.948,79.0,-89.9,0.0,24.0,1.0,0.0789
2468,2024-11-24 17:39:25.876,82.3,48.264181,25.901936,100.988,424.945,79.2,-89.9,0.0,24.0,1.0,0.078896875
2469,2024-11-24 17:39:25.908,82.332,48.264181,25.901936,100.988,424.945,79.2,-89.9,0.0,24.0,1.0,0.078896875
2470,2024-11-24 17:39:25.940,82.364,48.264181,25.901936,100.988,424.945,79.2,-89.9,0.0,24.0,1.0,0.078896875
2471,2024-11-24 17:39:25.976,82.4,48.264184,25.901961,100.991,424.948,79.5,-89.9,0.0,24.0,1.0,0.07889921875
2472,2024-11-24 17:39:26.007,82.431,48.264184,25.901961,100.991,424.948,79.5,-89.9,0.0,24.0,1.0,0.07889921875
2473,2024-11-24 17:39:26.041,82.465,48.264184,25.901961,100.991,424.948,79.5,-89.9,0.0,24.0,1.0,0.07889921875
2474,2024-11-24 17:39:26.075,82.499,48.264187,25.901985,100.99,424.946,79.7,-89.9,0.0,24.0,1.0,0.07889843749999999
2475,2024-11-24 17:39:26.107,82.531,48.264187,25.901985,100.99,424.946,79.7,-89.9,0.0,24.0,1.0,0.07889843749999999
2476,2024-11-24 17:39:26.141,82.565,48.264187,25.901985,100.99,424.946,79.7,-89.9,0.0,24.0,1.0,0.07889843749999999
2477,2024-11-24 17:39:26.176,82.6,48.26419,25.90201,100.993,424.949,79.8,-89.9,0.0,24.0,1.0,0.07890078125
2478,2024-11-24 17:39:26.208,82.632,48.26419,25.90201,100.993,424.949,79.8,-89.9,0.0,24.0,1.0,0.07890078125
2479,2024-11-24 17:39:26.240,82.664,48.26419,25.90201,100.993,424.949,79.8,-89.9,0.0,24.0,1.0,0.07890078125
2480,2024-11-24 17:39:26.275,82.699,48.264193,25.902034,100.994,424.95,79.8,-89.9,0.0,24.0,1.0,0.0789015625
2481,2024-11-24 17:39:26.310,82.734,48.264193,25.902034,100.994,424.95,79.8,-89.9,0.0,24.0,1.0,0.0789015625
2482,2024-11-24 17:39:26.341,82.765,48.264193,25.902034,100.994,424.95,79.8,-89.9,0.0,24.0,1.0,0.0789015625
2483,2024-11-24 17:39:26.376,82.8,48.264196,25.902059,100.993,424.95,79.8,-89.9,0.0,24.0,1.0,0.07890078125
2484,2024-11-24 17:39:26.411,82.835,48.264196,25.902059,100.993,424.95,79.8,-89.9,0.0,24.0,1.0,0.07890078125
2485,2024-11-24 17:39:26.441,82.865,48.264196,25.902059,100.993,424.95,79.8,-89.9,0.0,24.0,1.0,0.07890078125
2486,2024-11-24 17:39:26.476,82.9,48.264199,25.902084,100.99,424.947,79.8,-89.9,0.0,24.0,1.0,0.07889843749999999
2487,2024-11-24 17:39:26.508,82.932,48.264199,25.902084,100.99,424.947,79.8,-89.9,0.0,24.0,1.0,0.07889843749999999
2488,2024-11-24 17:39:26.541,82.965,48.264199,25.902084,100.99,424.947,79.8,-89.9,0.0,24.0,1.0,0.07889843749999999
2489,2024-11-24 17:39:26.576,83.0,48.264202,25.902108,101.01,424.966,79.8,-89.9,0.0,24.0,1.0,0.0789140625
2490,2024-11-24 17:39:26.611,83.035,48.264202,25.902108,101.01,424.966,79.8,-89.9,0.0,24.0,1.0,0.0789140625
2491,2024-11-24 17:39:26.641,83.065,48.264202,25.902108,101.01,424.966,79.8,-89.9,0.0,24.0,1.0,0.0789140625
2492,2024-11-24 17:39:26.675,83.099,48.264205,25.902133,101.031,424.987,79.8,-89.9,0.0,24.0,1.0,0.07893046875000001
2493,2024-11-24 17:39:26.709,83.133,48.264205,25.902133,101.031,424.987,79.8,-89.9,0.0,24.0,1.0,0.07893046875000001
2494,2024-11-24 17:39:26.741,83.165,48.264205,25.902133,101.031,424.987,79.8,-89.9,0.0,24.0,1.0,0.07893046875000001
2495,2024-11-24 17:39:26.776,83.2,48.264208,25.902158,101.04,424.997,79.8,-89.9,0.0,24.0,1.0,0.07893750000000001
2496,2024-11-24 17:39:26.808,83.232,48.264208,25.902158,101.04,424.997,79.8,-89.9,0.0,24.0,1.0,0.07893750000000001
2497,2024-11-24 17:39:26.841,83.265,48.264208,25.902158,101.04,424.997,79.8,-89.9,0.0,24.0,1.0,0.07893750000000001
2498,2024-11-24 17:39:26.875,83.299,48.264211,25.902183,101.033,424.99,79.8,-89.9,0.0,24.0,1.0,0.07893203124999999
2499,2024-11-24 17:39:26.909,83.333,48.264211,25.902183,101.033,424.99,79.8,-89.9,0.0,24.0,1.0,0.07893203124999999
2500,2024-11-24 17:39:26.942,83.366,48.264211,25.902183,101.033,424.99,79.8,-89.9,0.0,24.0,1.0,0.07893203124999999
2501,2024-11-24 17:39:26.976,83.4,48.264214,25.902208,101.026,424.983,79.8,-89.9,0.0,24.0,1.0,0.07892656249999999
2502,2024-11-24 17:39:27.011,83.435,48.264214,25.902208,101.026,424.983,79.8,-89.9,0.0,24.0,1.0,0.07892656249999999
2503,2024-11-24 17:39:27.042,83.466,48.264214,25.902208,101.026,424.983,79.8,-89.9,0.0,24.0,1.0,0.07892656249999999
2504,2024-11-24 17:39:27.076,83.5,48.264217,25.902233,101.015,424.971,79.8,-89.9,0.0,24.0,1.0,0.07891796875
2505,2024-11-24 17:39:27.109,83.533,48.264217,25.902233,101.015,424.971,79.8,-89.9,0.0,24.0,1.0,0.07891796875
2506,2024-11-24 17:39:27.142,83.566,48.264217,25.902233,101.015,424.971,79.8,-89.9,0.0,24.0,1.0,0.07891796875
2507,2024-11-24 17:39:27.176,83.6,48.26422,25.902258,101.011,424.968,79.8,-89.9,0.0,24.0,1.0,0.07891484375
2508,2024-11-24 17:39:27.210,83.634,48.26422,25.902258,101.011,424.968,79.8,-89.9,0.0,24.0,1.0,0.07891484375
2509,2024-11-24 17:39:27.241,83.665,48.26422,25.902258,101.011,424.968,79.8,-89.9,0.0,24.0,1.0,0.07891484375
2510,2024-11-24 17:39:27.276,83.7,48.264223,25.902284,101.006,424.962,79.8,-89.9,0.0,24.0,1.0,0.07891093750000001
2511,2024-11-24 17:39:27.309,83.733,48.264223,25.902284,101.006,424.962,79.8,-89.9,0.0,24.0,1.0,0.07891093750000001
2512,2024-11-24 17:39:27.343,83.767,48.264223,25.902284,101.006,424.962,79.8,-89.9,0.0,24.0,1.0,0.07891093750000001
2513,2024-11-24 17:39:27.378,83.802,48.264226,25.902309,101.0,424.957,79.7,-89.9,0.0,24.0,1.0,0.07890625
2514,2024-11-24 17:39:27.409,83.833,48.264226,25.902309,101.0,424.957,79.7,-89.9,0.0,24.0,1.0,0.07890625
2515,2024-11-24 17:39:27.442,83.866,48.264226,25.902309,101.0,424.957,79.7,-89.9,0.0,24.0,1.0,0.07890625
2516,2024-11-24 17:39:27.476,83.9,48.264229,25.902334,100.994,424.951,79.3,-89.9,0.0,24.0,1.0,0.0789015625
2517,2024-11-24 17:39:27.509,83.933,48.264229,25.902334,100.994,424.951,79.3,-89.9,0.0,24.0,1.0,0.0789015625
2518,2024-11-24 17:39:27.542,83.966,48.264229,25.902334,100.994,424.951,79.3,-89.9,0.0,24.0,1.0,0.0789015625
2519,2024-11-24 17:39:27.576,84.0,48.264232,25.90236,100.988,424.944,78.9,-90.0,0.0,24.0,1.0,0.078896875
2520,2024-11-24 17:39:27.608,84.032,48.264232,25.90236,100.988,424.944,78.9,-90.0,0.0,24.0,1.0,0.078896875
2521,2024-11-24 17:39:27.643,84.067,48.264232,25.90236,100.988,424.944,78.9,-90.0,0.0,24.0,1.0,0.078896875
2522,2024-11-24 17:39:27.678,84.102,48.264235,25.902386,100.989,424.946,78.8,-89.9,0.0,24.0,1.0,0.07889765624999999
2523,2024-11-24 17:39:27.709,84.133,48.264235,25.902386,100.989,424.946,78.8,-89.9,0.0,24.0,1.0,0.07889765624999999
2524,2024-11-24 17:39:27.742,84.166,48.264235,25.902386,100.989,424.946,78.8,-89.9,0.0,24.0,1.0,0.07889765624999999
2525,2024-11-24 17:39:27.776,84.2,48.264239,25.902411,100.988,424.945,78.8,-89.9,0.0,24.0,1.0,0.078896875
2526,2024-11-24 17:39:27.810,84.234,48.264239,25.902411,100.988,424.945,78.8,-89.9,0.0,24.0,1.0,0.078896875
2527,2024-11-24 17:39:27.842,84.266,48.264239,25.902411,100.988,424.945,78.8,-89.9,0.0,24.0,1.0,0.078896875
2528,2024-11-24 17:39:27.876,84.3,48.264242,25.902437,100.976,424.933,78.8,-90.0,0.0,24.0,1.0,0.0788875
2529,2024-11-24 17:39:27.910,84.334,48.264242,25.902437,100.976,424.933,78.8,-90.0,0.0,24.0,1.0,0.0788875
2530,2024-11-24 17:39:27.942,84.366,48.264242,25.902437,100.976,424.933,78.8,-90.0,0.0,24.0,1.0,0.0788875
2531,2024-11-24 17:39:27.977,84.401,48.264246,25.902462,100.981,424.938,78.8,-90.0,0.0,24.0,1.0,0.07889140624999999
2532,2024-11-24 17:39:28.009,84.433,48.264246,25.902462,100.981,424.938,78.8,-90.0,0.0,24.0,1.0,0.07889140624999999
2533,2024-11-24 17:39:28.043,84.467,48.264246,25.902462,100.981,424.938,78.8,-90.0,0.0,24.0,1.0,0.07889140624999999
2534,2024-11-24 17:39:28.076,84.5,48.264249,25.902488,101.017,424.974,78.8,-89.9,0.0,24.0,1.0,0.07891953125
2535,2024-11-24 17:39:28.110,84.534,48.264249,25.902488,101.017,424.974,78.8,-89.9,0.0,24.0,1.0,0.07891953125
2536,2024-11-24 17:39:28.142,84.566,48.264249,25.902488,101.017,424.974,78.8,-89.9,0.0,24.0,1.0,0.07891953125
2537,2024-11-24 17:39:28.176,84.6,48.264253,25.902513,101.027,424.984,78.3,-89.9,0.0,24.0,1.0,0.07892734375
2538,2024-11-24 17:39:28.212,84.636,48.264253,25.902513,101.027,424.984,78.3,-89.9,0.0,24.0,1.0,0.07892734375
2539,2024-11-24 17:39:28.243,84.667,48.264253,25.902513,101.027,424.984,78.3,-89.9,0.0,24.0,1.0,0.07892734375
2540,2024-11-24 17:39:28.276,84.7,48.264256,25.902539,101.011,424.967,77.1,-90.0,0.0,24.0,1.0,0.07891484375
2541,2024-11-24 17:39:28.310,84.734,48.264256,25.902539,101.011,424.967,77.1,-90.0,0.0,24.0,1.0,0.07891484375
2542,2024-11-24 17:39:28.343,84.767,48.264256,25.902539,101.011,424.967,77.1,-90.0,0.0,24.0,1.0,0.07891484375
2543,2024-11-24 17:39:28.377,84.801,48.26426,25.902564,101.003,424.96,76.1,-90.0,0.0,24.0,1.0,0.07890859375
2544,2024-11-24 17:39:28.410,84.834,48.26426,25.902564,101.003,424.96,76.1,-90.0,0.0,24.0,1.0,0.07890859375
2545,2024-11-24 17:39:28.444,84.868,48.26426,25.902564,101.003,424.96,76.1,-90.0,0.0,24.0,1.0,0.07890859375
2546,2024-11-24 17:39:28.477,84.901,48.264264,25.90259,101.025,424.982,76.0,-89.9,0.0,24.0,1.0,0.07892578125000001
2547,2024-11-24 17:39:28.511,84.935,48.264264,25.90259,101.025,424.982,76.0,-89.9,0.0,24.0,1.0,0.07892578125000001
2548,2024-11-24 17:39:28.543,84.967,48.264264,25.90259,101.025,424.982,76.0,-89.9,0.0,24.0,1.0,0.07892578125000001
2549,2024-11-24 17:39:28.576,85.0,48.264269,25.902615,101.077,425.033,76.1,-89.9,0.0,24.0,1.0,0.07896640625
2550,2024-11-24 17:39:28.613,85.037,48.264269,25.902615,101.077,425.033,76.1,-89.9,0.0,24.0,1.0,0.07896640625
2551,2024-11-24 17:39:28.643,85.067,48.264269,25.902615,101.077,425.033,76.1,-89.9,0.0,24.0,1.0,0.07896640625
2552,2024-11-24 17:39:28.677,85.101,48.264273,25.90264,101.046,425.002,76.0,-90.0,0.0,24.0,1.0,0.07894218750000001
2553,2024-11-24 17:39:28.711,85.135,48.264273,25.90264,101.046,425.002,76.0,-90.0,0.0,24.0,1.0,0.07894218750000001
2554,2024-11-24 17:39:28.743,85.167,48.264273,25.90264,101.046,425.002,76.0,-90.0,0.0,24.0,1.0,0.07894218750000001
2555,2024-11-24 17:39:28.777,85.201,48.264278,25.902665,101.047,425.004,76.0,-90.0,0.0,24.0,1.0,0.07894296875
2556,2024-11-24 17:39:28.813,85.237,48.264278,25.902665,101.047,425.004,76.0,-90.0,0.0,24.0,1.0,0.07894296875
2557,2024-11-24 17:39:28.843,85.267,48.264278,25.902665,101.047,425.004,76.0,-90.0,0.0,24.0,1.0,0.07894296875
2558,2024-11-24 17:39:28.876,85.3,48.264283,25.90269,101.064,425.02,76.0,-89.9,0.0,24.0,1.0,0.07895625
2559,2024-11-24 17:39:28.910,85.334,48.264283,25.90269,101.064,425.02,76.0,-89.9,0.0,24.0,1.0,0.07895625
2560,2024-11-24 17:39:28.943,85.367,48.264283,25.90269,101.064,425.02,76.0,-89.9,0.0,24.0,1.0,0.07895625
2561,2024-11-24 17:39:28.977,85.401,48.264287,25.902715,101.059,425.016,76.0,-89.9,0.0,24.0,1.0,0.07895234375
2562,2024-11-24 17:39:29.012,85.436,48.264287,25.902715,101.059,425.016,76.0,-89.9,0.0,24.0,1.0,0.07895234375
2563,2024-11-24 17:39:29.044,85.468,48.264287,25.902715,101.059,425.016,76.0,-89.9,0.0,24.0,1.0,0.07895234375
2564,2024-11-24 17:39:29.077,85.501,48.264291,25.90274,101.03,424.987,75.8,-89.9,0.0,24.0,1.0,0.07892968750000001
2565,2024-11-24 17:39:29.111,85.535,48.264291,25.90274,101.03,424.987,75.8,-89.9,0.0,24.0,1.0,0.07892968750000001
2566,2024-11-24 17:39:29.143,85.567,48.264291,25.90274,101.03,424.987,75.8,-89.9,0.0,24.0,1.0,0.07892968750000001
2567,2024-11-24 17:39:29.178,85.602,48.264296,25.902765,101.012,424.968,75.2,-89.9,0.0,24.0,1.0,0.078915625
2568,2024-11-24 17:39:29.211,85.635,48.264296,25.902765,101.012,424.968,75.2,-89.9,0.0,24.0,1.0,0.078915625
2569,2024-11-24 17:39:29.244,85.668,48.264296,25.902765,101.012,424.968,75.2,-89.9,0.0,24.0,1.0,0.078915625
2570,2024-11-24 17:39:29.277,85.701,48.2643,25.902791,100.996,424.952,74.4,-90.0,0.0,24.0,1.0,0.078903125
2571,2024-11-24 17:39:29.312,85.736,48.2643,25.902791,100.996,424.952,74.4,-90.0,0.0,24.0,1.0,0.078903125
2572,2024-11-24 17:39:29.344,85.768,48.2643,25.902791,100.996,424.952,74.4,-90.0,0.0,24.0,1.0,0.078903125
2573,2024-11-24 17:39:29.376,85.8,48.264305,25.902816,100.994,424.951,73.6,-90.0,0.0,24.0,1.0,0.0789015625
2574,2024-11-24 17:39:29.412,85.836,48.264305,25.902816,100.994,424.951,73.6,-90.0,0.0,24.0,1.0,0.0789015625
2575,2024-11-24 17:39:29.444,85.868,48.264305,25.902816,100.994,424.951,73.6,-90.0,0.0,24.0,1.0,0.0789015625
2576,2024-11-24 17:39:29.478,85.902,48.26431,25.902841,101.008,424.964,72.8,-90.0,0.0,24.0,1.0,0.0789125
2577,2024-11-24 17:39:29.511,85.935,48.26431,25.902841,101.008,424.964,72.8,-90.0,0.0,24.0,1.0,0.0789125
2578,2024-11-24 17:39:29.544,85.968,48.26431,25.902841,101.008,424.964,72.8,-90.0,0.0,24.0,1.0,0.0789125
2579,2024-11-24 17:39:29.577,86.001,48.264316,25.902866,101.04,424.996,72.0,-90.0,0.0,24.0,1.0,0.07893750000000001
2580,2024-11-24 17:39:29.612,86.036,48.264316,25.902866,101.04,424.996,72.0,-90.0,0.0,24.0,1.0,0.07893750000000001
2581,2024-11-24 17:39:29.644,86.068,48.264316,25.902866,101.04,424.996,72.0,-90.0,0.0,24.0,1.0,0.07893750000000001
2582,2024-11-24 17:39:29.678,86.102,48.264321,25.90289,101.051,425.008,71.1,-90.0,0.0,24.0,1.0,0.07894609375
2583,2024-11-24 17:39:29.712,86.136,48.264321,25.90289,101.051,425.008,71.1,-90.0,0.0,24.0,1.0,0.07894609375
2584,2024-11-24 17:39:29.745,86.169,48.264321,25.90289,101.051,425.008,71.1,-90.0,0.0,24.0,1.0,0.07894609375
2585,2024-11-24 17:39:29.778,86.202,48.264327,25.902915,101.052,425.008,70.3,-90.0,0.0,24.0,1.0,0.078946875
2586,2024-11-24 17:39:29.812,86.236,48.264327,25.902915,101.052,425.008,70.3,-90.0,0.0,24.0,1.0,0.078946875
2587,2024-11-24 17:39:29.845,86.269,48.264327,25.902915,101.052,425.008,70.3,-90.0,0.0,24.0,1.0,0.078946875
2588,2024-11-24 17:39:29.877,86.301,48.264333,25.902939,101.064,425.02,69.4,-89.9,0.0,24.0,1.0,0.07895625
2589,2024-11-24 17:39:29.912,86.336,48.264333,25.902939,101.064,425.02,69.4,-89.9,0.0,24.0,1.0,0.07895625
2590,2024-11-24 17:39:29.945,86.369,48.264333,25.902939,101.064,425.02,69.4,-89.9,0.0,24.0,1.0,0.07895625
2591,2024-11-24 17:39:29.978,86.402,48.264339,25.902963,101.064,425.02,68.5,-90.0,0.0,24.0,1.0,0.07895625
2592,2024-11-24 17:39:30.013,86.437,48.264339,25.902963,101.064,425.02,68.5,-90.0,0.0,24.0,1.0,0.07895625
2593,2024-11-24 17:39:30.044,86.468,48.264339,25.902963,101.064,425.02,68.5,-90.0,0.0,24.0,1.0,0.07895625
2594,2024-11-24 17:39:30.078,86.502,48.264346,25.902986,101.058,425.014,67.6,-90.0,0.0,24.0,1.0,0.0789515625
2595,2024-11-24 17:39:30.112,86.536,48.264346,25.902986,101.058,425.014,67.6,-90.0,0.0,24.0,1.0,0.0789515625
2596,2024-11-24 17:39:30.145,86.569,48.264346,25.902986,101.058,425.014,67.6,-90.0,0.0,24.0,1.0,0.0789515625
2597,2024-11-24 17:39:30.177,86.601,48.264352,25.90301,101.048,425.004,66.6,-90.0,0.0,24.0,1.0,0.07894375000000001
2598,2024-11-24 17:39:30.214,86.638,48.264352,25.90301,101.048,425.004,66.6,-90.0,0.0,24.0,1.0,0.07894375000000001
2599,2024-11-24 17:39:30.245,86.669,48.264352,25.90301,101.048,425.004,66.6,-90.0,0.0,24.0,1.0,0.07894375000000001
2600,2024-11-24 17:39:30.278,86.702,48.264359,25.903033,101.039,424.996,65.6,-90.0,0.0,24.0,1.0,0.07893671875000001
2601,2024-11-24 17:39:30.312,86.736,48.264359,25.903033,101.039,424.996,65.6,-90.0,0.0,24.0,1.0,0.07893671875000001
2602,2024-11-24 17:39:30.344,86.768,48.264359,25.903033,101.039,424.996,65.6,-90.0,0.0,24.0,1.0,0.07893671875000001
2603,2024-11-24 17:39:30.378,86.802,48.264367,25.903056,101.028,424.984,64.3,-90.0,0.0,24.0,1.0,0.078928125
2604,2024-11-24 17:39:30.414,86.838,48.264367,25.903056,101.028,424.984,64.3,-90.0,0.0,24.0,1.0,0.078928125
2605,2024-11-24 17:39:30.445,86.869,48.264367,25.903056,101.028,424.984,64.3,-90.0,0.0,24.0,1.0,0.078928125
2606,2024-11-24 17:39:30.479,86.903,48.264374,25.903078,101.011,424.968,63.0,-90.0,0.0,24.0,1.0,0.07891484375
2607,2024-11-24 17:39:30.513,86.937,48.264374,25.903078,101.011,424.968,63.0,-90.0,0.0,24.0,1.0,0.07891484375
2608,2024-11-24 17:39:30.545,86.969,48.264374,25.903078,101.011,424.968,63.0,-90.0,0.0,24.0,1.0,0.07891484375
2609,2024-11-24 17:39:30.578,87.002,48.264382,25.9031,101.0,424.957,62.0,-90.0,0.0,24.0,1.0,0.07890625
2610,2024-11-24 17:39:30.613,87.037,48.264382,25.9031,101.0,424.957,62.0,-90.0,0.0,24.0,1.0,0.07890625
2611,2024-11-24 17:39:30.645,87.069,48.264382,25.9031,101.0,424.957,62.0,-90.0,0.0,24.0,1.0,0.07890625
2612,2024-11-24 17:39:30.678,87.102,48.26439,25.903122,100.999,424.955,61.1,-90.0,0.0,24.0,1.0,0.07890546874999999
2613,2024-11-24 17:39:30.713,87.137,48.26439,25.903122,100.999,424.955,61.1,-90.0,0.0,24.0,1.0,0.07890546874999999
2614,2024-11-24 17:39:30.746,87.17,48.26439,25.903122,100.999,424.955,61.1,-90.0,0.0,24.0,1.0,0.07890546874999999
2615,2024-11-24 17:39:30.779,87.203,48.264398,25.903143,100.991,424.948,60.3,-89.9,0.0,24.0,1.0,0.07889921875
2616,2024-11-24 17:39:30.815,87.239,48.264398,25.903143,100.991,424.948,60.3,-89.9,0.0,24.0,1.0,0.07889921875
2617,2024-11-24 17:39:30.846,87.27,48.264398,25.903143,100.991,424.948,60.3,-89.9,0.0,24.0,1.0,0.07889921875
2618,2024-11-24 17:39:30.879,87.303,48.264406,25.903165,100.987,424.944,59.6,-90.0,0.0,24.0,1.0,0.07889609375000001
2619,2024-11-24 17:39:30.913,87.337,48.264406,25.903165,100.987,424.944,59.6,-90.0,0.0,24.0,1.0,0.07889609375000001
2620,2024-11-24 17:39:30.946,87.37,48.264406,25.903165,100.987,424.944,59.6,-90.0,0.0,24.0,1.0,0.07889609375000001
2621,2024-11-24 17:39:30.979,87.403,48.264415,25.903185,100.982,424.938,58.9,-90.0,0.0,24.0,1.0,0.0788921875
2622,2024-11-24 17:39:31.015,87.439,48.264415,25.903185,100.982,424.938,58.9,-90.0,0.0,24.0,1.0,0.0788921875
2623,2024-11-24 17:39:31.046,87.47,48.264415,25.903185,100.982,424.938,58.9,-90.0,0.0,24.0,1.0,0.0788921875
2624,2024-11-24 17:39:31.079,87.503,48.264423,25.903206,100.991,424.947,58.6,-89.9,0.0,24.0,1.0,0.07889921875
2625,2024-11-24 17:39:31.113,87.537,48.264423,25.903206,100.991,424.947,58.6,-89.9,0.0,24.0,1.0,0.07889921875
2626,2024-11-24 17:39:31.145,87.569,48.264423,25.903206,100.991,424.947,58.6,-89.9,0.0,24.0,1.0,0.07889921875
2627,2024-11-24 17:39:31.179,87.603,48.264432,25.903227,100.995,424.951,58.3,-89.9,0.0,24.0,1.0,0.07890234375
2628,2024-11-24 17:39:31.214,87.638,48.264432,25.903227,100.995,424.951,58.3,-89.9,0.0,24.0,1.0,0.07890234375
2629,2024-11-24 17:39:31.245,87.669,48.264432,25.903227,100.995,424.951,58.3,-89.9,0.0,24.0,1.0,0.07890234375
2630,2024-11-24 17:39:31.279,87.703,48.264441,25.903247,100.99,424.946,57.9,-89.9,0.0,24.0,1.0,0.07889843749999999
2631,2024-11-24 17:39:31.312,87.736,48.264441,25.903247,100.99,424.946,57.9,-89.9,0.0,24.0,1.0,0.07889843749999999
2632,2024-11-24 17:39:31.345,87.769,48.264441,25.903247,100.99,424.946,57.9,-89.9,0.0,24.0,1.0,0.07889843749999999
2633,2024-11-24 17:39:31.379,87.803,48.26445,25.903268,100.994,424.95,57.8,-89.9,0.0,24.0,1.0,0.0789015625
2634,2024-11-24 17:39:31.414,87.838,48.26445,25.903268,100.994,424.95,57.8,-89.9,0.0,24.0,1.0,0.0789015625
2635,2024-11-24 17:39:31.446,87.87,48.26445,25.903268,100.994,424.95,57.8,-89.9,0.0,24.0,1.0,0.0789015625
2636,2024-11-24 17:39:31.479,87.903,48.264459,25.903289,101.002,424.959,57.6,-90.0,0.0,24.0,1.0,0.0789078125
2637,2024-11-24 17:39:31.513,87.937,48.264459,25.903289,101.002,424.959,57.6,-90.0,0.0,24.0,1.0,0.0789078125
2638,2024-11-24 17:39:31.546,87.97,48.264459,25.903289,101.002,424.959,57.6,-90.0,0.0,24.0,1.0,0.0789078125
2639,2024-11-24 17:39:31.580,88.004,48.264467,25.903309,101.015,424.972,57.5,-89.9,0.0,24.0,1.0,0.07891796875
2640,2024-11-24 17:39:31.615,88.039,48.264467,25.903309,101.015,424.972,57.5,-89.9,0.0,24.0,1.0,0.07891796875
2641,2024-11-24 17:39:31.647,88.071,48.264467,25.903309,101.015,424.972,57.5,-89.9,0.0,24.0,1.0,0.07891796875
2642,2024-11-24 17:39:31.679,88.103,48.264476,25.90333,101.031,424.988,57.4,-89.9,0.0,24.0,1.0,0.07893046875000001
2643,2024-11-24 17:39:31.712,88.136,48.264476,25.90333,101.031,424.988,57.4,-89.9,0.0,24.0,1.0,0.07893046875000001
2644,2024-11-24 17:39:31.747,88.171,48.264476,25.90333,101.031,424.988,57.4,-89.9,0.0,24.0,1.0,0.07893046875000001
2645,2024-11-24 17:39:31.780,88.204,48.264485,25.903351,101.045,425.001,57.2,-89.9,0.0,24.0,1.0,0.07894140625
2646,2024-11-24 17:39:31.813,88.237,48.264485,25.903351,101.045,425.001,57.2,-89.9,0.0,24.0,1.0,0.07894140625
2647,2024-11-24 17:39:31.847,88.271,48.264485,25.903351,101.045,425.001,57.2,-89.9,0.0,24.0,1.0,0.07894140625
2648,2024-11-24 17:39:31.880,88.304,48.264494,25.903372,101.062,425.018,57.0,-89.9,0.0,24.0,1.0,0.0789546875
2649,2024-11-24 17:39:31.913,88.337,48.264494,25.903372,101.062,425.018,57.0,-89.9,0.0,24.0,1.0,0.0789546875
2650,2024-11-24 17:39:31.946,88.37,48.264494,25.903372,101.062,425.018,57.0,-89.9,0.0,24.0,1.0,0.0789546875
2651,2024-11-24 17:39:31.980,88.404,48.264503,25.903393,101.075,425.032,56.5,-90.0,0.0,24.0,1.0,0.07896484375
2652,2024-11-24 17:39:32.014,88.438,48.264503,25.903393,101.075,425.032,56.5,-90.0,0.0,24.0,1.0,0.07896484375
2653,2024-11-24 17:39:32.047,88.471,48.264503,25.903393,101.075,425.032,56.5,-90.0,0.0,24.0,1.0,0.07896484375
2654,2024-11-24 17:39:32.079,88.503,48.264513,25.903414,101.086,425.042,55.9,-90.0,0.0,24.0,1.0,0.0789734375
2655,2024-11-24 17:39:32.114,88.538,48.264513,25.903414,101.086,425.042,55.9,-90.0,0.0,24.0,1.0,0.0789734375
2656,2024-11-24 17:39:32.146,88.57,48.264513,25.903414,101.086,425.042,55.9,-90.0,0.0,24.0,1.0,0.0789734375
2657,2024-11-24 17:39:32.180,88.604,48.264522,25.903434,101.1,425.057,55.3,-90.0,0.0,24.0,1.0,0.07898437499999998
2658,2024-11-24 17:39:32.218,88.642,48.264522,25.903434,101.1,425.057,55.3,-90.0,0.0,24.0,1.0,0.07898437499999998
2659,2024-11-24 17:39:32.246,88.67,48.264522,25.903434,101.1,425.057,55.3,-90.0,0.0,24.0,1.0,0.07898437499999998
2660,2024-11-24 17:39:32.280,88.704,48.264532,25.903455,101.121,425.077,54.6,-90.0,0.0,24.0,1.0,0.07900078125
2661,2024-11-24 17:39:32.314,88.738,48.264532,25.903455,101.121,425.077,54.6,-90.0,0.0,24.0,1.0,0.07900078125
2662,2024-11-24 17:39:32.347,88.771,48.264532,25.903455,101.121,425.077,54.6,-90.0,0.0,24.0,1.0,0.07900078125
2663,2024-11-24 17:39:32.380,88.804,48.264541,25.903475,101.134,425.09,53.9,-90.0,0.0,24.0,1.0,0.0790109375
2664,2024-11-24 17:39:32.416,88.84,48.264541,25.903475,101.134,425.09,53.9,-90.0,0.0,24.0,1.0,0.0790109375
2665,2024-11-24 17:39:32.447,88.871,48.264541,25.903475,101.134,425.09,53.9,-90.0,0.0,24.0,1.0,0.0790109375
2666,2024-11-24 17:39:32.480,88.904,48.264551,25.903495,101.14,425.097,53.1,-90.0,0.0,24.0,1.0,0.079015625
2667,2024-11-24 17:39:32.514,88.938,48.264551,25.903495,101.14,425.097,53.1,-90.0,0.0,24.0,1.0,0.079015625
2668,2024-11-24 17:39:32.547,88.971,48.264551,25.903495,101.14,425.097,53.1,-90.0,0.0,24.0,1.0,0.079015625
2669,2024-11-24 17:39:32.581,89.005,48.264561,25.903515,101.147,425.103,52.4,-89.9,0.0,24.0,1.0,0.07902109375000001
2670,2024-11-24 17:39:32.614,89.038,48.264561,25.903515,101.147,425.103,52.4,-89.9,0.0,24.0,1.0,0.07902109375000001
2671,2024-11-24 17:39:32.647,89.071,48.264561,25.903515,101.147,425.103,52.4,-89.9,0.0,24.0,1.0,0.07902109375000001
2672,2024-11-24 17:39:32.680,89.104,48.264572,25.903534,101.156,425.112,51.6,-90.0,0.0,24.0,1.0,0.079028125
2673,2024-11-24 17:39:32.714,89.138,48.264572,25.903534,101.156,425.112,51.6,-90.0,0.0,24.0,1.0,0.079028125
2674,2024-11-24 17:39:32.747,89.171,48.264572,25.903534,101.156,425.112,51.6,-90.0,0.0,24.0,1.0,0.079028125
2675,2024-11-24 17:39:32.781,89.205,48.264582,25.903553,101.151,425.108,50.9,-90.0,0.0,24.0,1.0,0.07902421875
2676,2024-11-24 17:39:32.815,89.239,48.264582,25.903553,101.151,425.108,50.9,-90.0,0.0,24.0,1.0,0.07902421875
2677,2024-11-24 17:39:32.848,89.272,48.264582,25.903553,101.151,425.108,50.9,-90.0,0.0,24.0,1.0,0.07902421875
2678,2024-11-24 17:39:32.880,89.304,48.264593,25.903572,101.156,425.113,50.1,-90.0,0.0,24.0,1.0,0.079028125
2679,2024-11-24 17:39:32.913,89.337,48.264593,25.903572,101.156,425.113,50.1,-90.0,0.0,24.0,1.0,0.079028125
2680,2024-11-24 17:39:32.947,89.371,48.264593,25.903572,101.156,425.113,50.1,-90.0,0.0,24.0,1.0,0.079028125
2681,2024-11-24 17:39:32.980,89.404,48.264603,25.903591,101.158,425.114,49.5,-90.0,0.0,24.0,1.0,0.0790296875
2682,2024-11-24 17:39:33.015,89.439,48.264603,25.903591,101.158,425.114,49.5,-90.0,0.0,24.0,1.0,0.0790296875
2683,2024-11-24 17:39:33.048,89.472,48.264603,25.903591,101.158,425.114,49.5,-90.0,0.0,24.0,1.0,0.0790296875
2684,2024-11-24 17:39:33.081,89.505,48.264614,25.90361,101.155,425.112,48.8,-90.0,0.0,24.0,1.0,0.07902734375
2685,2024-11-24 17:39:33.115,89.539,48.264614,25.90361,101.155,425.112,48.8,-90.0,0.0,24.0,1.0,0.07902734375
2686,2024-11-24 17:39:33.148,89.572,48.264614,25.90361,101.155,425.112,48.8,-90.0,0.0,24.0,1.0,0.07902734375
2687,2024-11-24 17:39:33.181,89.605,48.264625,25.903628,101.155,425.111,48.2,-90.0,0.0,24.0,1.0,0.07902734375
2688,2024-11-24 17:39:33.215,89.639,48.264625,25.903628,101.155,425.111,48.2,-90.0,0.0,24.0,1.0,0.07902734375
2689,2024-11-24 17:39:33.248,89.672,48.264625,25.903628,101.155,425.111,48.2,-90.0,0.0,24.0,1.0,0.07902734375
2690,2024-11-24 17:39:33.281,89.705,48.264636,25.903646,101.163,425.12,48.1,-89.9,0.0,24.0,1.0,0.07903359374999999
2691,2024-11-24 17:39:33.314,89.738,48.264636,25.903646,101.163,425.12,48.1,-89.9,0.0,24.0,1.0,0.07903359374999999
2692,2024-11-24 17:39:33.348,89.772,48.264636,25.903646,101.163,425.12,48.1,-89.9,0.0,24.0,1.0,0.07903359374999999
2693,2024-11-24 17:39:33.382,89.806,48.264647,25.903664,101.161,425.117,48.1,-89.9,0.0,24.0,1.0,0.07903203125
2694,2024-11-24 17:39:33.415,89.839,48.264647,25.903664,101.161,425.117,48.1,-89.9,0.0,24.0,1.0,0.07903203125
2695,2024-11-24 17:39:33.448,89.872,48.264647,25.903664,101.161,425.117,48.1,-89.9,0.0,24.0,1.0,0.07903203125
2696,2024-11-24 17:39:33.481,89.905,48.264658,25.903682,101.155,425.112,48.1,-89.9,0.0,24.0,1.0,0.07902734375
2697,2024-11-24 17:39:33.515,89.939,48.264658,25.903682,101.155,425.112,48.1,-89.9,0.0,24.0,1.0,0.07902734375
2698,2024-11-24 17:39:33.548,89.972,48.264669,25.903701,101.147,425.103,48.1,-89.9,0.0,24.0,1.0,0.07902109375000001
2699,2024-11-24 17:39:33.580,90.004,48.264669,25.903701,101.147,425.103,48.1,-90.0,0.0,24.0,1.0,0.07902109375000001
2700,2024-11-24 17:39:33.616,90.04,48.264669,25.903701,101.147,425.103,48.1,-90.0,0.0,24.0,1.0,0.07902109375000001
2701,2024-11-24 17:39:33.649,90.073,48.264669,25.903701,101.147,425.103,48.1,-90.0,0.0,24.0,1.0,0.07902109375000001
2702,2024-11-24 17:39:33.682,90.106,48.264681,25.903719,101.16,425.117,48.1,-89.9,0.0,24.0,1.0,0.07903125000000001
2703,2024-11-24 17:39:33.716,90.14,48.264681,25.903719,101.16,425.117,48.1,-89.9,0.0,24.0,1.0,0.07903125000000001
2704,2024-11-24 17:39:33.748,90.172,48.264681,25.903719,101.16,425.117,48.1,-89.9,0.0,24.0,1.0,0.07903125000000001
2705,2024-11-24 17:39:33.781,90.205,48.264692,25.903737,101.183,425.139,48.1,-89.9,0.0,24.0,1.0,0.07904921875000001
2706,2024-11-24 17:39:33.815,90.239,48.264692,25.903737,101.183,425.139,48.1,-89.9,0.0,24.0,1.0,0.07904921875000001
2707,2024-11-24 17:39:33.848,90.272,48.264692,25.903737,101.183,425.139,48.1,-89.9,0.0,24.0,1.0,0.07904921875000001
2708,2024-11-24 17:39:33.881,90.305,48.264703,25.903756,101.199,425.156,48.1,-90.0,0.0,24.0,1.0,0.07906171875
2709,2024-11-24 17:39:33.915,90.339,48.264703,25.903756,101.199,425.156,48.1,-90.0,0.0,24.0,1.0,0.07906171875
2710,2024-11-24 17:39:33.949,90.373,48.264703,25.903756,101.199,425.156,48.1,-90.0,0.0,24.0,1.0,0.07906171875
2711,2024-11-24 17:39:33.981,90.405,48.264714,25.903774,101.2,425.157,48.1,-90.0,0.0,24.0,1.0,0.07906250000000001
2712,2024-11-24 17:39:34.016,90.44,48.264714,25.903774,101.2,425.157,48.1,-90.0,0.0,24.0,1.0,0.07906250000000001
2713,2024-11-24 17:39:34.048,90.472,48.264714,25.903774,101.2,425.157,48.1,-90.0,0.0,24.0,1.0,0.07906250000000001
2714,2024-11-24 17:39:34.083,90.507,48.264725,25.903792,101.204,425.161,48.1,-89.9,0.0,24.0,1.0,0.07906562499999999
2715,2024-11-24 17:39:34.115,90.539,48.264725,25.903792,101.204,425.161,48.1,-89.9,0.0,24.0,1.0,0.07906562499999999
2716,2024-11-24 17:39:34.149,90.573,48.264736,25.903811,101.201,425.157,48.1,-89.9,0.0,24.0,1.0,0.07906328124999999
2717,2024-11-24 17:39:34.183,90.607,48.264736,25.903811,101.201,425.157,48.1,-90.0,0.0,24.0,1.0,0.07906328124999999
2718,2024-11-24 17:39:34.217,90.641,48.264736,25.903811,101.201,425.157,48.1,-90.0,0.0,24.0,1.0,0.07906328124999999
2719,2024-11-24 17:39:34.249,90.673,48.264736,25.903811,101.201,425.157,48.1,-90.0,0.0,24.0,1.0,0.07906328124999999
2720,2024-11-24 17:39:34.282,90.706,48.264748,25.90383,101.202,425.159,48.1,-90.0,0.0,24.0,1.0,0.0790640625
2721,2024-11-24 17:39:34.317,90.741,48.264748,25.90383,101.202,425.159,48.1,-90.0,0.0,24.0,1.0,0.0790640625
2722,2024-11-24 17:39:34.349,90.773,48.264759,25.903848,101.202,425.158,48.1,-90.0,0.0,24.0,1.0,0.0790640625
2723,2024-11-24 17:39:34.383,90.807,48.264759,25.903848,101.202,425.158,48.1,-90.0,0.0,24.0,1.0,0.0790640625
2724,2024-11-24 17:39:34.416,90.84,48.264759,25.903848,101.202,425.158,48.1,-90.0,0.0,24.0,1.0,0.0790640625
2725,2024-11-24 17:39:34.449,90.873,48.26477,25.903866,101.212,425.168,48.1,-90.0,0.0,24.0,1.0,0.079071875
2726,2024-11-24 17:39:34.482,90.906,48.26477,25.903866,101.212,425.168,48.1,-89.9,0.0,24.0,1.0,0.079071875
2727,2024-11-24 17:39:34.517,90.941,48.26477,25.903866,101.212,425.168,48.1,-89.9,0.0,24.0,1.0,0.079071875
2728,2024-11-24 17:39:34.549,90.973,48.26477,25.903866,101.212,425.168,48.1,-89.9,0.0,24.0,1.0,0.079071875
2729,2024-11-24 17:39:34.582,91.006,48.264782,25.903886,101.221,425.177,48.1,-90.0,0.0,24.0,1.0,0.07907890625
2730,2024-11-24 17:39:34.616,91.04,48.264782,25.903886,101.221,425.177,48.1,-90.0,0.0,24.0,1.0,0.07907890625
2731,2024-11-24 17:39:34.649,91.073,48.264793,25.903905,101.23,425.187,48.1,-90.0,0.0,24.0,1.0,0.0790859375
2732,2024-11-24 17:39:34.681,91.105,48.264793,25.903905,101.23,425.187,48.1,-90.0,0.0,24.0,1.0,0.0790859375
2733,2024-11-24 17:39:34.716,91.14,48.264793,25.903905,101.23,425.187,48.1,-90.0,0.0,24.0,1.0,0.0790859375
2734,2024-11-24 17:39:34.749,91.173,48.264793,25.903905,101.23,425.187,48.1,-90.0,0.0,24.0,1.0,0.0790859375
2735,2024-11-24 17:39:34.783,91.207,48.264805,25.903924,101.245,425.201,48.1,-89.9,0.0,24.0,1.0,0.07909765625000001
2736,2024-11-24 17:39:34.818,91.242,48.264805,25.903924,101.245,425.201,48.1,-89.9,0.0,24.0,1.0,0.07909765625000001
2737,2024-11-24 17:39:34.850,91.274,48.264805,25.903924,101.245,425.201,48.1,-89.9,0.0,24.0,1.0,0.07909765625000001
2738,2024-11-24 17:39:34.884,91.308,48.264816,25.903943,101.255,425.212,48.1,-90.0,0.0,24.0,1.0,0.07910546874999999
2739,2024-11-24 17:39:34.917,91.341,48.264816,25.903943,101.255,425.212,48.1,-90.0,0.0,24.0,1.0,0.07910546874999999
2740,2024-11-24 17:39:34.950,91.374,48.264828,25.903962,101.269,425.225,48.1,-90.0,0.0,24.0,1.0,0.07911640625000001
2741,2024-11-24 17:39:34.982,91.406,48.264828,25.903962,101.269,425.225,48.1,-90.0,0.0,24.0,1.0,0.07911640625000001
2742,2024-11-24 17:39:35.016,91.44,48.264828,25.903962,101.269,425.225,48.1,-90.0,0.0,24.0,1.0,0.07911640625000001
2743,2024-11-24 17:39:35.050,91.474,48.264839,25.903982,101.277,425.234,48.1,-90.0,0.0,24.0,1.0,0.07912265625
2744,2024-11-24 17:39:35.083,91.507,48.264839,25.903982,101.277,425.234,48.1,-89.9,0.0,24.0,1.0,0.07912265625
2745,2024-11-24 17:39:35.117,91.541,48.264839,25.903982,101.277,425.234,48.1,-89.9,0.0,24.0,1.0,0.07912265625
2746,2024-11-24 17:39:35.150,91.574,48.264851,25.904001,101.293,425.25,48.1,-89.9,0.0,24.0,1.0,0.07913515625
2747,2024-11-24 17:39:35.182,91.606,48.264851,25.904001,101.293,425.25,48.1,-90.0,0.0,24.0,1.0,0.07913515625
2748,2024-11-24 17:39:35.217,91.641,48.264851,25.904001,101.293,425.25,48.1,-90.0,0.0,24.0,1.0,0.07913515625
2749,2024-11-24 17:39:35.249,91.673,48.264851,25.904001,101.293,425.25,48.1,-90.0,0.0,24.0,1.0,0.07913515625
2750,2024-11-24 17:39:35.283,91.707,48.264862,25.904021,101.296,425.253,48.1,-90.0,0.0,24.0,1.0,0.07913750000000001
2751,2024-11-24 17:39:35.317,91.741,48.264862,25.904021,101.296,425.253,48.1,-90.0,0.0,24.0,1.0,0.07913750000000001
2752,2024-11-24 17:39:35.350,91.774,48.264874,25.90404,101.305,425.262,48.1,-90.0,0.0,24.0,1.0,0.07914453125000001
2753,2024-11-24 17:39:35.382,91.806,48.264874,25.90404,101.305,425.262,48.1,-89.9,0.0,24.0,1.0,0.07914453125000001
2754,2024-11-24 17:39:35.416,91.84,48.264874,25.90404,101.305,425.262,48.1,-89.9,0.0,24.0,1.0,0.07914453125000001
2755,2024-11-24 17:39:35.449,91.873,48.264874,25.90404,101.305,425.262,48.1,-89.9,0.0,24.0,1.0,0.07914453125000001
2756,2024-11-24 17:39:35.483,91.907,48.264886,25.90406,101.322,425.279,48.1,-89.9,0.0,24.0,1.0,0.07915781250000001
2757,2024-11-24 17:39:35.517,91.941,48.264886,25.90406,101.322,425.279,48.1,-89.9,0.0,24.0,1.0,0.07915781250000001
2758,2024-11-24 17:39:35.550,91.974,48.264897,25.90408,101.333,425.29,48.1,-89.9,0.0,24.0,1.0,0.07916640625
2759,2024-11-24 17:39:35.583,92.007,48.264897,25.90408,101.333,425.29,48.1,-90.0,0.0,24.0,1.0,0.07916640625
2760,2024-11-24 17:39:35.617,92.041,48.264897,25.90408,101.333,425.29,48.1,-90.0,0.0,24.0,1.0,0.07916640625
2761,2024-11-24 17:39:35.650,92.074,48.264897,25.90408,101.333,425.29,48.1,-90.0,0.0,24.0,1.0,0.07916640625
2762,2024-11-24 17:39:35.683,92.107,48.264909,25.904099,101.338,425.294,48.1,-89.9,0.0,24.0,1.0,0.0791703125
2763,2024-11-24 17:39:35.718,92.142,48.264909,25.904099,101.338,425.294,48.1,-89.9,0.0,24.0,1.0,0.0791703125
2764,2024-11-24 17:39:35.750,92.174,48.264909,25.904099,101.338,425.294,48.1,-89.9,0.0,24.0,1.0,0.0791703125
2765,2024-11-24 17:39:35.783,92.207,48.264921,25.904119,101.341,425.298,48.1,-90.0,0.0,24.0,1.0,0.07917265624999999
2766,2024-11-24 17:39:35.816,92.24,48.264921,25.904119,101.341,425.298,48.1,-90.0,0.0,24.0,1.0,0.07917265624999999
2767,2024-11-24 17:39:35.851,92.275,48.264933,25.904138,101.347,425.303,48.1,-90.0,0.0,24.0,1.0,0.07917734375
2768,2024-11-24 17:39:35.883,92.307,48.264933,25.904138,101.347,425.303,48.1,-90.0,0.0,24.0,1.0,0.07917734375
2769,2024-11-24 17:39:35.917,92.341,48.264933,25.904138,101.347,425.303,48.1,-90.0,0.0,24.0,1.0,0.07917734375
2770,2024-11-24 17:39:35.950,92.374,48.264944,25.904158,101.348,425.305,48.1,-90.0,0.0,24.0,1.0,0.079178125
2771,2024-11-24 17:39:35.983,92.407,48.264944,25.904158,101.348,425.305,48.1,-89.9,0.0,24.0,1.0,0.079178125
2772,2024-11-24 17:39:36.017,92.441,48.264944,25.904158,101.348,425.305,48.1,-89.9,0.0,24.0,1.0,0.079178125
2773,2024-11-24 17:39:36.050,92.474,48.264956,25.904178,101.349,425.306,48.1,-89.9,0.0,24.0,1.0,0.07917890625
2774,2024-11-24 17:39:36.083,92.507,48.264956,25.904178,101.349,425.306,48.1,-90.0,0.0,24.0,1.0,0.07917890625
2775,2024-11-24 17:39:36.116,92.54,48.264956,25.904178,101.349,425.306,48.1,-90.0,0.0,24.0,1.0,0.07917890625
2776,2024-11-24 17:39:36.151,92.575,48.264968,25.904198,101.35,425.307,48.1,-90.0,0.0,24.0,1.0,0.07917968749999998
2777,2024-11-24 17:39:36.184,92.608,48.264968,25.904198,101.35,425.307,48.1,-89.9,0.0,24.0,1.0,0.07917968749999998
2778,2024-11-24 17:39:36.218,92.642,48.264968,25.904198,101.35,425.307,48.1,-89.9,0.0,24.0,1.0,0.07917968749999998
2779,2024-11-24 17:39:36.251,92.675,48.264968,25.904198,101.35,425.307,48.1,-89.9,0.0,24.0,1.0,0.07917968749999998
2780,2024-11-24 17:39:36.285,92.709,48.26498,25.904219,101.347,425.303,48.1,-89.9,0.0,24.0,1.0,0.07917734375
2781,2024-11-24 17:39:36.318,92.742,48.26498,25.904219,101.347,425.303,48.1,-89.9,0.0,24.0,1.0,0.07917734375
2782,2024-11-24 17:39:36.352,92.776,48.264992,25.904238,101.352,425.309,48.1,-90.0,0.0,24.0,1.0,0.07918125000000001
2783,2024-11-24 17:39:36.383,92.807,48.264992,25.904238,101.352,425.309,48.1,-90.0,0.0,24.0,1.0,0.07918125000000001
2784,2024-11-24 17:39:36.417,92.841,48.264992,25.904238,101.352,425.309,48.1,-90.0,0.0,24.0,1.0,0.07918125000000001
2785,2024-11-24 17:39:36.453,92.877,48.265004,25.904258,101.361,425.317,48.1,-90.0,0.0,24.0,1.0,0.07918828125
2786,2024-11-24 17:39:36.485,92.909,48.265004,25.904258,101.361,425.317,48.1,-90.0,0.0,24.0,1.0,0.07918828125
2787,2024-11-24 17:39:36.518,92.942,48.265004,25.904258,101.361,425.317,48.1,-90.0,0.0,24.0,1.0,0.07918828125
2788,2024-11-24 17:39:36.552,92.976,48.265016,25.904279,101.365,425.321,48.1,-89.9,0.0,24.0,1.0,0.07919140625
2789,2024-11-24 17:39:36.584,93.008,48.265016,25.904279,101.365,425.321,48.1,-89.9,0.0,24.0,1.0,0.07919140625
2790,2024-11-24 17:39:36.618,93.042,48.265016,25.904279,101.365,425.321,48.1,-89.9,0.0,24.0,1.0,0.07919140625
2791,2024-11-24 17:39:36.652,93.076,48.265028,25.904299,101.368,425.325,48.1,-89.9,0.0,24.0,1.0,0.07919375
2792,2024-11-24 17:39:36.683,93.107,48.265028,25.904299,101.368,425.325,48.1,-90.0,0.0,24.0,1.0,0.07919375
2793,2024-11-24 17:39:36.718,93.142,48.265028,25.904299,101.368,425.325,48.1,-90.0,0.0,24.0,1.0,0.07919375
2794,2024-11-24 17:39:36.752,93.176,48.26504,25.904319,101.367,425.324,48.1,-89.9,0.0,24.0,1.0,0.07919296875
2795,2024-11-24 17:39:36.783,93.207,48.26504,25.904319,101.367,425.324,48.1,-89.9,0.0,24.0,1.0,0.07919296875
2796,2024-11-24 17:39:36.818,93.242,48.26504,25.904319,101.367,425.324,48.1,-89.9,0.0,24.0,1.0,0.07919296875
2797,2024-11-24 17:39:36.851,93.275,48.265052,25.904339,101.366,425.323,48.1,-89.9,0.0,24.0,1.0,0.0791921875
2798,2024-11-24 17:39:36.884,93.308,48.265052,25.904339,101.366,425.323,48.1,-89.9,0.0,24.0,1.0,0.0791921875
2799,2024-11-24 17:39:36.919,93.343,48.265052,25.904339,101.366,425.323,48.1,-89.9,0.0,24.0,1.0,0.0791921875
2800,2024-11-24 17:39:36.951,93.375,48.265052,25.904339,101.366,425.323,48.1,-89.9,0.0,24.0,1.0,0.0791921875
2801,2024-11-24 17:39:36.984,93.408,48.265064,25.90436,101.367,425.324,48.1,-89.9,0.0,24.0,1.0,0.07919296875
2802,2024-11-24 17:39:37.018,93.442,48.265064,25.90436,101.367,425.324,48.1,-89.9,0.0,24.0,1.0,0.07919296875
2803,2024-11-24 17:39:37.051,93.475,48.265076,25.90438,101.371,425.328,48.1,-89.9,0.0,24.0,1.0,0.07919609375
2804,2024-11-24 17:39:37.084,93.508,48.265076,25.90438,101.371,425.328,48.0,-89.9,0.0,24.0,1.0,0.07919609375
2805,2024-11-24 17:39:37.118,93.542,48.265076,25.90438,101.371,425.328,48.0,-89.9,0.0,24.0,1.0,0.07919609375
2806,2024-11-24 17:39:37.152,93.576,48.265088,25.9044,101.37,425.327,48.1,-89.9,0.0,24.0,1.0,0.0791953125
2807,2024-11-24 17:39:37.184,93.608,48.265088,25.9044,101.37,425.327,48.1,-89.9,0.0,24.0,1.0,0.0791953125
2808,2024-11-24 17:39:37.218,93.642,48.265088,25.9044,101.37,425.327,48.1,-89.9,0.0,24.0,1.0,0.0791953125
2809,2024-11-24 17:39:37.251,93.675,48.2651,25.904421,101.37,425.326,48.1,-89.9,0.0,24.0,1.0,0.0791953125
2810,2024-11-24 17:39:37.284,93.708,48.2651,25.904421,101.37,425.326,48.1,-90.0,0.0,24.0,1.0,0.0791953125
2811,2024-11-24 17:39:37.318,93.742,48.2651,25.904421,101.37,425.326,48.1,-90.0,0.0,24.0,1.0,0.0791953125
2812,2024-11-24 17:39:37.352,93.776,48.265112,25.904441,101.366,425.322,48.1,-90.0,0.0,24.0,1.0,0.0791921875
2813,2024-11-24 17:39:37.384,93.808,48.265112,25.904441,101.366,425.322,48.1,-90.0,0.0,24.0,1.0,0.0791921875
2814,2024-11-24 17:39:37.419,93.843,48.265112,25.904441,101.366,425.322,48.1,-90.0,0.0,24.0,1.0,0.0791921875
2815,2024-11-24 17:39:37.452,93.876,48.265124,25.904461,101.37,425.326,48.1,-90.0,0.0,24.0,1.0,0.0791953125
2816,2024-11-24 17:39:37.485,93.909,48.265124,25.904461,101.37,425.326,48.1,-90.0,0.0,24.0,1.0,0.0791953125
2817,2024-11-24 17:39:37.518,93.942,48.265124,25.904461,101.37,425.326,48.1,-90.0,0.0,24.0,1.0,0.0791953125
2818,2024-11-24 17:39:37.552,93.976,48.265136,25.904482,101.363,425.319,48.1,-89.9,0.0,24.0,1.0,0.07918984375
2819,2024-11-24 17:39:37.585,94.009,48.265136,25.904482,101.363,425.319,48.1,-89.9,0.0,24.0,1.0,0.07918984375
2820,2024-11-24 17:39:37.619,94.043,48.265136,25.904482,101.363,425.319,48.1,-89.9,0.0,24.0,1.0,0.07918984375
2821,2024-11-24 17:39:37.654,94.078,48.265149,25.904502,101.368,425.325,48.1,-89.9,0.0,24.0,1.0,0.07919375
2822,2024-11-24 17:39:37.685,94.109,48.265149,25.904502,101.368,425.325,48.1,-90.0,0.0,24.0,1.0,0.07919375
2823,2024-11-24 17:39:37.718,94.142,48.265149,25.904502,101.368,425.325,48.1,-90.0,0.0,24.0,1.0,0.07919375
2824,2024-11-24 17:39:37.752,94.176,48.265161,25.904523,101.37,425.326,48.1,-90.0,0.0,24.0,1.0,0.0791953125
2825,2024-11-24 17:39:37.785,94.209,48.265161,25.904523,101.37,425.326,48.1,-90.0,0.0,24.0,1.0,0.0791953125
2826,2024-11-24 17:39:37.819,94.243,48.265161,25.904523,101.37,425.326,48.1,-90.0,0.0,24.0,1.0,0.0791953125
2827,2024-11-24 17:39:37.852,94.276,48.265173,25.904543,101.368,425.324,48.1,-89.9,0.0,24.0,1.0,0.07919375
2828,2024-11-24 17:39:37.885,94.309,48.265173,25.904543,101.368,425.324,48.1,-89.9,0.0,24.0,1.0,0.07919375
2829,2024-11-24 17:39:37.919,94.343,48.265173,25.904543,101.368,425.324,48.1,-89.9,0.0,24.0,1.0,0.07919375
2830,2024-11-24 17:39:37.953,94.377,48.265173,25.904543,101.368,425.324,48.1,-89.9,0.0,24.0,1.0,0.07919375
2831,2024-11-24 17:39:37.986,94.41,48.265185,25.904564,101.368,425.325,48.1,-89.9,0.0,24.0,1.0,0.07919375
2832,2024-11-24 17:39:38.019,94.443,48.265185,25.904564,101.368,425.325,48.1,-89.9,0.0,24.0,1.0,0.07919375
2833,2024-11-24 17:39:38.052,94.476,48.265197,25.904585,101.368,425.325,48.1,-90.0,0.0,24.0,1.0,0.07919375
2834,2024-11-24 17:39:38.085,94.509,48.265197,25.904585,101.368,425.325,48.1,-90.0,0.0,24.0,1.0,0.07919375
2835,2024-11-24 17:39:38.118,94.542,48.265197,25.904585,101.368,425.325,48.1,-90.0,0.0,24.0,1.0,0.07919375
2836,2024-11-24 17:39:38.152,94.576,48.26521,25.904605,101.361,425.318,48.1,-89.9,0.0,24.0,1.0,0.07918828125
2837,2024-11-24 17:39:38.186,94.61,48.26521,25.904605,101.361,425.318,48.1,-89.9,0.0,24.0,1.0,0.07918828125
2838,2024-11-24 17:39:38.221,94.645,48.26521,25.904605,101.361,425.318,48.1,-89.9,0.0,24.0,1.0,0.07918828125
2839,2024-11-24 17:39:38.252,94.676,48.26521,25.904605,101.361,425.318,48.0,-89.9,0.0,24.0,1.0,0.07918828125
2840,2024-11-24 17:39:38.285,94.709,48.265222,25.904627,101.367,425.324,48.0,-89.9,0.0,24.0,1.0,0.07919296875
2841,2024-11-24 17:39:38.319,94.743,48.265222,25.904627,101.367,425.324,48.0,-89.9,0.0,24.0,1.0,0.07919296875
2842,2024-11-24 17:39:38.352,94.776,48.265222,25.904627,101.367,425.324,48.0,-89.9,0.0,24.0,1.0,0.07919296875
2843,2024-11-24 17:39:38.385,94.809,48.265234,25.904646,101.355,425.312,48.1,-89.9,0.0,24.0,1.0,0.07918359375
2844,2024-11-24 17:39:38.419,94.843,48.265234,25.904646,101.355,425.312,48.1,-89.9,0.0,24.0,1.0,0.07918359375
2845,2024-11-24 17:39:38.453,94.877,48.265246,25.904666,101.349,425.306,48.1,-89.9,0.0,24.0,1.0,0.07917890625
2846,2024-11-24 17:39:38.487,94.911,48.265246,25.904666,101.349,425.306,48.1,-89.9,0.0,24.0,1.0,0.07917890625
2847,2024-11-24 17:39:38.519,94.943,48.265246,25.904666,101.349,425.306,48.1,-89.9,0.0,24.0,1.0,0.07917890625
2848,2024-11-24 17:39:38.553,94.977,48.265258,25.904687,101.331,425.288,48.1,-89.9,0.0,24.0,1.0,0.07916484375
2849,2024-11-24 17:39:38.586,95.01,48.265258,25.904687,101.331,425.288,48.1,-90.0,0.0,24.0,1.0,0.07916484375
2850,2024-11-24 17:39:38.619,95.043,48.265258,25.904687,101.331,425.288,48.1,-90.0,0.0,24.0,1.0,0.07916484375
2851,2024-11-24 17:39:38.655,95.079,48.265271,25.904707,101.33,425.287,48.1,-90.0,0.0,24.0,1.0,0.07916406250000001
2852,2024-11-24 17:39:38.686,95.11,48.265271,25.904707,101.33,425.287,48.1,-90.0,0.0,24.0,1.0,0.07916406250000001
2853,2024-11-24 17:39:38.719,95.143,48.265271,25.904707,101.33,425.287,48.1,-90.0,0.0,24.0,1.0,0.07916406250000001
2854,2024-11-24 17:39:38.753,95.177,48.265283,25.904728,101.325,425.282,48.1,-89.9,0.0,24.0,1.0,0.07916015625
2855,2024-11-24 17:39:38.787,95.211,48.265283,25.904728,101.325,425.282,48.1,-89.9,0.0,24.0,1.0,0.07916015625
2856,2024-11-24 17:39:38.820,95.244,48.265283,25.904728,101.325,425.282,48.1,-89.9,0.0,24.0,1.0,0.07916015625
2857,2024-11-24 17:39:38.852,95.276,48.265295,25.904749,101.306,425.263,48.1,-90.0,0.0,24.0,1.0,0.0791453125
2858,2024-11-24 17:39:38.886,95.31,48.265295,25.904749,101.306,425.263,48.1,-90.0,0.0,24.0,1.0,0.0791453125
2859,2024-11-24 17:39:38.920,95.344,48.265295,25.904749,101.306,425.263,48.1,-90.0,0.0,24.0,1.0,0.0791453125
2860,2024-11-24 17:39:38.953,95.377,48.265308,25.904769,101.287,425.243,48.1,-90.0,0.0,24.0,1.0,0.07913046875
2861,2024-11-24 17:39:38.987,95.411,48.265308,25.904769,101.287,425.243,48.1,-90.0,0.0,24.0,1.0,0.07913046875
2862,2024-11-24 17:39:39.020,95.444,48.265308,25.904769,101.287,425.243,48.1,-90.0,0.0,24.0,1.0,0.07913046875
2863,2024-11-24 17:39:39.053,95.477,48.26532,25.90479,101.271,425.228,48.1,-89.9,0.0,24.0,1.0,0.07911796875
2864,2024-11-24 17:39:39.086,95.51,48.26532,25.90479,101.271,425.228,48.1,-89.9,0.0,24.0,1.0,0.07911796875
2865,2024-11-24 17:39:39.120,95.544,48.26532,25.90479,101.271,425.228,48.1,-89.9,0.0,24.0,1.0,0.07911796875
2866,2024-11-24 17:39:39.154,95.578,48.265332,25.904811,101.256,425.212,48.1,-90.0,0.0,24.0,1.0,0.07910625
2867,2024-11-24 17:39:39.186,95.61,48.265332,25.904811,101.256,425.212,48.1,-90.0,0.0,24.0,1.0,0.07910625
2868,2024-11-24 17:39:39.221,95.645,48.265332,25.904811,101.256,425.212,48.1,-90.0,0.0,24.0,1.0,0.07910625
2869,2024-11-24 17:39:39.254,95.678,48.265345,25.904831,101.245,425.202,48.1,-90.0,0.0,24.0,1.0,0.07909765625000001
2870,2024-11-24 17:39:39.286,95.71,48.265345,25.904831,101.245,425.202,48.1,-90.0,0.0,24.0,1.0,0.07909765625000001
2871,2024-11-24 17:39:39.320,95.744,48.265345,25.904831,101.245,425.202,48.1,-90.0,0.0,24.0,1.0,0.07909765625000001
2872,2024-11-24 17:39:39.355,95.779,48.265357,25.904852,101.249,425.205,48.1,-89.9,0.0,24.0,1.0,0.07910078124999999
2873,2024-11-24 17:39:39.386,95.81,48.265357,25.904852,101.249,425.205,48.1,-89.9,0.0,24.0,1.0,0.07910078124999999
2874,2024-11-24 17:39:39.422,95.846,48.265357,25.904852,101.249,425.205,48.1,-89.9,0.0,24.0,1.0,0.07910078124999999
2875,2024-11-24 17:39:39.454,95.878,48.265369,25.904873,101.239,425.196,48.1,-90.0,0.0,24.0,1.0,0.07909296874999999
2876,2024-11-24 17:39:39.486,95.91,48.265369,25.904873,101.239,425.196,48.1,-90.0,0.0,24.0,1.0,0.07909296874999999
2877,2024-11-24 17:39:39.520,95.944,48.265369,25.904873,101.239,425.196,48.1,-90.0,0.0,24.0,1.0,0.07909296874999999
2878,2024-11-24 17:39:39.554,95.978,48.265382,25.904894,101.235,425.192,48.1,-90.0,0.0,24.0,1.0,0.07908984375
2879,2024-11-24 17:39:39.588,96.012,48.265382,25.904894,101.235,425.192,48.1,-90.0,0.0,24.0,1.0,0.07908984375
2880,2024-11-24 17:39:39.621,96.045,48.265382,25.904894,101.235,425.192,48.1,-90.0,0.0,24.0,1.0,0.07908984375
2881,2024-11-24 17:39:39.655,96.079,48.265394,25.904914,101.223,425.18,48.1,-90.0,0.0,24.0,1.0,0.07908046875
2882,2024-11-24 17:39:39.688,96.112,48.265394,25.904914,101.223,425.18,48.1,-90.0,0.0,24.0,1.0,0.07908046875
2883,2024-11-24 17:39:39.720,96.144,48.265394,25.904914,101.223,425.18,48.1,-90.0,0.0,24.0,1.0,0.07908046875
2884,2024-11-24 17:39:39.754,96.178,48.265407,25.904935,101.214,425.171,48.1,-90.0,0.0,24.0,1.0,0.0790734375
2885,2024-11-24 17:39:39.788,96.212,48.265407,25.904935,101.214,425.171,48.1,-90.0,0.0,24.0,1.0,0.0790734375
2886,2024-11-24 17:39:39.822,96.246,48.265407,25.904935,101.214,425.171,48.1,-90.0,0.0,24.0,1.0,0.0790734375
2887,2024-11-24 17:39:39.855,96.279,48.265419,25.904956,101.205,425.162,48.1,-89.9,0.0,24.0,1.0,0.07906640625
2888,2024-11-24 17:39:39.887,96.311,48.265419,25.904956,101.205,425.162,48.1,-89.9,0.0,24.0,1.0,0.07906640625
2889,2024-11-24 17:39:39.920,96.344,48.265419,25.904956,101.205,425.162,48.1,-89.9,0.0,24.0,1.0,0.07906640625
2890,2024-11-24 17:39:39.954,96.378,48.265432,25.904977,101.199,425.156,48.1,-89.9,0.0,24.0,1.0,0.07906171875
2891,2024-11-24 17:39:39.989,96.413,48.265432,25.904977,101.199,425.156,48.1,-89.9,0.0,24.0,1.0,0.07906171875
2892,2024-11-24 17:39:40.021,96.445,48.265432,25.904977,101.199,425.156,48.1,-89.9,0.0,24.0,1.0,0.07906171875
2893,2024-11-24 17:39:40.054,96.478,48.265444,25.904998,101.19,425.147,48.6,-90.0,0.0,24.0,1.0,0.0790546875
2894,2024-11-24 17:39:40.087,96.511,48.265444,25.904998,101.19,425.147,48.6,-90.0,0.0,24.0,1.0,0.0790546875
2895,2024-11-24 17:39:40.121,96.545,48.265444,25.904998,101.19,425.147,48.6,-90.0,0.0,24.0,1.0,0.0790546875
2896,2024-11-24 17:39:40.155,96.579,48.265456,25.905019,101.188,425.145,48.9,-90.0,0.0,24.0,1.0,0.079053125
2897,2024-11-24 17:39:40.187,96.611,48.265456,25.905019,101.188,425.145,48.9,-90.0,0.0,24.0,1.0,0.079053125
2898,2024-11-24 17:39:40.221,96.645,48.265456,25.905019,101.188,425.145,48.9,-90.0,0.0,24.0,1.0,0.079053125
2899,2024-11-24 17:39:40.254,96.678,48.265469,25.905041,101.201,425.158,48.9,-89.9,0.0,24.0,1.0,0.07906328124999999
2900,2024-11-24 17:39:40.290,96.714,48.265469,25.905041,101.201,425.158,48.9,-89.9,0.0,24.0,1.0,0.07906328124999999
2901,2024-11-24 17:39:40.322,96.746,48.265469,25.905041,101.201,425.158,48.9,-89.9,0.0,24.0,1.0,0.07906328124999999
2902,2024-11-24 17:39:40.355,96.779,48.265481,25.905061,101.209,425.166,48.9,-90.0,0.0,24.0,1.0,0.07906953125
2903,2024-11-24 17:39:40.387,96.811,48.265481,25.905061,101.209,425.166,48.9,-90.0,0.0,24.0,1.0,0.07906953125
2904,2024-11-24 17:39:40.422,96.846,48.265481,25.905061,101.209,425.166,48.9,-90.0,0.0,24.0,1.0,0.07906953125
2905,2024-11-24 17:39:40.454,96.878,48.265493,25.905082,101.222,425.179,48.9,-90.0,0.0,24.0,1.0,0.0790796875
2906,2024-11-24 17:39:40.487,96.911,48.265493,25.905082,101.222,425.179,48.9,-90.0,0.0,24.0,1.0,0.0790796875
2907,2024-11-24 17:39:40.521,96.945,48.265493,25.905082,101.222,425.179,48.9,-90.0,0.0,24.0,1.0,0.0790796875
2908,2024-11-24 17:39:40.555,96.979,48.265505,25.905103,101.225,425.181,48.9,-90.0,0.0,24.0,1.0,0.07908203124999999
2909,2024-11-24 17:39:40.588,97.012,48.265505,25.905103,101.225,425.181,48.9,-90.0,0.0,24.0,1.0,0.07908203124999999
2910,2024-11-24 17:39:40.621,97.045,48.265505,25.905103,101.225,425.181,48.9,-90.0,0.0,24.0,1.0,0.07908203124999999
2911,2024-11-24 17:39:40.655,97.079,48.265517,25.905124,101.234,425.191,48.9,-90.0,0.0,24.0,1.0,0.0790890625
2912,2024-11-24 17:39:40.688,97.112,48.265517,25.905124,101.234,425.191,48.9,-90.0,0.0,24.0,1.0,0.0790890625
2913,2024-11-24 17:39:40.721,97.145,48.265517,25.905124,101.234,425.191,48.9,-90.0,0.0,24.0,1.0,0.0790890625
2914,2024-11-24 17:39:40.758,97.182,48.265529,25.905145,101.234,425.191,48.9,-89.9,0.0,24.0,1.0,0.0790890625
2915,2024-11-24 17:39:40.789,97.213,48.265529,25.905145,101.234,425.191,48.9,-89.9,0.0,24.0,1.0,0.0790890625
2916,2024-11-24 17:39:40.822,97.246,48.265529,25.905145,101.234,425.191,48.9,-89.9,0.0,24.0,1.0,0.0790890625
2917,2024-11-24 17:39:40.855,97.279,48.265541,25.905166,101.23,425.187,48.9,-89.9,0.0,24.0,1.0,0.0790859375
2918,2024-11-24 17:39:40.888,97.312,48.265541,25.905166,101.23,425.187,48.9,-89.9,0.0,24.0,1.0,0.0790859375
2919,2024-11-24 17:39:40.922,97.346,48.265541,25.905166,101.23,425.187,48.9,-89.9,0.0,24.0,1.0,0.0790859375
2920,2024-11-24 17:39:40.957,97.381,48.265553,25.905187,101.216,425.172,48.9,-90.0,0.0,24.0,1.0,0.07907499999999999
2921,2024-11-24 17:39:40.988,97.412,48.265553,25.905187,101.216,425.172,48.9,-90.0,0.0,24.0,1.0,0.07907499999999999
2922,2024-11-24 17:39:41.021,97.445,48.265553,25.905187,101.216,425.172,48.9,-90.0,0.0,24.0,1.0,0.07907499999999999
2923,2024-11-24 17:39:41.055,97.479,48.265565,25.905208,101.231,425.188,48.9,-90.0,0.0,24.0,1.0,0.07908671874999999
2924,2024-11-24 17:39:41.087,97.511,48.265565,25.905208,101.231,425.188,48.9,-90.0,0.0,24.0,1.0,0.07908671874999999
2925,2024-11-24 17:39:41.122,97.546,48.265565,25.905208,101.231,425.188,48.9,-90.0,0.0,24.0,1.0,0.07908671874999999
2926,2024-11-24 17:39:41.156,97.58,48.265577,25.905229,101.214,425.17,48.9,-90.0,0.0,24.0,1.0,0.0790734375
2927,2024-11-24 17:39:41.189,97.613,48.265577,25.905229,101.214,425.17,48.9,-90.0,0.0,24.0,1.0,0.0790734375
2928,2024-11-24 17:39:41.222,97.646,48.265577,25.905229,101.214,425.17,48.9,-90.0,0.0,24.0,1.0,0.0790734375
2929,2024-11-24 17:39:41.255,97.679,48.265589,25.90525,101.198,425.154,48.9,-89.9,0.0,24.0,1.0,0.0790609375
2930,2024-11-24 17:39:41.288,97.712,48.265589,25.90525,101.198,425.154,48.9,-89.9,0.0,24.0,1.0,0.0790609375
2931,2024-11-24 17:39:41.323,97.747,48.265589,25.90525,101.198,425.154,48.9,-89.9,0.0,24.0,1.0,0.0790609375
2932,2024-11-24 17:39:41.356,97.78,48.265602,25.905271,101.185,425.142,48.9,-90.0,0.0,24.0,1.0,0.07905078125000001
2933,2024-11-24 17:39:41.390,97.814,48.265602,25.905271,101.185,425.142,48.9,-90.0,0.0,24.0,1.0,0.07905078125000001
2934,2024-11-24 17:39:41.422,97.846,48.265602,25.905271,101.185,425.142,48.9,-90.0,0.0,24.0,1.0,0.07905078125000001
2935,2024-11-24 17:39:41.457,97.881,48.265614,25.905292,101.169,425.126,48.9,-90.0,0.0,24.0,1.0,0.07903828125
2936,2024-11-24 17:39:41.488,97.912,48.265614,25.905292,101.169,425.126,48.9,-90.0,0.0,24.0,1.0,0.07903828125
2937,2024-11-24 17:39:41.522,97.946,48.265614,25.905292,101.169,425.126,48.9,-90.0,0.0,24.0,1.0,0.07903828125
2938,2024-11-24 17:39:41.556,97.98,48.265626,25.905313,101.162,425.118,48.9,-90.0,0.0,24.0,1.0,0.0790328125
2939,2024-11-24 17:39:41.591,98.015,48.265626,25.905313,101.162,425.118,48.9,-90.0,0.0,24.0,1.0,0.0790328125
2940,2024-11-24 17:39:41.623,98.047,48.265626,25.905313,101.162,425.118,48.9,-90.0,0.0,24.0,1.0,0.0790328125
2941,2024-11-24 17:39:41.656,98.08,48.265638,25.905334,101.155,425.112,48.9,-89.9,0.0,24.0,1.0,0.07902734375
2942,2024-11-24 17:39:41.690,98.114,48.265638,25.905334,101.155,425.112,48.9,-89.9,0.0,24.0,1.0,0.07902734375
2943,2024-11-24 17:39:41.722,98.146,48.265638,25.905334,101.155,425.112,48.9,-89.9,0.0,24.0,1.0,0.07902734375
2944,2024-11-24 17:39:41.756,98.18,48.26565,25.905355,101.15,425.106,48.9,-90.0,0.0,24.0,1.0,0.07902343750000002
2945,2024-11-24 17:39:41.790,98.214,48.26565,25.905355,101.15,425.106,48.9,-90.0,0.0,24.0,1.0,0.07902343750000002
2946,2024-11-24 17:39:41.823,98.247,48.26565,25.905355,101.15,425.106,48.9,-90.0,0.0,24.0,1.0,0.07902343750000002
2947,2024-11-24 17:39:41.856,98.28,48.265662,25.905376,101.148,425.104,48.9,-90.0,0.0,24.0,1.0,0.07902187499999999
2948,2024-11-24 17:39:41.889,98.313,48.265662,25.905376,101.148,425.104,48.9,-90.0,0.0,24.0,1.0,0.07902187499999999
2949,2024-11-24 17:39:41.922,98.346,48.265662,25.905376,101.148,425.104,48.9,-90.0,0.0,24.0,1.0,0.07902187499999999
2950,2024-11-24 17:39:41.956,98.38,48.265675,25.905397,101.144,425.101,48.9,-90.0,0.0,24.0,1.0,0.07901875
2951,2024-11-24 17:39:41.989,98.413,48.265675,25.905397,101.144,425.101,48.9,-90.0,0.0,24.0,1.0,0.07901875
2952,2024-11-24 17:39:42.024,98.448,48.265675,25.905397,101.144,425.101,48.9,-90.0,0.0,24.0,1.0,0.07901875
2953,2024-11-24 17:39:42.056,98.48,48.265687,25.905418,101.147,425.104,48.9,-90.0,0.0,24.0,1.0,0.07902109375000001
2954,2024-11-24 17:39:42.090,98.514,48.265687,25.905418,101.147,425.104,48.9,-90.0,0.0,24.0,1.0,0.07902109375000001
2955,2024-11-24 17:39:42.124,98.548,48.265687,25.905418,101.147,425.104,48.9,-90.0,0.0,24.0,1.0,0.07902109375000001
2956,2024-11-24 17:39:42.156,98.58,48.265699,25.90544,101.143,425.1,48.9,-89.9,0.0,24.0,1.0,0.07901796874999999
2957,2024-11-24 17:39:42.190,98.614,48.265699,25.90544,101.143,425.1,48.9,-89.9,0.0,24.0,1.0,0.07901796874999999
2958,2024-11-24 17:39:42.223,98.647,48.265699,25.90544,101.143,425.1,48.9,-89.9,0.0,24.0,1.0,0.07901796874999999
2959,2024-11-24 17:39:42.257,98.681,48.265712,25.905462,101.136,425.093,49.0,-89.9,0.0,24.0,1.0,0.0790125
2960,2024-11-24 17:39:42.289,98.713,48.265712,25.905462,101.136,425.093,49.0,-89.9,0.0,24.0,1.0,0.0790125
2961,2024-11-24 17:39:42.323,98.747,48.265712,25.905462,101.136,425.093,49.0,-89.9,0.0,24.0,1.0,0.0790125
2962,2024-11-24 17:39:42.357,98.781,48.265724,25.905482,101.132,425.089,49.5,-90.0,0.0,24.0,1.0,0.079009375
2963,2024-11-24 17:39:42.390,98.814,48.265724,25.905482,101.132,425.089,49.5,-90.0,0.0,24.0,1.0,0.079009375
2964,2024-11-24 17:39:42.424,98.848,48.265724,25.905482,101.132,425.089,49.5,-90.0,0.0,24.0,1.0,0.079009375
2965,2024-11-24 17:39:42.458,98.882,48.265736,25.905503,101.154,425.111,50.3,-90.0,0.0,24.0,1.0,0.0790265625
2966,2024-11-24 17:39:42.489,98.913,48.265736,25.905503,101.154,425.111,50.3,-90.0,0.0,24.0,1.0,0.0790265625
2967,2024-11-24 17:39:42.523,98.947,48.265736,25.905503,101.154,425.111,50.3,-90.0,0.0,24.0,1.0,0.0790265625
2968,2024-11-24 17:39:42.557,98.981,48.265748,25.905525,101.201,425.157,50.5,-90.0,0.0,24.0,1.0,0.07906328124999999
2969,2024-11-24 17:39:42.590,99.014,48.265748,25.905525,101.201,425.157,50.5,-90.0,0.0,24.0,1.0,0.07906328124999999
2970,2024-11-24 17:39:42.623,99.047,48.265748,25.905525,101.201,425.157,50.5,-90.0,0.0,24.0,1.0,0.07906328124999999
2971,2024-11-24 17:39:42.658,99.082,48.265759,25.905546,101.256,425.213,50.5,-89.9,0.0,24.0,1.0,0.07910625
2972,2024-11-24 17:39:42.691,99.115,48.265759,25.905546,101.256,425.213,50.5,-89.9,0.0,24.0,1.0,0.07910625
2973,2024-11-24 17:39:42.723,99.147,48.265759,25.905546,101.256,425.213,50.5,-89.9,0.0,24.0,1.0,0.07910625
2974,2024-11-24 17:39:42.758,99.182,48.265771,25.905568,101.285,425.242,50.5,-90.0,0.0,24.0,1.0,0.07912890625
2975,2024-11-24 17:39:42.792,99.216,48.265771,25.905568,101.285,425.242,50.5,-90.0,0.0,24.0,1.0,0.07912890625
2976,2024-11-24 17:39:42.824,99.248,48.265771,25.905568,101.285,425.242,50.5,-90.0,0.0,24.0,1.0,0.07912890625
2977,2024-11-24 17:39:42.857,99.281,48.265783,25.90559,101.301,425.258,50.5,-90.0,0.0,24.0,1.0,0.07914140625
2978,2024-11-24 17:39:42.890,99.314,48.265783,25.90559,101.301,425.258,50.5,-90.0,0.0,24.0,1.0,0.07914140625
2979,2024-11-24 17:39:42.925,99.349,48.265783,25.90559,101.301,425.258,50.5,-90.0,0.0,24.0,1.0,0.07914140625
2980,2024-11-24 17:39:42.957,99.381,48.265795,25.905611,101.338,425.295,51.2,-89.9,0.0,24.0,1.0,0.0791703125
2981,2024-11-24 17:39:42.991,99.415,48.265795,25.905611,101.338,425.295,51.2,-89.9,0.0,24.0,1.0,0.0791703125
2982,2024-11-24 17:39:43.024,99.448,48.265795,25.905611,101.338,425.295,51.2,-89.9,0.0,24.0,1.0,0.0791703125
2983,2024-11-24 17:39:43.058,99.482,48.265806,25.905633,101.345,425.301,51.9,-90.0,0.0,24.0,1.0,0.07917578125
2984,2024-11-24 17:39:43.090,99.514,48.265806,25.905633,101.345,425.301,51.9,-90.0,0.0,24.0,1.0,0.07917578125
2985,2024-11-24 17:39:43.123,99.547,48.265806,25.905633,101.345,425.301,51.9,-90.0,0.0,24.0,1.0,0.07917578125
2986,2024-11-24 17:39:43.157,99.581,48.265818,25.905655,101.378,425.335,51.9,-89.9,0.0,24.0,1.0,0.0792015625
2987,2024-11-24 17:39:43.192,99.616,48.265818,25.905655,101.378,425.335,51.9,-89.9,0.0,24.0,1.0,0.0792015625
2988,2024-11-24 17:39:43.224,99.648,48.265818,25.905655,101.378,425.335,51.9,-89.9,0.0,24.0,1.0,0.0792015625
2989,2024-11-24 17:39:43.257,99.681,48.265829,25.905676,101.396,425.353,52.0,-89.9,0.0,24.0,1.0,0.079215625
2990,2024-11-24 17:39:43.291,99.715,48.265829,25.905676,101.396,425.353,52.0,-89.9,0.0,24.0,1.0,0.079215625
2991,2024-11-24 17:39:43.324,99.748,48.265829,25.905676,101.396,425.353,52.0,-89.9,0.0,24.0,1.0,0.079215625
2992,2024-11-24 17:39:43.358,99.782,48.265841,25.905698,101.382,425.339,52.0,-90.0,0.0,24.0,1.0,0.07920468750000001
2993,2024-11-24 17:39:43.392,99.816,48.265841,25.905698,101.382,425.339,52.0,-90.0,0.0,24.0,1.0,0.07920468750000001
2994,2024-11-24 17:39:43.424,99.848,48.265841,25.905698,101.382,425.339,52.0,-90.0,0.0,24.0,1.0,0.07920468750000001
2995,2024-11-24 17:39:43.459,99.883,48.265852,25.90572,101.373,425.329,51.9,-90.0,0.0,24.0,1.0,0.07919765625000001
2996,2024-11-24 17:39:43.490,99.914,48.265852,25.90572,101.373,425.329,51.9,-90.0,0.0,24.0,1.0,0.07919765625000001
2997,2024-11-24 17:39:43.524,99.948,48.265852,25.90572,101.373,425.329,51.9,-90.0,0.0,24.0,1.0,0.07919765625000001
2998,2024-11-24 17:39:43.557,99.981,48.265863,25.905741,101.394,425.35,51.9,-89.9,0.0,24.0,1.0,0.0792140625
2999,2024-11-24 17:39:43.590,100.014,48.265863,25.905741,101.394,425.35,51.9,-89.9,0.0,24.0,1.0,0.0792140625
3000,2024-11-24 17:39:43.625,100.049,48.265863,25.905741,101.394,425.35,51.9,-89.9,0.0,24.0,1.0,0.0792140625
3001,2024-11-24 17:39:43.657,100.081,48.265874,25.905763,101.401,425.358,51.9,-89.9,0.0,24.0,1.0,0.07921953124999999
3002,2024-11-24 17:39:43.692,100.116,48.265874,25.905763,101.401,425.358,51.9,-89.9,0.0,24.0,1.0,0.07921953124999999
3003,2024-11-24 17:39:43.724,100.148,48.265874,25.905763,101.401,425.358,51.9,-89.9,0.0,24.0,1.0,0.07921953124999999
3004,2024-11-24 17:39:43.758,100.182,48.265885,25.905784,101.383,425.34,51.9,-89.9,0.0,24.0,1.0,0.07920546875
3005,2024-11-24 17:39:43.793,100.217,48.265885,25.905784,101.383,425.34,51.9,-89.9,0.0,24.0,1.0,0.07920546875
3006,2024-11-24 17:39:43.825,100.249,48.265885,25.905784,101.383,425.34,51.9,-89.9,0.0,24.0,1.0,0.07920546875
3007,2024-11-24 17:39:43.858,100.282,48.265896,25.905806,101.374,425.331,51.9,-90.0,0.0,24.0,1.0,0.07919843749999998
3008,2024-11-24 17:39:43.891,100.315,48.265896,25.905806,101.374,425.331,51.9,-90.0,0.0,24.0,1.0,0.07919843749999998
3009,2024-11-24 17:39:43.926,100.35,48.265896,25.905806,101.374,425.331,51.9,-90.0,0.0,24.0,1.0,0.07919843749999998
3010,2024-11-24 17:39:43.958,100.382,48.265908,25.905828,101.356,425.312,51.9,-90.0,0.0,24.0,1.0,0.079184375
3011,2024-11-24 17:39:43.992,100.416,48.265908,25.905828,101.356,425.312,51.9,-90.0,0.0,24.0,1.0,0.079184375
3012,2024-11-24 17:39:44.024,100.448,48.265908,25.905828,101.356,425.312,51.9,-90.0,0.0,24.0,1.0,0.079184375
3013,2024-11-24 17:39:44.058,100.482,48.265919,25.90585,101.35,425.306,51.9,-90.0,0.0,24.0,1.0,0.07917968749999998
3014,2024-11-24 17:39:44.091,100.515,48.265919,25.90585,101.35,425.306,51.9,-90.0,0.0,24.0,1.0,0.07917968749999998
3015,2024-11-24 17:39:44.125,100.549,48.265919,25.90585,101.35,425.306,51.9,-90.0,0.0,24.0,1.0,0.07917968749999998
3016,2024-11-24 17:39:44.160,100.584,48.26593,25.905872,101.353,425.31,51.8,-90.0,0.0,24.0,1.0,0.07918203124999999
3017,2024-11-24 17:39:44.191,100.615,48.26593,25.905872,101.353,425.31,51.8,-90.0,0.0,24.0,1.0,0.07918203124999999
3018,2024-11-24 17:39:44.226,100.65,48.26593,25.905872,101.353,425.31,51.8,-90.0,0.0,24.0,1.0,0.07918203124999999
3019,2024-11-24 17:39:44.258,100.682,48.265941,25.905894,101.355,425.312,51.9,-90.0,0.0,24.0,1.0,0.07918359375
3020,2024-11-24 17:39:44.291,100.715,48.265941,25.905894,101.355,425.312,51.9,-90.0,0.0,24.0,1.0,0.07918359375
3021,2024-11-24 17:39:44.325,100.749,48.265941,25.905894,101.355,425.312,51.9,-90.0,0.0,24.0,1.0,0.07918359375
3022,2024-11-24 17:39:44.360,100.784,48.265953,25.905916,101.357,425.313,51.9,-90.0,0.0,24.0,1.0,0.07918515625000001
3023,2024-11-24 17:39:44.394,100.818,48.265953,25.905916,101.357,425.313,51.9,-90.0,0.0,24.0,1.0,0.07918515625000001
3024,2024-11-24 17:39:44.426,100.85,48.265953,25.905916,101.357,425.313,51.9,-90.0,0.0,24.0,1.0,0.07918515625000001
3025,2024-11-24 17:39:44.459,100.883,48.265964,25.905938,101.352,425.308,51.9,-90.0,0.0,24.0,1.0,0.07918125000000001
3026,2024-11-24 17:39:44.494,100.918,48.265964,25.905938,101.352,425.308,51.9,-90.0,0.0,24.0,1.0,0.07918125000000001
3027,2024-11-24 17:39:44.526,100.95,48.265964,25.905938,101.352,425.308,51.9,-90.0,0.0,24.0,1.0,0.07918125000000001
3028,2024-11-24 17:39:44.561,100.985,48.265975,25.90596,101.356,425.312,51.9,-90.0,0.0,24.0,1.0,0.079184375
3029,2024-11-24 17:39:44.593,101.017,48.265975,25.90596,101.356,425.312,51.9,-90.0,0.0,24.0,1.0,0.079184375
3030,2024-11-24 17:39:44.625,101.049,48.265975,25.90596,101.356,425.312,51.9,-90.0,0.0,24.0,1.0,0.079184375
3031,2024-11-24 17:39:44.659,101.083,48.265987,25.905982,101.356,425.313,51.9,-90.0,0.0,24.0,1.0,0.079184375
3032,2024-11-24 17:39:44.693,101.117,48.265987,25.905982,101.356,425.313,51.9,-90.0,0.0,24.0,1.0,0.079184375
3033,2024-11-24 17:39:44.726,101.15,48.265987,25.905982,101.356,425.313,51.9,-90.0,0.0,24.0,1.0,0.079184375
3034,2024-11-24 17:39:44.759,101.183,48.265998,25.906004,101.355,425.312,51.9,-90.0,0.0,24.0,1.0,0.07918359375
3035,2024-11-24 17:39:44.793,101.217,48.265998,25.906004,101.355,425.312,51.9,-90.0,0.0,24.0,1.0,0.07918359375
3036,2024-11-24 17:39:44.826,101.25,48.265998,25.906004,101.355,425.312,51.9,-90.0,0.0,24.0,1.0,0.07918359375
3037,2024-11-24 17:39:44.858,101.282,48.26601,25.906026,101.355,425.311,51.9,-90.0,0.0,24.0,1.0,0.07918359375
3038,2024-11-24 17:39:44.893,101.317,48.26601,25.906026,101.355,425.311,51.9,-90.0,0.0,24.0,1.0,0.07918359375
3039,2024-11-24 17:39:44.925,101.349,48.26601,25.906026,101.355,425.311,51.9,-90.0,0.0,24.0,1.0,0.07918359375
3040,2024-11-24 17:39:44.960,101.384,48.266021,25.906048,101.361,425.318,51.9,-89.9,0.0,24.0,1.0,0.07918828125
3041,2024-11-24 17:39:44.993,101.417,48.266021,25.906048,101.361,425.318,51.9,-89.9,0.0,24.0,1.0,0.07918828125
3042,2024-11-24 17:39:45.026,101.45,48.266021,25.906048,101.361,425.318,51.9,-89.9,0.0,24.0,1.0,0.07918828125
3043,2024-11-24 17:39:45.059,101.483,48.266032,25.90607,101.346,425.303,51.9,-90.0,0.0,24.0,1.0,0.0791765625
3044,2024-11-24 17:39:45.093,101.517,48.266032,25.90607,101.346,425.303,51.9,-90.0,0.0,24.0,1.0,0.0791765625
3045,2024-11-24 17:39:45.126,101.55,48.266032,25.90607,101.346,425.303,51.9,-90.0,0.0,24.0,1.0,0.0791765625
3046,2024-11-24 17:39:45.160,101.584,48.266044,25.906092,101.348,425.304,51.9,-90.0,0.0,24.0,1.0,0.079178125
3047,2024-11-24 17:39:45.192,101.616,48.266044,25.906092,101.348,425.304,51.9,-90.0,0.0,24.0,1.0,0.079178125
3048,2024-11-24 17:39:45.225,101.649,48.266044,25.906092,101.348,425.304,51.9,-90.0,0.0,24.0,1.0,0.079178125
3049,2024-11-24 17:39:45.260,101.684,48.266055,25.906113,101.348,425.305,51.9,-90.0,0.0,24.0,1.0,0.079178125
3050,2024-11-24 17:39:45.293,101.717,48.266055,25.906113,101.348,425.305,51.9,-90.0,0.0,24.0,1.0,0.079178125
3051,2024-11-24 17:39:45.326,101.75,48.266055,25.906113,101.348,425.305,51.9,-90.0,0.0,24.0,1.0,0.079178125
3052,2024-11-24 17:39:45.361,101.785,48.266067,25.906135,101.35,425.306,51.9,-90.0,0.0,24.0,1.0,0.07917968749999998
3053,2024-11-24 17:39:45.395,101.819,48.266067,25.906135,101.35,425.306,51.9,-90.0,0.0,24.0,1.0,0.07917968749999998
3054,2024-11-24 17:39:45.426,101.85,48.266067,25.906135,101.35,425.306,51.9,-90.0,0.0,24.0,1.0,0.07917968749999998
3055,2024-11-24 17:39:45.462,101.886,48.266078,25.906157,101.351,425.308,51.9,-90.0,0.0,24.0,1.0,0.07918046875
3056,2024-11-24 17:39:45.494,101.918,48.266078,25.906157,101.351,425.308,51.9,-90.0,0.0,24.0,1.0,0.07918046875
3057,2024-11-24 17:39:45.526,101.95,48.266078,25.906157,101.351,425.308,51.9,-90.0,0.0,24.0,1.0,0.07918046875
3058,2024-11-24 17:39:45.560,101.984,48.26609,25.906179,101.35,425.307,51.9,-89.9,0.0,24.0,1.0,0.07917968749999998
3059,2024-11-24 17:39:45.593,102.017,48.26609,25.906179,101.35,425.307,51.9,-89.9,0.0,24.0,1.0,0.07917968749999998
3060,2024-11-24 17:39:45.626,102.05,48.26609,25.906179,101.35,425.307,51.9,-89.9,0.0,24.0,1.0,0.07917968749999998
3061,2024-11-24 17:39:45.661,102.085,48.266101,25.906201,101.348,425.305,51.9,-90.0,0.0,24.0,1.0,0.079178125
3062,2024-11-24 17:39:45.692,102.116,48.266101,25.906201,101.348,425.305,51.9,-90.0,0.0,24.0,1.0,0.079178125
3063,2024-11-24 17:39:45.729,102.153,48.266101,25.906201,101.348,425.305,51.9,-90.0,0.0,24.0,1.0,0.079178125
3064,2024-11-24 17:39:45.760,102.184,48.266112,25.906223,101.349,425.306,51.9,-90.0,0.0,24.0,1.0,0.07917890625
3065,2024-11-24 17:39:45.793,102.217,48.266112,25.906223,101.349,425.306,51.9,-90.0,0.0,24.0,1.0,0.07917890625
3066,2024-11-24 17:39:45.826,102.25,48.266112,25.906223,101.349,425.306,51.9,-90.0,0.0,24.0,1.0,0.07917890625
3067,2024-11-24 17:39:45.862,102.286,48.266124,25.906245,101.349,425.306,51.9,-90.0,0.0,24.0,1.0,0.07917890625
3068,2024-11-24 17:39:45.896,102.32,48.266124,25.906245,101.349,425.306,51.9,-90.0,0.0,24.0,1.0,0.07917890625
3069,2024-11-24 17:39:45.926,102.35,48.266124,25.906245,101.349,425.306,51.9,-90.0,0.0,24.0,1.0,0.07917890625
3070,2024-11-24 17:39:45.961,102.385,48.266136,25.906267,101.354,425.311,51.9,-90.0,0.0,24.0,1.0,0.0791828125
3071,2024-11-24 17:39:45.994,102.418,48.266136,25.906267,101.354,425.311,51.9,-90.0,0.0,24.0,1.0,0.0791828125
3072,2024-11-24 17:39:46.026,102.45,48.266136,25.906267,101.354,425.311,51.9,-90.0,0.0,24.0,1.0,0.0791828125
3073,2024-11-24 17:39:46.062,102.486,48.266147,25.906289,101.349,425.305,51.9,-89.9,0.0,24.0,1.0,0.07917890625
3074,2024-11-24 17:39:46.094,102.518,48.266147,25.906289,101.349,425.305,51.9,-89.9,0.0,24.0,1.0,0.07917890625
3075,2024-11-24 17:39:46.127,102.551,48.266147,25.906289,101.349,425.305,51.9,-89.9,0.0,24.0,1.0,0.07917890625
3076,2024-11-24 17:39:46.161,102.585,48.266159,25.906311,101.349,425.306,51.9,-90.0,0.0,24.0,1.0,0.07917890625
3077,2024-11-24 17:39:46.193,102.617,48.266159,25.906311,101.349,425.306,51.9,-90.0,0.0,24.0,1.0,0.07917890625
3078,2024-11-24 17:39:46.228,102.652,48.266159,25.906311,101.349,425.306,51.9,-90.0,0.0,24.0,1.0,0.07917890625
3079,2024-11-24 17:39:46.260,102.684,48.266171,25.906334,101.304,425.26,51.9,-89.9,0.0,24.0,1.0,0.07914375000000001
3080,2024-11-24 17:39:46.294,102.718,48.266171,25.906334,101.304,425.26,51.9,-89.9,0.0,24.0,1.0,0.07914375000000001
3081,2024-11-24 17:39:46.326,102.75,48.266171,25.906334,101.304,425.26,51.9,-89.9,0.0,24.0,1.0,0.07914375000000001
3082,2024-11-24 17:39:46.361,102.785,48.266181,25.906355,101.197,425.153,51.9,-90.0,0.0,24.0,1.0,0.07906015625
3083,2024-11-24 17:39:46.393,102.817,48.266181,25.906355,101.197,425.153,51.9,-90.0,0.0,24.0,1.0,0.07906015625
3084,2024-11-24 17:39:46.429,102.853,48.266181,25.906355,101.197,425.153,51.9,-90.0,0.0,24.0,1.0,0.07906015625
3085,2024-11-24 17:39:46.462,102.886,48.266193,25.906376,101.039,424.996,51.9,-90.0,0.0,24.0,1.0,0.07893671875000001
3086,2024-11-24 17:39:46.496,102.92,48.266193,25.906376,101.039,424.996,51.9,-90.0,0.0,24.0,1.0,0.07893671875000001
3087,2024-11-24 17:39:46.526,102.95,48.266193,25.906376,101.039,424.996,51.9,-90.0,0.0,24.0,1.0,0.07893671875000001
3088,2024-11-24 17:39:46.563,102.987,48.266204,25.906398,100.816,424.773,51.9,-90.0,0.0,24.0,1.0,0.0787625
3089,2024-11-24 17:39:46.594,103.018,48.266204,25.906398,100.816,424.773,51.9,-90.0,0.0,24.0,1.0,0.0787625
3090,2024-11-24 17:39:46.627,103.051,48.266204,25.906398,100.816,424.773,51.9,-90.0,0.0,24.0,1.0,0.0787625
3091,2024-11-24 17:39:46.660,103.084,48.266215,25.906419,100.559,424.516,51.9,-89.9,0.0,24.0,1.0,0.07856171875000001
3092,2024-11-24 17:39:46.695,103.119,48.266215,25.906419,100.559,424.516,51.9,-89.9,0.0,24.0,1.0,0.07856171875000001
3093,2024-11-24 17:39:46.726,103.15,48.266215,25.906419,100.559,424.516,51.9,-89.9,0.0,24.0,1.0,0.07856171875000001
3094,2024-11-24 17:39:46.761,103.185,48.266215,25.906419,100.559,424.516,51.9,-89.9,0.0,24.0,1.0,0.07856171875000001
3095,2024-11-24 17:39:46.794,103.218,48.266227,25.90644,100.148,424.104,51.9,-89.9,0.0,24.0,1.0,0.078240625
3096,2024-11-24 17:39:46.827,103.251,48.266227,25.90644,100.148,424.104,51.9,-89.9,0.0,24.0,1.0,0.078240625
3097,2024-11-24 17:39:46.862,103.286,48.266238,25.906461,99.61,423.567,51.9,-90.0,0.0,24.0,1.0,0.0778203125
3098,2024-11-24 17:39:46.894,103.318,48.266238,25.906461,99.61,423.567,51.9,-90.0,0.0,24.0,1.0,0.0778203125
3099,2024-11-24 17:39:46.927,103.351,48.266238,25.906461,99.61,423.567,51.9,-90.0,0.0,24.0,1.0,0.0778203125
3100,2024-11-24 17:39:46.962,103.386,48.266249,25.906482,99.034,422.991,51.9,-89.9,0.0,24.0,1.0,0.07737031250000001
3101,2024-11-24 17:39:46.994,103.418,48.266249,25.906482,99.034,422.991,51.9,-89.9,0.0,24.0,1.0,0.07737031250000001
3102,2024-11-24 17:39:47.027,103.451,48.266249,25.906482,99.034,422.991,51.9,-89.9,0.0,24.0,1.0,0.07737031250000001
3103,2024-11-24 17:39:47.062,103.486,48.26626,25.906503,98.359,422.316,51.9,-90.0,0.0,24.0,1.0,0.07684296875
3104,2024-11-24 17:39:47.095,103.519,48.26626,25.906503,98.359,422.316,51.9,-90.0,0.0,24.0,1.0,0.07684296875
3105,2024-11-24 17:39:47.130,103.554,48.26626,25.906503,98.359,422.316,51.9,-90.0,0.0,24.0,1.0,0.07684296875
3106,2024-11-24 17:39:47.162,103.586,48.266271,25.906523,97.598,421.555,51.9,-90.0,0.0,24.0,1.0,0.0762484375
3107,2024-11-24 17:39:47.194,103.618,48.266271,25.906523,97.598,421.555,51.9,-90.0,0.0,24.0,1.0,0.0762484375
3108,2024-11-24 17:39:47.227,103.651,48.266271,25.906523,97.598,421.555,51.9,-90.0,0.0,24.0,1.0,0.0762484375
3109,2024-11-24 17:39:47.262,103.686,48.266282,25.906544,96.829,420.785,51.9,-90.0,0.0,24.0,1.0,0.07564765624999999
3110,2024-11-24 17:39:47.296,103.72,48.266282,25.906544,96.829,420.785,51.9,-90.0,0.0,24.0,1.0,0.07564765624999999
3111,2024-11-24 17:39:47.327,103.751,48.266282,25.906544,96.829,420.785,51.9,-90.0,0.0,24.0,1.0,0.07564765624999999
3112,2024-11-24 17:39:47.361,103.785,48.266293,25.906565,96.084,420.04,51.9,-90.0,0.0,24.0,1.0,0.075065625
3113,2024-11-24 17:39:47.395,103.819,48.266293,25.906565,96.084,420.04,51.9,-90.0,0.0,24.0,1.0,0.075065625
3114,2024-11-24 17:39:47.428,103.852,48.266293,25.906565,96.084,420.04,51.9,-90.0,0.0,24.0,1.0,0.075065625
3115,2024-11-24 17:39:47.463,103.887,48.266303,25.906586,95.331,419.288,51.9,-90.0,0.0,24.0,1.0,0.07447734375
3116,2024-11-24 17:39:47.494,103.918,48.266303,25.906586,95.331,419.288,51.9,-90.0,0.0,24.0,1.0,0.07447734375
3117,2024-11-24 17:39:47.527,103.951,48.266303,25.906586,95.331,419.288,51.9,-90.0,0.0,24.0,1.0,0.07447734375
3118,2024-11-24 17:39:47.562,103.986,48.266315,25.906607,94.595,418.552,51.9,-89.9,0.0,24.0,1.0,0.07390234374999999
3119,2024-11-24 17:39:47.597,104.021,48.266315,25.906607,94.595,418.552,51.9,-89.9,0.0,24.0,1.0,0.07390234374999999
3120,2024-11-24 17:39:47.630,104.054,48.266315,25.906607,94.595,418.552,51.9,-89.9,0.0,24.0,1.0,0.07390234374999999
3121,2024-11-24 17:39:47.663,104.087,48.266326,25.906628,93.914,417.87,51.9,-90.0,0.0,24.0,1.0,0.0733703125
3122,2024-11-24 17:39:47.694,104.118,48.266326,25.906628,93.914,417.87,51.9,-90.0,0.0,24.0,1.0,0.0733703125
3123,2024-11-24 17:39:47.728,104.152,48.266326,25.906628,93.914,417.87,51.9,-90.0,0.0,24.0,1.0,0.0733703125
3124,2024-11-24 17:39:47.761,104.185,48.266337,25.90665,93.2,417.157,51.9,-90.0,0.0,24.0,1.0,0.0728125
3125,2024-11-24 17:39:47.795,104.219,48.266337,25.90665,93.2,417.157,51.9,-90.0,0.0,24.0,1.0,0.0728125
3126,2024-11-24 17:39:47.828,104.252,48.266337,25.90665,93.2,417.157,51.9,-90.0,0.0,24.0,1.0,0.0728125
3127,2024-11-24 17:39:47.863,104.287,48.266348,25.906672,92.557,416.514,51.9,-90.0,0.0,24.0,1.0,0.07231015625
3128,2024-11-24 17:39:47.895,104.319,48.266348,25.906672,92.557,416.514,51.9,-90.0,0.0,24.0,1.0,0.07231015625
3129,2024-11-24 17:39:47.929,104.353,48.266348,25.906672,92.557,416.514,51.9,-90.0,0.0,24.0,1.0,0.07231015625
3130,2024-11-24 17:39:47.962,104.386,48.26636,25.906694,91.888,415.845,51.9,-90.0,0.0,24.0,1.0,0.07178749999999999
3131,2024-11-24 17:39:47.995,104.419,48.26636,25.906694,91.888,415.845,51.9,-90.0,0.0,24.0,1.0,0.07178749999999999
3132,2024-11-24 17:39:48.028,104.452,48.26636,25.906694,91.888,415.845,51.9,-90.0,0.0,24.0,1.0,0.07178749999999999
3133,2024-11-24 17:39:48.064,104.488,48.266372,25.906716,91.225,415.182,51.9,-90.0,0.0,24.0,1.0,0.07126953124999999
3134,2024-11-24 17:39:48.096,104.52,48.266372,25.906716,91.225,415.182,51.9,-90.0,0.0,24.0,1.0,0.07126953124999999
3135,2024-11-24 17:39:48.128,104.552,48.266372,25.906716,91.225,415.182,51.9,-90.0,0.0,24.0,1.0,0.07126953124999999
3136,2024-11-24 17:39:48.161,104.585,48.266383,25.906738,90.524,414.48,51.9,-90.0,0.0,24.0,1.0,0.070721875
3137,2024-11-24 17:39:48.196,104.62,48.266383,25.906738,90.524,414.48,51.9,-90.0,0.0,24.0,1.0,0.070721875
3138,2024-11-24 17:39:48.230,104.654,48.266383,25.906738,90.524,414.48,51.9,-90.0,0.0,24.0,1.0,0.070721875
3139,2024-11-24 17:39:48.263,104.687,48.266395,25.90676,89.83,413.787,51.9,-90.0,0.0,24.0,1.0,0.0701796875
3140,2024-11-24 17:39:48.295,104.719,48.266395,25.90676,89.83,413.787,51.9,-90.0,0.0,24.0,1.0,0.0701796875
3141,2024-11-24 17:39:48.328,104.752,48.266395,25.90676,89.83,413.787,51.9,-90.0,0.0,24.0,1.0,0.0701796875
3142,2024-11-24 17:39:48.364,104.788,48.266406,25.906782,89.15,413.107,51.9,-90.0,0.0,24.0,1.0,0.06964843750000001
3143,2024-11-24 17:39:48.397,104.821,48.266406,25.906782,89.15,413.107,51.9,-90.0,0.0,24.0,1.0,0.06964843750000001
3144,2024-11-24 17:39:48.428,104.852,48.266406,25.906782,89.15,413.107,51.9,-90.0,0.0,24.0,1.0,0.06964843750000001
3145,2024-11-24 17:39:48.463,104.887,48.266418,25.906805,88.499,412.455,51.9,-90.0,0.0,24.0,1.0,0.06913984374999999
3146,2024-11-24 17:39:48.498,104.922,48.266418,25.906805,88.499,412.455,51.9,-90.0,0.0,24.0,1.0,0.06913984374999999
3147,2024-11-24 17:39:48.528,104.952,48.266418,25.906805,88.499,412.455,51.9,-90.0,0.0,24.0,1.0,0.06913984374999999
3148,2024-11-24 17:39:48.563,104.987,48.26643,25.906828,87.862,411.819,51.8,-90.0,0.0,24.0,1.0,0.06864218750000001
3149,2024-11-24 17:39:48.595,105.019,48.26643,25.906828,87.862,411.819,51.8,-90.0,0.0,24.0,1.0,0.06864218750000001
3150,2024-11-24 17:39:48.631,105.055,48.26643,25.906828,87.862,411.819,51.8,-90.0,0.0,24.0,1.0,0.06864218750000001
3151,2024-11-24 17:39:48.663,105.087,48.266441,25.90685,87.252,411.209,51.9,-90.0,0.0,24.0,1.0,0.068165625
3152,2024-11-24 17:39:48.696,105.12,48.266441,25.90685,87.252,411.209,51.9,-90.0,0.0,24.0,1.0,0.068165625
3153,2024-11-24 17:39:48.729,105.153,48.266441,25.90685,87.252,411.209,51.9,-90.0,0.0,24.0,1.0,0.068165625
3154,2024-11-24 17:39:48.763,105.187,48.266441,25.90685,87.252,411.209,51.9,-90.0,0.0,24.0,1.0,0.068165625
3155,2024-11-24 17:39:48.796,105.22,48.266453,25.906873,86.552,410.508,51.9,-89.9,0.0,24.0,1.0,0.06761875
3156,2024-11-24 17:39:48.830,105.254,48.266453,25.906873,86.552,410.508,51.9,-89.9,0.0,24.0,1.0,0.06761875
3157,2024-11-24 17:39:48.864,105.288,48.266465,25.906895,85.89,409.847,51.9,-90.0,0.0,24.0,1.0,0.0671015625
3158,2024-11-24 17:39:48.895,105.319,48.266465,25.906895,85.89,409.847,51.9,-90.0,0.0,24.0,1.0,0.0671015625
3159,2024-11-24 17:39:48.929,105.353,48.266465,25.906895,85.89,409.847,51.9,-90.0,0.0,24.0,1.0,0.0671015625
3160,2024-11-24 17:39:48.964,105.388,48.266477,25.906918,85.323,409.279,51.9,-90.0,0.0,24.0,1.0,0.06665859375
3161,2024-11-24 17:39:48.997,105.421,48.266477,25.906918,85.323,409.279,51.9,-90.0,0.0,24.0,1.0,0.06665859375
3162,2024-11-24 17:39:49.029,105.453,48.266477,25.906918,85.323,409.279,51.9,-90.0,0.0,24.0,1.0,0.06665859375
3163,2024-11-24 17:39:49.063,105.487,48.266489,25.90694,84.814,408.771,51.9,-89.9,0.0,24.0,1.0,0.06626093749999999
3164,2024-11-24 17:39:49.097,105.521,48.266489,25.90694,84.814,408.771,51.9,-89.9,0.0,24.0,1.0,0.06626093749999999
3165,2024-11-24 17:39:49.129,105.553,48.266489,25.90694,84.814,408.771,51.9,-89.9,0.0,24.0,1.0,0.06626093749999999
3166,2024-11-24 17:39:49.163,105.587,48.2665,25.906963,84.315,408.272,51.9,-90.0,0.0,24.0,1.0,0.06587109375
3167,2024-11-24 17:39:49.195,105.619,48.2665,25.906963,84.315,408.272,51.9,-90.0,0.0,24.0,1.0,0.06587109375
3168,2024-11-24 17:39:49.229,105.653,48.2665,25.906963,84.315,408.272,51.9,-90.0,0.0,24.0,1.0,0.06587109375
3169,2024-11-24 17:39:49.264,105.688,48.266512,25.906985,83.892,407.848,51.9,-90.0,0.0,24.0,1.0,0.06554062499999999
3170,2024-11-24 17:39:49.296,105.72,48.266512,25.906985,83.892,407.848,51.9,-90.0,0.0,24.0,1.0,0.06554062499999999
3171,2024-11-24 17:39:49.329,105.753,48.266512,25.906985,83.892,407.848,51.9,-90.0,0.0,24.0,1.0,0.06554062499999999
3172,2024-11-24 17:39:49.363,105.787,48.266523,25.907007,83.479,407.435,51.9,-90.0,0.0,24.0,1.0,0.06521796875000001
3173,2024-11-24 17:39:49.395,105.819,48.266523,25.907007,83.479,407.435,51.9,-90.0,0.0,24.0,1.0,0.06521796875000001
3174,2024-11-24 17:39:49.430,105.854,48.266523,25.907007,83.479,407.435,51.9,-90.0,0.0,24.0,1.0,0.06521796875000001
3175,2024-11-24 17:39:49.464,105.888,48.266535,25.90703,83.075,407.032,51.9,-90.0,0.0,24.0,1.0,0.06490234375000001
3176,2024-11-24 17:39:49.495,105.919,48.266535,25.90703,83.075,407.032,51.9,-90.0,0.0,24.0,1.0,0.06490234375000001
3177,2024-11-24 17:39:49.529,105.953,48.266535,25.90703,83.075,407.032,51.9,-90.0,0.0,24.0,1.0,0.06490234375000001
3178,2024-11-24 17:39:49.564,105.988,48.266547,25.907052,82.734,406.69,51.9,-90.0,0.0,24.0,1.0,0.0646359375
3179,2024-11-24 17:39:49.596,106.02,48.266547,25.907052,82.734,406.69,51.9,-90.0,0.0,24.0,1.0,0.0646359375
3180,2024-11-24 17:39:49.630,106.054,48.266547,25.907052,82.734,406.69,51.9,-90.0,0.0,24.0,1.0,0.0646359375
3181,2024-11-24 17:39:49.664,106.088,48.266558,25.907074,82.421,406.378,51.9,-90.0,0.0,24.0,1.0,0.06439140625
3182,2024-11-24 17:39:49.697,106.121,48.266558,25.907074,82.421,406.378,51.9,-90.0,0.0,24.0,1.0,0.06439140625
3183,2024-11-24 17:39:49.731,106.155,48.266558,25.907074,82.421,406.378,51.9,-90.0,0.0,24.0,1.0,0.06439140625
3184,2024-11-24 17:39:49.763,106.187,48.26657,25.907097,82.11,406.067,51.9,-90.0,0.0,24.0,1.0,0.0641484375
3185,2024-11-24 17:39:49.796,106.22,48.26657,25.907097,82.11,406.067,51.9,-90.0,0.0,24.0,1.0,0.0641484375
3186,2024-11-24 17:39:49.831,106.255,48.26657,25.907097,82.11,406.067,51.9,-90.0,0.0,24.0,1.0,0.0641484375
3187,2024-11-24 17:39:49.863,106.287,48.266581,25.907119,81.821,405.778,51.9,-90.0,0.0,24.0,1.0,0.06392265625
3188,2024-11-24 17:39:49.896,106.32,48.266581,25.907119,81.821,405.778,51.9,-90.0,0.0,24.0,1.0,0.06392265625
3189,2024-11-24 17:39:49.930,106.354,48.266581,25.907119,81.821,405.778,51.9,-90.0,0.0,24.0,1.0,0.06392265625
3190,2024-11-24 17:39:49.963,106.387,48.266593,25.907141,81.557,405.513,51.9,-90.0,0.0,24.0,1.0,0.06371640625
3191,2024-11-24 17:39:49.997,106.421,48.266593,25.907141,81.557,405.513,51.9,-90.0,0.0,24.0,1.0,0.06371640625
3192,2024-11-24 17:39:50.032,106.456,48.266593,25.907141,81.557,405.513,51.9,-90.0,0.0,24.0,1.0,0.06371640625
3193,2024-11-24 17:39:50.063,106.487,48.266604,25.907163,81.274,405.231,51.9,-89.9,0.0,24.0,1.0,0.0634953125
3194,2024-11-24 17:39:50.097,106.521,48.266604,25.907163,81.274,405.231,51.9,-89.9,0.0,24.0,1.0,0.0634953125
3195,2024-11-24 17:39:50.130,106.554,48.266604,25.907163,81.274,405.231,51.9,-89.9,0.0,24.0,1.0,0.0634953125
3196,2024-11-24 17:39:50.165,106.589,48.266616,25.907185,80.985,404.941,51.9,-89.9,0.0,24.0,1.0,0.06326953125
3197,2024-11-24 17:39:50.197,106.621,48.266616,25.907185,80.985,404.941,51.9,-89.9,0.0,24.0,1.0,0.06326953125
3198,2024-11-24 17:39:50.230,106.654,48.266616,25.907185,80.985,404.941,51.9,-89.9,0.0,24.0,1.0,0.06326953125
3199,2024-11-24 17:39:50.264,106.688,48.266628,25.907207,80.715,404.671,51.9,-90.0,0.0,24.0,1.0,0.06305859375
3200,2024-11-24 17:39:50.298,106.722,48.266628,25.907207,80.715,404.671,51.9,-90.0,0.0,24.0,1.0,0.06305859375
3201,2024-11-24 17:39:50.331,106.755,48.266628,25.907207,80.715,404.671,51.9,-90.0,0.0,24.0,1.0,0.06305859375
3202,2024-11-24 17:39:50.364,106.788,48.266639,25.907229,80.462,404.419,51.9,-89.9,0.0,24.0,1.0,0.0628609375
3203,2024-11-24 17:39:50.397,106.821,48.266639,25.907229,80.462,404.419,51.9,-89.9,0.0,24.0,1.0,0.0628609375
3204,2024-11-24 17:39:50.431,106.855,48.266639,25.907229,80.462,404.419,51.9,-89.9,0.0,24.0,1.0,0.0628609375
3205,2024-11-24 17:39:50.464,106.888,48.266651,25.907251,80.213,404.169,51.9,-89.9,0.0,24.0,1.0,0.06266640625
3206,2024-11-24 17:39:50.498,106.922,48.266651,25.907251,80.213,404.169,51.9,-89.9,0.0,24.0,1.0,0.06266640625
3207,2024-11-24 17:39:50.531,106.955,48.266651,25.907251,80.213,404.169,51.9,-89.9,0.0,24.0,1.0,0.06266640625
3208,2024-11-24 17:39:50.565,106.989,48.266662,25.907273,79.972,403.928,51.9,-90.0,0.0,24.0,1.0,0.062478125
3209,2024-11-24 17:39:50.597,107.021,48.266662,25.907273,79.972,403.928,51.9,-90.0,0.0,24.0,1.0,0.062478125
3210,2024-11-24 17:39:50.631,107.055,48.266662,25.907273,79.972,403.928,51.9,-90.0,0.0,24.0,1.0,0.062478125
3211,2024-11-24 17:39:50.665,107.089,48.266674,25.907295,79.716,403.673,51.9,-90.0,0.0,24.0,1.0,0.06227812499999999
3212,2024-11-24 17:39:50.697,107.121,48.266674,25.907295,79.716,403.673,51.9,-90.0,0.0,24.0,1.0,0.06227812499999999
3213,2024-11-24 17:39:50.730,107.154,48.266674,25.907295,79.716,403.673,51.9,-90.0,0.0,24.0,1.0,0.06227812499999999
3214,2024-11-24 17:39:50.766,107.19,48.266685,25.907317,79.447,403.403,51.9,-89.9,0.0,24.0,1.0,0.06206796875
3215,2024-11-24 17:39:50.799,107.223,48.266685,25.907317,79.447,403.403,51.9,-89.9,0.0,24.0,1.0,0.06206796875
3216,2024-11-24 17:39:50.831,107.255,48.266685,25.907317,79.447,403.403,51.9,-89.9,0.0,24.0,1.0,0.06206796875
3217,2024-11-24 17:39:50.865,107.289,48.266697,25.907339,79.186,403.142,51.9,-89.9,0.0,24.0,1.0,0.061864062500000004
3218,2024-11-24 17:39:50.898,107.322,48.266697,25.907339,79.186,403.142,51.9,-89.9,0.0,24.0,1.0,0.061864062500000004
3219,2024-11-24 17:39:50.931,107.355,48.266697,25.907339,79.186,403.142,51.9,-89.9,0.0,24.0,1.0,0.061864062500000004
3220,2024-11-24 17:39:50.965,107.389,48.266708,25.907361,78.971,402.928,51.9,-89.9,0.0,24.0,1.0,0.06169609375
3221,2024-11-24 17:39:50.998,107.422,48.266708,25.907361,78.971,402.928,51.9,-89.9,0.0,24.0,1.0,0.06169609375
3222,2024-11-24 17:39:51.034,107.458,48.266708,25.907361,78.971,402.928,51.9,-89.9,0.0,24.0,1.0,0.06169609375
3223,2024-11-24 17:39:51.065,107.489,48.26672,25.907383,78.729,402.686,51.9,-90.0,0.0,24.0,1.0,0.061507031250000004
3224,2024-11-24 17:39:51.097,107.521,48.26672,25.907383,78.729,402.686,51.9,-90.0,0.0,24.0,1.0,0.061507031250000004
3225,2024-11-24 17:39:51.131,107.555,48.26672,25.907383,78.729,402.686,51.9,-90.0,0.0,24.0,1.0,0.061507031250000004
3226,2024-11-24 17:39:51.165,107.589,48.266731,25.907405,78.454,402.411,51.9,-90.0,0.0,24.0,1.0,0.06129218749999999
3227,2024-11-24 17:39:51.197,107.621,48.266731,25.907405,78.454,402.411,51.9,-90.0,0.0,24.0,1.0,0.06129218749999999
3228,2024-11-24 17:39:51.232,107.656,48.266731,25.907405,78.454,402.411,51.9,-90.0,0.0,24.0,1.0,0.06129218749999999
3229,2024-11-24 17:39:51.265,107.689,48.266743,25.907428,78.179,402.135,51.9,-90.0,0.0,24.0,1.0,0.06107734375
3230,2024-11-24 17:39:51.298,107.722,48.266743,25.907428,78.179,402.135,51.9,-90.0,0.0,24.0,1.0,0.06107734375
3231,2024-11-24 17:39:51.331,107.755,48.266743,25.907428,78.179,402.135,51.9,-90.0,0.0,24.0,1.0,0.06107734375
3232,2024-11-24 17:39:51.364,107.788,48.266754,25.90745,77.891,401.847,51.9,-90.0,0.0,24.0,1.0,0.06085234375
3233,2024-11-24 17:39:51.397,107.821,48.266754,25.90745,77.891,401.847,51.9,-90.0,0.0,24.0,1.0,0.06085234375
3234,2024-11-24 17:39:51.433,107.857,48.266754,25.90745,77.891,401.847,51.9,-90.0,0.0,24.0,1.0,0.06085234375
3235,2024-11-24 17:39:51.466,107.89,48.266766,25.907472,77.591,401.548,51.9,-89.9,0.0,24.0,1.0,0.060617968749999994
3236,2024-11-24 17:39:51.500,107.924,48.266766,25.907472,77.591,401.548,51.9,-89.9,0.0,24.0,1.0,0.060617968749999994
3237,2024-11-24 17:39:51.531,107.955,48.266766,25.907472,77.591,401.548,51.9,-89.9,0.0,24.0,1.0,0.060617968749999994
3238,2024-11-24 17:39:51.565,107.989,48.266777,25.907494,77.271,401.228,51.9,-90.0,0.0,24.0,1.0,0.060367968749999994
3239,2024-11-24 17:39:51.597,108.021,48.266777,25.907494,77.271,401.228,51.9,-90.0,0.0,24.0,1.0,0.060367968749999994
3240,2024-11-24 17:39:51.634,108.058,48.266777,25.907494,77.271,401.228,51.9,-90.0,0.0,24.0,1.0,0.060367968749999994
3241,2024-11-24 17:39:51.665,108.089,48.266789,25.907516,76.982,400.939,51.9,-90.0,0.0,24.0,1.0,0.0601421875
3242,2024-11-24 17:39:51.698,108.122,48.266789,25.907516,76.982,400.939,51.9,-90.0,0.0,24.0,1.0,0.0601421875
3243,2024-11-24 17:39:51.732,108.156,48.266789,25.907516,76.982,400.939,51.9,-90.0,0.0,24.0,1.0,0.0601421875
3244,2024-11-24 17:39:51.765,108.189,48.266801,25.907539,76.714,400.671,51.9,-90.0,0.0,24.0,1.0,0.0599328125
3245,2024-11-24 17:39:51.798,108.222,48.266801,25.907539,76.714,400.671,51.9,-90.0,0.0,24.0,1.0,0.0599328125
3246,2024-11-24 17:39:51.833,108.257,48.266801,25.907539,76.714,400.671,51.9,-90.0,0.0,24.0,1.0,0.0599328125
3247,2024-11-24 17:39:51.865,108.289,48.266812,25.907561,76.514,400.47,52.0,-89.9,0.0,24.0,1.0,0.05977656249999999
3248,2024-11-24 17:39:51.898,108.322,48.266812,25.907561,76.514,400.47,52.0,-89.9,0.0,24.0,1.0,0.05977656249999999
3249,2024-11-24 17:39:51.932,108.356,48.266812,25.907561,76.514,400.47,52.0,-89.9,0.0,24.0,1.0,0.05977656249999999
3250,2024-11-24 17:39:51.965,108.389,48.266824,25.907584,76.473,400.43,51.9,-90.0,0.0,24.0,1.0,0.059744531249999996
3251,2024-11-24 17:39:51.998,108.422,48.266824,25.907584,76.473,400.43,51.9,-90.0,0.0,24.0,1.0,0.059744531249999996
3252,2024-11-24 17:39:52.033,108.457,48.266824,25.907584,76.473,400.43,51.9,-90.0,0.0,24.0,1.0,0.059744531249999996
3253,2024-11-24 17:39:52.066,108.49,48.266836,25.907606,76.462,400.418,51.9,-90.0,0.0,24.0,1.0,0.05973593750000001
3254,2024-11-24 17:39:52.099,108.523,48.266836,25.907606,76.462,400.418,51.9,-90.0,0.0,24.0,1.0,0.05973593750000001
3255,2024-11-24 17:39:52.132,108.556,48.266836,25.907606,76.462,400.418,51.9,-90.0,0.0,24.0,1.0,0.05973593750000001
3256,2024-11-24 17:39:52.165,108.589,48.266848,25.907629,76.505,400.462,51.9,-89.9,0.0,24.0,1.0,0.059769531249999994
3257,2024-11-24 17:39:52.199,108.623,48.266848,25.907629,76.505,400.462,51.9,-89.9,0.0,24.0,1.0,0.059769531249999994
3258,2024-11-24 17:39:52.233,108.657,48.266848,25.907629,76.505,400.462,51.9,-89.9,0.0,24.0,1.0,0.059769531249999994
3259,2024-11-24 17:39:52.266,108.69,48.26686,25.907652,76.564,400.52,51.9,-90.0,0.0,24.0,1.0,0.059815625
3260,2024-11-24 17:39:52.299,108.723,48.26686,25.907652,76.564,400.52,51.9,-90.0,0.0,24.0,1.0,0.059815625
3261,2024-11-24 17:39:52.332,108.756,48.26686,25.907652,76.564,400.52,51.9,-90.0,0.0,24.0,1.0,0.059815625
3262,2024-11-24 17:39:52.366,108.79,48.266871,25.907674,76.621,400.577,51.9,-90.0,0.0,24.0,1.0,0.05986015625
3263,2024-11-24 17:39:52.399,108.823,48.266871,25.907674,76.621,400.577,51.9,-90.0,0.0,24.0,1.0,0.05986015625
3264,2024-11-24 17:39:52.432,108.856,48.266871,25.907674,76.621,400.577,51.9,-90.0,0.0,24.0,1.0,0.05986015625
3265,2024-11-24 17:39:52.465,108.889,48.266883,25.907696,76.674,400.631,51.9,-90.0,0.0,24.0,1.0,0.059901562500000005
3266,2024-11-24 17:39:52.499,108.923,48.266883,25.907696,76.674,400.631,51.9,-90.0,0.0,24.0,1.0,0.059901562500000005
3267,2024-11-24 17:39:52.532,108.956,48.266883,25.907696,76.674,400.631,51.9,-90.0,0.0,24.0,1.0,0.059901562500000005
3268,2024-11-24 17:39:52.566,108.99,48.266894,25.907718,76.699,400.656,51.9,-90.0,0.0,24.0,1.0,0.059921093749999994
3269,2024-11-24 17:39:52.600,109.024,48.266894,25.907718,76.699,400.656,51.9,-90.0,0.0,24.0,1.0,0.059921093749999994
3270,2024-11-24 17:39:52.633,109.057,48.266894,25.907718,76.699,400.656,51.9,-90.0,0.0,24.0,1.0,0.059921093749999994
3271,2024-11-24 17:39:52.667,109.091,48.266906,25.90774,76.714,400.67,51.9,-90.0,0.0,24.0,1.0,0.0599328125
3272,2024-11-24 17:39:52.699,109.123,48.266906,25.90774,76.714,400.67,51.9,-90.0,0.0,24.0,1.0,0.0599328125
3273,2024-11-24 17:39:52.732,109.156,48.266906,25.90774,76.714,400.67,51.9,-90.0,0.0,24.0,1.0,0.0599328125
3274,2024-11-24 17:39:52.766,109.19,48.266917,25.907762,76.733,400.69,51.9,-89.9,0.0,24.0,1.0,0.05994765625
3275,2024-11-24 17:39:52.799,109.223,48.266917,25.907762,76.733,400.69,51.9,-89.9,0.0,24.0,1.0,0.05994765625
3276,2024-11-24 17:39:52.835,109.259,48.266917,25.907762,76.733,400.69,51.9,-89.9,0.0,24.0,1.0,0.05994765625
3277,2024-11-24 17:39:52.866,109.29,48.266929,25.907784,76.745,400.702,51.9,-89.9,0.0,24.0,1.0,0.05995703125
3278,2024-11-24 17:39:52.900,109.324,48.266929,25.907784,76.745,400.702,51.9,-89.9,0.0,24.0,1.0,0.05995703125
3279,2024-11-24 17:39:52.933,109.357,48.266929,25.907784,76.745,400.702,51.9,-89.9,0.0,24.0,1.0,0.05995703125
3280,2024-11-24 17:39:52.966,109.39,48.26694,25.907806,76.753,400.709,51.9,-89.9,0.0,24.0,1.0,0.05996328125000001
3281,2024-11-24 17:39:52.999,109.423,48.26694,25.907806,76.753,400.709,51.9,-89.9,0.0,24.0,1.0,0.05996328125000001
3282,2024-11-24 17:39:53.033,109.457,48.26694,25.907806,76.753,400.709,51.9,-89.9,0.0,24.0,1.0,0.05996328125000001
3283,2024-11-24 17:39:53.066,109.49,48.266952,25.907828,76.762,400.719,51.9,-90.0,0.0,24.0,1.0,0.0599703125
3284,2024-11-24 17:39:53.100,109.524,48.266952,25.907828,76.762,400.719,51.9,-90.0,0.0,24.0,1.0,0.0599703125
3285,2024-11-24 17:39:53.133,109.557,48.266952,25.907828,76.762,400.719,51.9,-90.0,0.0,24.0,1.0,0.0599703125
3286,2024-11-24 17:39:53.168,109.592,48.266963,25.90785,76.742,400.698,51.9,-90.0,0.0,24.0,1.0,0.0599546875
3287,2024-11-24 17:39:53.200,109.624,48.266963,25.90785,76.742,400.698,51.9,-90.0,0.0,24.0,1.0,0.0599546875
3288,2024-11-24 17:39:53.233,109.657,48.266963,25.90785,76.742,400.698,51.9,-90.0,0.0,24.0,1.0,0.0599546875
3289,2024-11-24 17:39:53.266,109.69,48.266975,25.907872,76.735,400.692,51.9,-90.0,0.0,24.0,1.0,0.05994921875
3290,2024-11-24 17:39:53.300,109.724,48.266975,25.907872,76.735,400.692,51.9,-90.0,0.0,24.0,1.0,0.05994921875
3291,2024-11-24 17:39:53.333,109.757,48.266975,25.907872,76.735,400.692,51.9,-90.0,0.0,24.0,1.0,0.05994921875
3292,2024-11-24 17:39:53.366,109.79,48.266987,25.907894,76.729,400.686,51.9,-90.0,0.0,24.0,1.0,0.05994453125
3293,2024-11-24 17:39:53.400,109.824,48.266987,25.907894,76.729,400.686,51.9,-90.0,0.0,24.0,1.0,0.05994453125
3294,2024-11-24 17:39:53.434,109.858,48.266987,25.907894,76.729,400.686,51.9,-90.0,0.0,24.0,1.0,0.05994453125
3295,2024-11-24 17:39:53.466,109.89,48.266998,25.907916,76.723,400.68,51.9,-90.0,0.0,24.0,1.0,0.05993984374999999
3296,2024-11-24 17:39:53.500,109.924,48.266998,25.907916,76.723,400.68,51.9,-90.0,0.0,24.0,1.0,0.05993984374999999
3297,2024-11-24 17:39:53.533,109.957,48.266998,25.907916,76.723,400.68,51.9,-90.0,0.0,24.0,1.0,0.05993984374999999
3298,2024-11-24 17:39:53.567,109.991,48.26701,25.907939,76.719,400.676,51.9,-90.0,0.0,24.0,1.0,0.05993671874999999
3299,2024-11-24 17:39:53.600,110.024,48.26701,25.907939,76.719,400.676,51.9,-90.0,0.0,24.0,1.0,0.05993671874999999
3300,2024-11-24 17:39:53.633,110.057,48.26701,25.907939,76.719,400.676,51.9,-90.0,0.0,24.0,1.0,0.05993671874999999
3301,2024-11-24 17:39:53.668,110.092,48.267021,25.907961,76.713,400.669,51.9,-90.0,0.0,24.0,1.0,0.05993203125
3302,2024-11-24 17:39:53.700,110.124,48.267021,25.907961,76.713,400.669,51.9,-90.0,0.0,24.0,1.0,0.05993203125
3303,2024-11-24 17:39:53.734,110.158,48.267021,25.907961,76.713,400.669,51.9,-90.0,0.0,24.0,1.0,0.05993203125
3304,2024-11-24 17:39:53.767,110.191,48.267033,25.907983,76.711,400.668,51.9,-89.9,0.0,24.0,1.0,0.05993046874999999
3305,2024-11-24 17:39:53.800,110.224,48.267033,25.907983,76.711,400.668,51.9,-89.9,0.0,24.0,1.0,0.05993046874999999
3306,2024-11-24 17:39:53.834,110.258,48.267033,25.907983,76.711,400.668,51.9,-89.9,0.0,24.0,1.0,0.05993046874999999
3307,2024-11-24 17:39:53.866,110.29,48.267045,25.908005,76.702,400.658,51.9,-90.0,0.0,24.0,1.0,0.059923437499999996
3308,2024-11-24 17:39:53.903,110.327,48.267045,25.908005,76.702,400.658,51.9,-90.0,0.0,24.0,1.0,0.059923437499999996
3309,2024-11-24 17:39:53.934,110.358,48.267045,25.908005,76.702,400.658,51.9,-90.0,0.0,24.0,1.0,0.059923437499999996
3310,2024-11-24 17:39:53.967,110.391,48.267056,25.908027,76.699,400.656,51.9,-89.9,0.0,24.0,1.0,0.059921093749999994
3311,2024-11-24 17:39:54.000,110.424,48.267056,25.908027,76.699,400.656,51.9,-89.9,0.0,24.0,1.0,0.059921093749999994
3312,2024-11-24 17:39:54.034,110.458,48.267056,25.908027,76.699,400.656,51.9,-89.9,0.0,24.0,1.0,0.059921093749999994
3313,2024-11-24 17:39:54.067,110.491,48.267068,25.90805,76.695,400.652,51.9,-89.9,0.0,24.0,1.0,0.059917968749999995
3314,2024-11-24 17:39:54.101,110.525,48.267068,25.90805,76.695,400.652,51.9,-89.9,0.0,24.0,1.0,0.059917968749999995
3315,2024-11-24 17:39:54.134,110.558,48.267068,25.90805,76.695,400.652,51.9,-89.9,0.0,24.0,1.0,0.059917968749999995
3316,2024-11-24 17:39:54.167,110.591,48.267079,25.908072,76.691,400.647,51.9,-90.0,0.0,24.0,1.0,0.05991484375
3317,2024-11-24 17:39:54.201,110.625,48.267079,25.908072,76.691,400.647,51.9,-90.0,0.0,24.0,1.0,0.05991484375
3318,2024-11-24 17:39:54.234,110.658,48.267079,25.908072,76.691,400.647,51.9,-90.0,0.0,24.0,1.0,0.05991484375
3319,2024-11-24 17:39:54.267,110.691,48.267091,25.908094,76.689,400.646,51.9,-89.9,0.0,24.0,1.0,0.05991328124999999
3320,2024-11-24 17:39:54.301,110.725,48.267091,25.908094,76.689,400.646,51.9,-89.9,0.0,24.0,1.0,0.05991328124999999
3321,2024-11-24 17:39:54.335,110.759,48.267091,25.908094,76.689,400.646,51.9,-89.9,0.0,24.0,1.0,0.05991328124999999
3322,2024-11-24 17:39:54.368,110.792,48.267103,25.908116,76.685,400.642,51.9,-89.9,0.0,24.0,1.0,0.05991015625
3323,2024-11-24 17:39:54.401,110.825,48.267103,25.908116,76.685,400.642,51.9,-89.9,0.0,24.0,1.0,0.05991015625
3324,2024-11-24 17:39:54.436,110.86,48.267103,25.908116,76.685,400.642,51.9,-89.9,0.0,24.0,1.0,0.05991015625
3325,2024-11-24 17:39:54.468,110.892,48.267114,25.908138,76.68,400.637,51.9,-90.0,0.0,24.0,1.0,0.05990625000000001
3326,2024-11-24 17:39:54.500,110.924,48.267114,25.908138,76.68,400.637,51.9,-90.0,0.0,24.0,1.0,0.05990625000000001
3327,2024-11-24 17:39:54.535,110.959,48.267114,25.908138,76.68,400.637,51.9,-90.0,0.0,24.0,1.0,0.05990625000000001
3328,2024-11-24 17:39:54.568,110.992,48.267126,25.90816,76.677,400.633,51.9,-90.0,0.0,24.0,1.0,0.05990390625
3329,2024-11-24 17:39:54.601,111.025,48.267126,25.90816,76.677,400.633,51.9,-90.0,0.0,24.0,1.0,0.05990390625
3330,2024-11-24 17:39:54.635,111.059,48.267126,25.90816,76.677,400.633,51.9,-90.0,0.0,24.0,1.0,0.05990390625
3331,2024-11-24 17:39:54.668,111.092,48.267137,25.908182,76.673,400.629,51.9,-89.9,0.0,24.0,1.0,0.05990078125
3332,2024-11-24 17:39:54.701,111.125,48.267137,25.908182,76.673,400.629,51.9,-89.9,0.0,24.0,1.0,0.05990078125
3333,2024-11-24 17:39:54.734,111.158,48.267137,25.908182,76.673,400.629,51.9,-89.9,0.0,24.0,1.0,0.05990078125
3334,2024-11-24 17:39:54.768,111.192,48.267149,25.908205,76.672,400.628,51.9,-90.0,0.0,24.0,1.0,0.059899999999999995
3335,2024-11-24 17:39:54.801,111.225,48.267149,25.908205,76.672,400.628,51.9,-90.0,0.0,24.0,1.0,0.059899999999999995
3336,2024-11-24 17:39:54.836,111.26,48.267149,25.908205,76.672,400.628,51.9,-90.0,0.0,24.0,1.0,0.059899999999999995
3337,2024-11-24 17:39:54.869,111.293,48.267161,25.908227,76.67,400.626,51.9,-89.9,0.0,24.0,1.0,0.0598984375
3338,2024-11-24 17:39:54.901,111.325,48.267161,25.908227,76.67,400.626,51.9,-89.9,0.0,24.0,1.0,0.0598984375
3339,2024-11-24 17:39:54.934,111.358,48.267161,25.908227,76.67,400.626,51.9,-89.9,0.0,24.0,1.0,0.0598984375
3340,2024-11-24 17:39:54.969,111.393,48.267172,25.908249,76.674,400.631,51.9,-90.0,0.0,24.0,1.0,0.059901562500000005
3341,2024-11-24 17:39:55.003,111.427,48.267172,25.908249,76.674,400.631,51.9,-90.0,0.0,24.0,1.0,0.059901562500000005
3342,2024-11-24 17:39:55.035,111.459,48.267172,25.908249,76.674,400.631,51.9,-90.0,0.0,24.0,1.0,0.059901562500000005
3343,2024-11-24 17:39:55.068,111.492,48.267184,25.908271,76.669,400.625,51.9,-89.9,0.0,24.0,1.0,0.05989765625
3344,2024-11-24 17:39:55.102,111.526,48.267184,25.908271,76.669,400.625,51.9,-89.9,0.0,24.0,1.0,0.05989765625
3345,2024-11-24 17:39:55.136,111.56,48.267184,25.908271,76.669,400.625,51.9,-89.9,0.0,24.0,1.0,0.05989765625
3346,2024-11-24 17:39:55.168,111.592,48.267195,25.908294,76.666,400.623,51.9,-90.0,0.0,24.0,1.0,0.0598953125
3347,2024-11-24 17:39:55.202,111.626,48.267195,25.908294,76.666,400.623,51.9,-90.0,0.0,24.0,1.0,0.0598953125
3348,2024-11-24 17:39:55.235,111.659,48.267195,25.908294,76.666,400.623,51.9,-90.0,0.0,24.0,1.0,0.0598953125
3349,2024-11-24 17:39:55.268,111.692,48.267207,25.908316,76.662,400.618,51.9,-89.9,0.0,24.0,1.0,0.059892187500000006
3350,2024-11-24 17:39:55.302,111.726,48.267207,25.908316,76.662,400.618,51.9,-89.9,0.0,24.0,1.0,0.059892187500000006
3351,2024-11-24 17:39:55.335,111.759,48.267207,25.908316,76.662,400.618,51.9,-89.9,0.0,24.0,1.0,0.059892187500000006
3352,2024-11-24 17:39:55.369,111.793,48.267219,25.908338,76.659,400.615,51.9,-89.9,0.0,24.0,1.0,0.05988984375000001
3353,2024-11-24 17:39:55.401,111.825,48.267219,25.908338,76.659,400.615,51.9,-89.9,0.0,24.0,1.0,0.05988984375000001
3354,2024-11-24 17:39:55.436,111.86,48.267219,25.908338,76.659,400.615,51.9,-89.9,0.0,24.0,1.0,0.05988984375000001
3355,2024-11-24 17:39:55.470,111.894,48.26723,25.90836,76.655,400.611,51.9,-89.9,0.0,24.0,1.0,0.05988671875
3356,2024-11-24 17:39:55.501,111.925,48.26723,25.90836,76.655,400.611,51.9,-89.9,0.0,24.0,1.0,0.05988671875
3357,2024-11-24 17:39:55.535,111.959,48.26723,25.90836,76.655,400.611,51.9,-89.9,0.0,24.0,1.0,0.05988671875
3358,2024-11-24 17:39:55.569,111.993,48.267242,25.908382,76.653,400.61,51.9,-89.9,0.0,24.0,1.0,0.05988515625
3359,2024-11-24 17:39:55.603,112.027,48.267242,25.908382,76.653,400.61,51.9,-89.9,0.0,24.0,1.0,0.05988515625
3360,2024-11-24 17:39:55.635,112.059,48.267242,25.908382,76.653,400.61,51.9,-89.9,0.0,24.0,1.0,0.05988515625
3361,2024-11-24 17:39:55.668,112.092,48.267254,25.908404,76.654,400.61,51.9,-90.0,0.0,24.0,1.0,0.0598859375
3362,2024-11-24 17:39:55.702,112.126,48.267254,25.908404,76.654,400.61,51.9,-90.0,0.0,24.0,1.0,0.0598859375
3363,2024-11-24 17:39:55.735,112.159,48.267254,25.908404,76.654,400.61,51.9,-90.0,0.0,24.0,1.0,0.0598859375
3364,2024-11-24 17:39:55.769,112.193,48.267265,25.908427,76.653,400.609,51.9,-89.9,0.0,24.0,1.0,0.05988515625
3365,2024-11-24 17:39:55.802,112.226,48.267265,25.908427,76.653,400.609,51.9,-89.9,0.0,24.0,1.0,0.05988515625
3366,2024-11-24 17:39:55.835,112.259,48.267265,25.908427,76.653,400.609,51.9,-89.9,0.0,24.0,1.0,0.05988515625
3367,2024-11-24 17:39:55.869,112.293,48.267277,25.908449,76.647,400.604,51.9,-90.0,0.0,24.0,1.0,0.059880468750000006
3368,2024-11-24 17:39:55.903,112.327,48.267277,25.908449,76.647,400.604,51.9,-90.0,0.0,24.0,1.0,0.059880468750000006
3369,2024-11-24 17:39:55.936,112.36,48.267277,25.908449,76.647,400.604,51.9,-90.0,0.0,24.0,1.0,0.059880468750000006
3370,2024-11-24 17:39:55.971,112.395,48.267288,25.908471,76.643,400.6,51.9,-90.0,0.0,24.0,1.0,0.05987734375
3371,2024-11-24 17:39:56.002,112.426,48.267288,25.908471,76.643,400.6,51.9,-90.0,0.0,24.0,1.0,0.05987734375
3372,2024-11-24 17:39:56.035,112.459,48.267288,25.908471,76.643,400.6,51.9,-90.0,0.0,24.0,1.0,0.05987734375
3373,2024-11-24 17:39:56.068,112.492,48.2673,25.908493,76.642,400.599,51.9,-89.9,0.0,24.0,1.0,0.059876562499999994
3374,2024-11-24 17:39:56.102,112.526,48.2673,25.908493,76.642,400.599,51.9,-89.9,0.0,24.0,1.0,0.059876562499999994
3375,2024-11-24 17:39:56.135,112.559,48.2673,25.908493,76.642,400.599,51.9,-89.9,0.0,24.0,1.0,0.059876562499999994
3376,2024-11-24 17:39:56.169,112.593,48.267312,25.908516,76.644,400.601,51.9,-90.0,0.0,24.0,1.0,0.059878125000000004
3377,2024-11-24 17:39:56.202,112.626,48.267312,25.908516,76.644,400.601,51.9,-90.0,0.0,24.0,1.0,0.059878125000000004
3378,2024-11-24 17:39:56.236,112.66,48.267312,25.908516,76.644,400.601,51.9,-90.0,0.0,24.0,1.0,0.059878125000000004
3379,2024-11-24 17:39:56.269,112.693,48.267323,25.908538,76.641,400.597,51.9,-89.9,0.0,24.0,1.0,0.05987578125
3380,2024-11-24 17:39:56.303,112.727,48.267323,25.908538,76.641,400.597,51.9,-89.9,0.0,24.0,1.0,0.05987578125
3381,2024-11-24 17:39:56.336,112.76,48.267323,25.908538,76.641,400.597,51.9,-89.9,0.0,24.0,1.0,0.05987578125
3382,2024-11-24 17:39:56.369,112.793,48.267335,25.90856,76.641,400.598,51.9,-89.9,0.0,24.0,1.0,0.05987578125
3383,2024-11-24 17:39:56.403,112.827,48.267335,25.90856,76.641,400.598,51.9,-89.9,0.0,24.0,1.0,0.05987578125
3384,2024-11-24 17:39:56.437,112.861,48.267335,25.90856,76.641,400.598,51.9,-89.9,0.0,24.0,1.0,0.05987578125
3385,2024-11-24 17:39:56.470,112.894,48.267347,25.908582,76.64,400.597,51.9,-89.9,0.0,24.0,1.0,0.059875000000000005
3386,2024-11-24 17:39:56.503,112.927,48.267347,25.908582,76.64,400.597,51.9,-89.9,0.0,24.0,1.0,0.059875000000000005
3387,2024-11-24 17:39:56.536,112.96,48.267347,25.908582,76.64,400.597,51.9,-89.9,0.0,24.0,1.0,0.059875000000000005
3388,2024-11-24 17:39:56.569,112.993,48.267359,25.908604,76.638,400.594,51.9,-90.0,0.0,24.0,1.0,0.0598734375
3389,2024-11-24 17:39:56.603,113.027,48.267359,25.908604,76.638,400.594,51.9,-90.0,0.0,24.0,1.0,0.0598734375
3390,2024-11-24 17:39:56.636,113.06,48.267359,25.908604,76.638,400.594,51.9,-90.0,0.0,24.0,1.0,0.0598734375
3391,2024-11-24 17:39:56.673,113.097,48.26737,25.908627,76.637,400.593,51.9,-90.0,0.0,24.0,1.0,0.05987265625
3392,2024-11-24 17:39:56.704,113.128,48.26737,25.908627,76.637,400.593,51.9,-90.0,0.0,24.0,1.0,0.05987265625
3393,2024-11-24 17:39:56.736,113.16,48.26737,25.908627,76.637,400.593,51.9,-90.0,0.0,24.0,1.0,0.05987265625
3394,2024-11-24 17:39:56.771,113.195,48.267382,25.908649,76.629,400.585,51.9,-90.0,0.0,24.0,1.0,0.05986640625
3395,2024-11-24 17:39:56.804,113.228,48.267382,25.908649,76.629,400.585,51.9,-90.0,0.0,24.0,1.0,0.05986640625
3396,2024-11-24 17:39:56.837,113.261,48.267382,25.908649,76.629,400.585,51.9,-90.0,0.0,24.0,1.0,0.05986640625
3397,2024-11-24 17:39:56.871,113.295,48.267394,25.908671,76.629,400.585,51.9,-90.0,0.0,24.0,1.0,0.05986640625
3398,2024-11-24 17:39:56.904,113.328,48.267394,25.908671,76.629,400.585,51.9,-90.0,0.0,24.0,1.0,0.05986640625
3399,2024-11-24 17:39:56.938,113.362,48.267394,25.908671,76.629,400.585,51.9,-90.0,0.0,24.0,1.0,0.05986640625
3400,2024-11-24 17:39:56.972,113.396,48.267405,25.908693,76.663,400.619,52.0,-89.9,0.0,24.0,1.0,0.05989296874999999
3401,2024-11-24 17:39:57.003,113.427,48.267405,25.908693,76.663,400.619,52.0,-89.9,0.0,24.0,1.0,0.05989296874999999
3402,2024-11-24 17:39:57.038,113.462,48.267405,25.908693,76.663,400.619,52.0,-89.9,0.0,24.0,1.0,0.05989296874999999
3403,2024-11-24 17:39:57.072,113.496,48.267417,25.908716,76.687,400.643,51.9,-89.9,0.0,24.0,1.0,0.059911718749999995
3404,2024-11-24 17:39:57.104,113.528,48.267417,25.908716,76.687,400.643,51.9,-89.9,0.0,24.0,1.0,0.059911718749999995
3405,2024-11-24 17:39:57.137,113.561,48.267417,25.908716,76.687,400.643,51.9,-89.9,0.0,24.0,1.0,0.059911718749999995
3406,2024-11-24 17:39:57.172,113.596,48.267428,25.908738,76.709,400.665,51.9,-90.0,0.0,24.0,1.0,0.059928906250000004
3407,2024-11-24 17:39:57.203,113.627,48.267428,25.908738,76.709,400.665,51.9,-90.0,0.0,24.0,1.0,0.059928906250000004
3408,2024-11-24 17:39:57.237,113.661,48.267428,25.908738,76.709,400.665,51.9,-90.0,0.0,24.0,1.0,0.059928906250000004
3409,2024-11-24 17:39:57.272,113.696,48.26744,25.90876,76.728,400.684,51.9,-90.0,0.0,24.0,1.0,0.05994374999999999
3410,2024-11-24 17:39:57.305,113.729,48.26744,25.90876,76.728,400.684,51.9,-90.0,0.0,24.0,1.0,0.05994374999999999
3411,2024-11-24 17:39:57.337,113.761,48.26744,25.90876,76.728,400.684,51.9,-90.0,0.0,24.0,1.0,0.05994374999999999
3412,2024-11-24 17:39:57.372,113.796,48.267451,25.908782,76.749,400.706,51.9,-90.0,0.0,24.0,1.0,0.059960156249999993
3413,2024-11-24 17:39:57.403,113.827,48.267451,25.908782,76.749,400.706,51.9,-90.0,0.0,24.0,1.0,0.059960156249999993
3414,2024-11-24 17:39:57.437,113.861,48.267451,25.908782,76.749,400.706,51.9,-90.0,0.0,24.0,1.0,0.059960156249999993
3415,2024-11-24 17:39:57.470,113.894,48.267463,25.908804,76.751,400.707,51.9,-89.9,0.0,24.0,1.0,0.059961718750000004
3416,2024-11-24 17:39:57.503,113.927,48.267463,25.908804,76.751,400.707,51.9,-89.9,0.0,24.0,1.0,0.059961718750000004
3417,2024-11-24 17:39:57.537,113.961,48.267463,25.908804,76.751,400.707,51.9,-89.9,0.0,24.0,1.0,0.059961718750000004
3418,2024-11-24 17:39:57.570,113.994,48.267475,25.908826,76.767,400.723,51.9,-89.9,0.0,24.0,1.0,0.059974218749999995
3419,2024-11-24 17:39:57.605,114.029,48.267475,25.908826,76.767,400.723,51.9,-89.9,0.0,24.0,1.0,0.059974218749999995
3420,2024-11-24 17:39:57.637,114.061,48.267475,25.908826,76.767,400.723,51.9,-89.9,0.0,24.0,1.0,0.059974218749999995
3421,2024-11-24 17:39:57.670,114.094,48.267486,25.908849,76.776,400.733,51.9,-89.9,0.0,24.0,1.0,0.05998124999999999
3422,2024-11-24 17:39:57.704,114.128,48.267486,25.908849,76.776,400.733,51.9,-89.9,0.0,24.0,1.0,0.05998124999999999
3423,2024-11-24 17:39:57.737,114.161,48.267486,25.908849,76.776,400.733,51.9,-89.9,0.0,24.0,1.0,0.05998124999999999
3424,2024-11-24 17:39:57.771,114.195,48.267498,25.908871,76.791,400.748,51.9,-89.9,0.0,24.0,1.0,0.05999296875
3425,2024-11-24 17:39:57.806,114.23,48.267498,25.908871,76.791,400.748,51.9,-89.9,0.0,24.0,1.0,0.05999296875
3426,2024-11-24 17:39:57.838,114.262,48.267498,25.908871,76.791,400.748,51.9,-89.9,0.0,24.0,1.0,0.05999296875
3427,2024-11-24 17:39:57.872,114.296,48.267509,25.908893,76.774,400.731,51.9,-89.9,0.0,24.0,1.0,0.059979687500000003
3428,2024-11-24 17:39:57.906,114.33,48.267509,25.908893,76.774,400.731,51.9,-89.9,0.0,24.0,1.0,0.059979687500000003
3429,2024-11-24 17:39:57.938,114.362,48.267509,25.908893,76.774,400.731,51.9,-89.9,0.0,24.0,1.0,0.059979687500000003
3430,2024-11-24 17:39:57.973,114.397,48.267521,25.908915,76.79,400.747,51.9,-90.0,0.0,24.0,1.0,0.0599921875
3431,2024-11-24 17:39:58.004,114.428,48.267521,25.908915,76.79,400.747,51.9,-90.0,0.0,24.0,1.0,0.0599921875
3432,2024-11-24 17:39:58.038,114.462,48.267521,25.908915,76.79,400.747,51.9,-90.0,0.0,24.0,1.0,0.0599921875
3433,2024-11-24 17:39:58.071,114.495,48.267533,25.908937,76.804,400.761,51.9,-89.9,0.0,24.0,1.0,0.060003125000000004
3434,2024-11-24 17:39:58.104,114.528,48.267533,25.908937,76.804,400.761,51.9,-89.9,0.0,24.0,1.0,0.060003125000000004
3435,2024-11-24 17:39:58.138,114.562,48.267533,25.908937,76.804,400.761,51.9,-89.9,0.0,24.0,1.0,0.060003125000000004
3436,2024-11-24 17:39:58.172,114.596,48.267544,25.90896,76.812,400.769,51.9,-90.0,0.0,24.0,1.0,0.060009375
3437,2024-11-24 17:39:58.204,114.628,48.267544,25.90896,76.812,400.769,51.9,-90.0,0.0,24.0,1.0,0.060009375
3438,2024-11-24 17:39:58.238,114.662,48.267544,25.90896,76.812,400.769,51.9,-90.0,0.0,24.0,1.0,0.060009375
3439,2024-11-24 17:39:58.272,114.696,48.267556,25.908983,76.843,400.799,51.9,-89.9,0.0,24.0,1.0,0.060033593749999996
3440,2024-11-24 17:39:58.304,114.728,48.267556,25.908983,76.843,400.799,51.9,-89.9,0.0,24.0,1.0,0.060033593749999996
3441,2024-11-24 17:39:58.338,114.762,48.267556,25.908983,76.843,400.799,51.9,-89.9,0.0,24.0,1.0,0.060033593749999996
3442,2024-11-24 17:39:58.373,114.797,48.267567,25.909004,76.83,400.786,51.8,-89.9,0.0,24.0,1.0,0.060023437500000006
3443,2024-11-24 17:39:58.405,114.829,48.267567,25.909004,76.83,400.786,51.8,-89.9,0.0,24.0,1.0,0.060023437500000006
3444,2024-11-24 17:39:58.438,114.862,48.267567,25.909004,76.83,400.786,51.8,-89.9,0.0,24.0,1.0,0.060023437500000006
3445,2024-11-24 17:39:58.473,114.897,48.267579,25.909026,76.823,400.779,51.9,-90.0,0.0,24.0,1.0,0.06001796875
3446,2024-11-24 17:39:58.506,114.93,48.267579,25.909026,76.823,400.779,51.9,-90.0,0.0,24.0,1.0,0.06001796875
3447,2024-11-24 17:39:58.538,114.962,48.267579,25.909026,76.823,400.779,51.9,-90.0,0.0,24.0,1.0,0.06001796875
3448,2024-11-24 17:39:58.571,114.995,48.26759,25.909048,76.813,400.769,51.9,-89.9,0.0,24.0,1.0,0.06001015625000001
3449,2024-11-24 17:39:58.604,115.028,48.26759,25.909048,76.813,400.769,51.9,-89.9,0.0,24.0,1.0,0.06001015625000001
3450,2024-11-24 17:39:58.640,115.064,48.26759,25.909048,76.813,400.769,51.9,-89.9,0.0,24.0,1.0,0.06001015625000001
3451,2024-11-24 17:39:58.672,115.096,48.267602,25.909071,76.804,400.76,51.9,-90.0,0.0,24.0,1.0,0.060003125000000004
3452,2024-11-24 17:39:58.704,115.128,48.267602,25.909071,76.804,400.76,51.9,-90.0,0.0,24.0,1.0,0.060003125000000004
3453,2024-11-24 17:39:58.739,115.163,48.267602,25.909071,76.804,400.76,51.9,-90.0,0.0,24.0,1.0,0.060003125000000004
3454,2024-11-24 17:39:58.774,115.198,48.267613,25.909093,76.794,400.751,51.9,-90.0,0.0,24.0,1.0,0.0599953125
3455,2024-11-24 17:39:58.805,115.229,48.267613,25.909093,76.794,400.751,51.9,-90.0,0.0,24.0,1.0,0.0599953125
3456,2024-11-24 17:39:58.838,115.262,48.267613,25.909093,76.794,400.751,51.9,-90.0,0.0,24.0,1.0,0.0599953125
3457,2024-11-24 17:39:58.874,115.298,48.267625,25.909115,76.786,400.743,51.9,-89.9,0.0,24.0,1.0,0.0599890625
3458,2024-11-24 17:39:58.907,115.331,48.267625,25.909115,76.786,400.743,51.9,-89.9,0.0,24.0,1.0,0.0599890625
3459,2024-11-24 17:39:58.938,115.362,48.267625,25.909115,76.786,400.743,51.9,-89.9,0.0,24.0,1.0,0.0599890625
3460,2024-11-24 17:39:58.974,115.398,48.267637,25.909137,76.776,400.733,51.9,-89.9,0.0,24.0,1.0,0.05998124999999999
3461,2024-11-24 17:39:59.006,115.43,48.267637,25.909137,76.776,400.733,51.9,-89.9,0.0,24.0,1.0,0.05998124999999999
3462,2024-11-24 17:39:59.038,115.462,48.267637,25.909137,76.776,400.733,51.9,-89.9,0.0,24.0,1.0,0.05998124999999999
3463,2024-11-24 17:39:59.074,115.498,48.267648,25.909159,76.767,400.724,51.9,-89.9,0.0,24.0,1.0,0.059974218749999995
3464,2024-11-24 17:39:59.105,115.529,48.267648,25.909159,76.767,400.724,51.9,-89.9,0.0,24.0,1.0,0.059974218749999995
3465,2024-11-24 17:39:59.138,115.562,48.267648,25.909159,76.767,400.724,51.9,-89.9,0.0,24.0,1.0,0.059974218749999995
3466,2024-11-24 17:39:59.174,115.598,48.26766,25.909181,76.754,400.711,51.9,-89.9,0.0,24.0,1.0,0.0599640625
3467,2024-11-24 17:39:59.206,115.63,48.26766,25.909181,76.754,400.711,51.9,-89.9,0.0,24.0,1.0,0.0599640625
3468,2024-11-24 17:39:59.239,115.663,48.26766,25.909181,76.754,400.711,51.9,-89.9,0.0,24.0,1.0,0.0599640625
3469,2024-11-24 17:39:59.274,115.698,48.267672,25.909203,76.748,400.704,51.9,-90.0,0.0,24.0,1.0,0.05995937500000001
3470,2024-11-24 17:39:59.307,115.731,48.267672,25.909203,76.748,400.704,51.9,-90.0,0.0,24.0,1.0,0.05995937500000001
3471,2024-11-24 17:39:59.340,115.764,48.267672,25.909203,76.748,400.704,51.9,-90.0,0.0,24.0,1.0,0.05995937500000001
3472,2024-11-24 17:39:59.375,115.799,48.267683,25.909226,76.739,400.695,51.9,-89.9,0.0,24.0,1.0,0.059952343750000005
3473,2024-11-24 17:39:59.405,115.829,48.267683,25.909226,76.739,400.695,51.9,-89.9,0.0,24.0,1.0,0.059952343750000005
3474,2024-11-24 17:39:59.439,115.863,48.267683,25.909226,76.739,400.695,51.9,-89.9,0.0,24.0,1.0,0.059952343750000005
3475,2024-11-24 17:39:59.474,115.898,48.267695,25.909248,76.725,400.682,51.9,-89.9,0.0,24.0,1.0,0.059941406249999996
3476,2024-11-24 17:39:59.506,115.93,48.267695,25.909248,76.725,400.682,51.9,-89.9,0.0,24.0,1.0,0.059941406249999996
3477,2024-11-24 17:39:59.539,115.963,48.267695,25.909248,76.725,400.682,51.9,-89.9,0.0,24.0,1.0,0.059941406249999996
3478,2024-11-24 17:39:59.576,116.0,48.267706,25.90927,76.716,400.673,52.0,-89.9,0.0,24.0,1.0,0.05993437499999999
3479,2024-11-24 17:39:59.606,116.03,48.267706,25.90927,76.716,400.673,52.0,-89.9,0.0,24.0,1.0,0.05993437499999999
3480,2024-11-24 17:39:59.640,116.064,48.267706,25.90927,76.716,400.673,52.0,-89.9,0.0,24.0,1.0,0.05993437499999999
3481,2024-11-24 17:39:59.676,116.1,48.267718,25.909292,76.703,400.66,51.9,-89.9,0.0,24.0,1.0,0.05992421875
3482,2024-11-24 17:39:59.707,116.131,48.267718,25.909292,76.703,400.66,51.9,-89.9,0.0,24.0,1.0,0.05992421875
3483,2024-11-24 17:39:59.739,116.163,48.267718,25.909292,76.703,400.66,51.9,-89.9,0.0,24.0,1.0,0.05992421875
3484,2024-11-24 17:39:59.776,116.2,48.26773,25.909314,76.695,400.651,51.9,-90.0,0.0,24.0,1.0,0.059917968749999995
3485,2024-11-24 17:39:59.806,116.23,48.26773,25.909314,76.695,400.651,51.9,-90.0,0.0,24.0,1.0,0.059917968749999995
3486,2024-11-24 17:39:59.841,116.265,48.26773,25.909314,76.695,400.651,51.9,-90.0,0.0,24.0,1.0,0.059917968749999995
3487,2024-11-24 17:39:59.875,116.299,48.267741,25.909336,76.689,400.645,51.9,-89.9,0.0,24.0,1.0,0.05991328124999999
3488,2024-11-24 17:39:59.909,116.333,48.267741,25.909336,76.689,400.645,51.9,-89.9,0.0,24.0,1.0,0.05991328124999999
3489,2024-11-24 17:39:59.939,116.363,48.267741,25.909336,76.689,400.645,51.9,-89.9,0.0,24.0,1.0,0.05991328124999999
3490,2024-11-24 17:39:59.975,116.399,48.267753,25.909358,76.685,400.642,51.9,-89.9,0.0,24.0,1.0,0.05991015625
3491,2024-11-24 17:40:00.007,116.431,48.267753,25.909358,76.685,400.642,51.9,-89.9,0.0,24.0,1.0,0.05991015625
3492,2024-11-24 17:40:00.041,116.465,48.267753,25.909358,76.685,400.642,51.9,-89.9,0.0,24.0,1.0,0.05991015625
3493,2024-11-24 17:40:00.074,116.498,48.267764,25.909381,76.679,400.636,51.9,-90.0,0.0,24.0,1.0,0.05990546875
3494,2024-11-24 17:40:00.106,116.53,48.267764,25.909381,76.679,400.636,51.9,-90.0,0.0,24.0,1.0,0.05990546875
3495,2024-11-24 17:40:00.139,116.563,48.267764,25.909381,76.679,400.636,51.9,-90.0,0.0,24.0,1.0,0.05990546875
3496,2024-11-24 17:40:00.176,116.6,48.267776,25.909403,76.675,400.632,51.9,-90.0,0.0,24.0,1.0,0.059902343749999996
3497,2024-11-24 17:40:00.206,116.63,48.267776,25.909403,76.675,400.632,51.9,-90.0,0.0,24.0,1.0,0.059902343749999996
3498,2024-11-24 17:40:00.240,116.664,48.267776,25.909403,76.675,400.632,51.9,-90.0,0.0,24.0,1.0,0.059902343749999996
3499,2024-11-24 17:40:00.275,116.699,48.267787,25.909425,76.67,400.626,51.9,-90.0,0.0,24.0,1.0,0.0598984375
3500,2024-11-24 17:40:00.306,116.73,48.267787,25.909425,76.67,400.626,51.9,-90.0,0.0,24.0,1.0,0.0598984375
3501,2024-11-24 17:40:00.341,116.765,48.267787,25.909425,76.67,400.626,51.9,-90.0,0.0,24.0,1.0,0.0598984375
3502,2024-11-24 17:40:00.374,116.798,48.267799,25.909447,76.665,400.622,51.9,-89.9,0.0,24.0,1.0,0.05989453125
3503,2024-11-24 17:40:00.407,116.831,48.267799,25.909447,76.665,400.622,51.9,-89.9,0.0,24.0,1.0,0.05989453125
3504,2024-11-24 17:40:00.440,116.864,48.267799,25.909447,76.665,400.622,51.9,-89.9,0.0,24.0,1.0,0.05989453125
3505,2024-11-24 17:40:00.474,116.898,48.267811,25.909469,76.66,400.616,51.9,-89.9,0.0,24.0,1.0,0.059890624999999996
3506,2024-11-24 17:40:00.507,116.931,48.267811,25.909469,76.66,400.616,51.9,-89.9,0.0,24.0,1.0,0.059890624999999996
3507,2024-11-24 17:40:00.540,116.964,48.267811,25.909469,76.66,400.616,51.9,-89.9,0.0,24.0,1.0,0.059890624999999996
3508,2024-11-24 17:40:00.576,117.0,48.267822,25.909491,76.659,400.615,51.9,-89.9,0.0,24.0,1.0,0.05988984375000001
3509,2024-11-24 17:40:00.607,117.031,48.267822,25.909491,76.659,400.615,51.9,-89.9,0.0,24.0,1.0,0.05988984375000001
3510,2024-11-24 17:40:00.639,117.063,48.267822,25.909491,76.659,400.615,51.9,-89.9,0.0,24.0,1.0,0.05988984375000001
3511,2024-11-24 17:40:00.674,117.098,48.267834,25.909513,76.656,400.612,51.9,-89.9,0.0,24.0,1.0,0.0598875
3512,2024-11-24 17:40:00.707,117.131,48.267834,25.909513,76.656,400.612,51.9,-89.9,0.0,24.0,1.0,0.0598875
3513,2024-11-24 17:40:00.739,117.163,48.267834,25.909513,76.656,400.612,51.9,-89.9,0.0,24.0,1.0,0.0598875
3514,2024-11-24 17:40:00.775,117.199,48.267846,25.909536,76.655,400.612,51.9,-90.0,0.0,24.0,1.0,0.05988671875
3515,2024-11-24 17:40:00.807,117.231,48.267846,25.909536,76.655,400.612,51.9,-90.0,0.0,24.0,1.0,0.05988671875
3516,2024-11-24 17:40:00.840,117.264,48.267846,25.909536,76.655,400.612,51.9,-90.0,0.0,24.0,1.0,0.05988671875
3517,2024-11-24 17:40:00.875,117.299,48.267857,25.909558,76.654,400.611,51.9,-89.9,0.0,24.0,1.0,0.0598859375
3518,2024-11-24 17:40:00.907,117.331,48.267857,25.909558,76.654,400.611,51.9,-89.9,0.0,24.0,1.0,0.0598859375
3519,2024-11-24 17:40:00.940,117.364,48.267857,25.909558,76.654,400.611,51.9,-89.9,0.0,24.0,1.0,0.0598859375
3520,2024-11-24 17:40:00.974,117.398,48.267869,25.90958,76.649,400.606,51.9,-89.9,0.0,24.0,1.0,0.05988203125
3521,2024-11-24 17:40:01.008,117.432,48.267869,25.90958,76.649,400.606,51.9,-89.9,0.0,24.0,1.0,0.05988203125
3522,2024-11-24 17:40:01.040,117.464,48.267869,25.90958,76.649,400.606,51.9,-89.9,0.0,24.0,1.0,0.05988203125
3523,2024-11-24 17:40:01.077,117.501,48.267881,25.909602,76.645,400.601,51.9,-90.0,0.0,24.0,1.0,0.05987890625
3524,2024-11-24 17:40:01.108,117.532,48.267881,25.909602,76.645,400.601,51.9,-90.0,0.0,24.0,1.0,0.05987890625
3525,2024-11-24 17:40:01.141,117.565,48.267881,25.909602,76.645,400.601,51.9,-90.0,0.0,24.0,1.0,0.05987890625
3526,2024-11-24 17:40:01.177,117.601,48.267892,25.909624,76.643,400.599,51.9,-90.0,0.0,24.0,1.0,0.05987734375
3527,2024-11-24 17:40:01.207,117.631,48.267892,25.909624,76.643,400.599,51.9,-90.0,0.0,24.0,1.0,0.05987734375
3528,2024-11-24 17:40:01.240,117.664,48.267892,25.909624,76.643,400.599,51.9,-90.0,0.0,24.0,1.0,0.05987734375
3529,2024-11-24 17:40:01.275,117.699,48.267904,25.909646,76.645,400.601,51.9,-89.9,0.0,24.0,1.0,0.05987890625
3530,2024-11-24 17:40:01.308,117.732,48.267904,25.909646,76.645,400.601,51.9,-89.9,0.0,24.0,1.0,0.05987890625
3531,2024-11-24 17:40:01.342,117.766,48.267904,25.909646,76.645,400.601,51.9,-89.9,0.0,24.0,1.0,0.05987890625
3532,2024-11-24 17:40:01.375,117.799,48.267915,25.909668,76.645,400.601,51.9,-90.0,0.0,24.0,1.0,0.05987890625
3533,2024-11-24 17:40:01.411,117.835,48.267915,25.909668,76.645,400.601,51.9,-90.0,0.0,24.0,1.0,0.05987890625
3534,2024-11-24 17:40:01.440,117.864,48.267915,25.909668,76.645,400.601,51.9,-90.0,0.0,24.0,1.0,0.05987890625
3535,2024-11-24 17:40:01.475,117.899,48.267927,25.909691,76.641,400.597,51.9,-90.0,0.0,24.0,1.0,0.05987578125
3536,2024-11-24 17:40:01.508,117.932,48.267927,25.909691,76.641,400.597,51.9,-90.0,0.0,24.0,1.0,0.05987578125
3537,2024-11-24 17:40:01.541,117.965,48.267927,25.909691,76.641,400.597,51.9,-90.0,0.0,24.0,1.0,0.05987578125
3538,2024-11-24 17:40:01.576,118.0,48.267939,25.909713,76.639,400.595,51.9,-89.9,0.0,24.0,1.0,0.05987421874999999
3539,2024-11-24 17:40:01.608,118.032,48.267939,25.909713,76.639,400.595,51.9,-89.9,0.0,24.0,1.0,0.05987421874999999
3540,2024-11-24 17:40:01.641,118.065,48.267939,25.909713,76.639,400.595,51.9,-89.9,0.0,24.0,1.0,0.05987421874999999
3541,2024-11-24 17:40:01.675,118.099,48.26795,25.909735,76.638,400.595,51.9,-89.9,0.0,24.0,1.0,0.0598734375
3542,2024-11-24 17:40:01.708,118.132,48.26795,25.909735,76.638,400.595,51.9,-89.9,0.0,24.0,1.0,0.0598734375
3543,2024-11-24 17:40:01.742,118.166,48.26795,25.909735,76.638,400.595,51.9,-89.9,0.0,24.0,1.0,0.0598734375
3544,2024-11-24 17:40:01.775,118.199,48.267962,25.909757,76.636,400.593,51.9,-90.0,0.0,24.0,1.0,0.059871875
3545,2024-11-24 17:40:01.808,118.232,48.267962,25.909757,76.636,400.593,51.9,-90.0,0.0,24.0,1.0,0.059871875
3546,2024-11-24 17:40:01.841,118.265,48.267962,25.909757,76.636,400.593,51.9,-90.0,0.0,24.0,1.0,0.059871875
3547,2024-11-24 17:40:01.874,118.298,48.267974,25.909779,76.672,400.629,51.9,-90.0,0.0,24.0,1.0,0.059899999999999995
3548,2024-11-24 17:40:01.908,118.332,48.267974,25.909779,76.672,400.629,51.9,-90.0,0.0,24.0,1.0,0.059899999999999995
3549,2024-11-24 17:40:01.941,118.365,48.267974,25.909779,76.672,400.629,51.9,-90.0,0.0,24.0,1.0,0.059899999999999995
3550,2024-11-24 17:40:01.975,118.399,48.267985,25.909801,76.696,400.652,51.9,-90.0,0.0,24.0,1.0,0.05991875
3551,2024-11-24 17:40:02.011,118.435,48.267985,25.909801,76.696,400.652,51.9,-90.0,0.0,24.0,1.0,0.05991875
3552,2024-11-24 17:40:02.041,118.465,48.267985,25.909801,76.696,400.652,51.9,-90.0,0.0,24.0,1.0,0.05991875
3553,2024-11-24 17:40:02.077,118.501,48.267997,25.909824,76.717,400.674,51.9,-89.9,0.0,24.0,1.0,0.05993515625
3554,2024-11-24 17:40:02.108,118.532,48.267997,25.909824,76.717,400.674,51.9,-89.9,0.0,24.0,1.0,0.05993515625
3555,2024-11-24 17:40:02.141,118.565,48.267997,25.909824,76.717,400.674,51.9,-89.9,0.0,24.0,1.0,0.05993515625
3556,2024-11-24 17:40:02.176,118.6,48.268009,25.909846,76.737,400.694,51.9,-90.0,0.0,24.0,1.0,0.059950781249999995
3557,2024-11-24 17:40:02.211,118.635,48.268009,25.909846,76.737,400.694,51.9,-90.0,0.0,24.0,1.0,0.059950781249999995
3558,2024-11-24 17:40:02.241,118.665,48.268009,25.909846,76.737,400.694,51.9,-90.0,0.0,24.0,1.0,0.059950781249999995
3559,2024-11-24 17:40:02.275,118.699,48.268021,25.909869,76.746,400.703,51.9,-90.0,0.0,24.0,1.0,0.0599578125
3560,2024-11-24 17:40:02.309,118.733,48.268021,25.909869,76.746,400.703,51.9,-90.0,0.0,24.0,1.0,0.0599578125
3561,2024-11-24 17:40:02.342,118.766,48.268021,25.909869,76.746,400.703,51.9,-90.0,0.0,24.0,1.0,0.0599578125
3562,2024-11-24 17:40:02.375,118.799,48.268032,25.90989,76.756,400.713,51.9,-89.9,0.0,24.0,1.0,0.059965625
3563,2024-11-24 17:40:02.411,118.835,48.268032,25.90989,76.756,400.713,51.9,-89.9,0.0,24.0,1.0,0.059965625
3564,2024-11-24 17:40:02.442,118.866,48.268032,25.90989,76.756,400.713,51.9,-89.9,0.0,24.0,1.0,0.059965625
3565,2024-11-24 17:40:02.475,118.899,48.268044,25.909912,76.773,400.729,51.9,-89.9,0.0,24.0,1.0,0.05997890625
3566,2024-11-24 17:40:02.509,118.933,48.268044,25.909912,76.773,400.729,51.9,-89.9,0.0,24.0,1.0,0.05997890625
3567,2024-11-24 17:40:02.541,118.965,48.268044,25.909912,76.773,400.729,51.9,-89.9,0.0,24.0,1.0,0.05997890625
3568,2024-11-24 17:40:02.576,119.0,48.268055,25.909935,76.778,400.734,51.9,-89.9,0.0,24.0,1.0,0.0599828125
3569,2024-11-24 17:40:02.611,119.035,48.268055,25.909935,76.778,400.734,51.9,-89.9,0.0,24.0,1.0,0.0599828125
3570,2024-11-24 17:40:02.642,119.066,48.268055,25.909935,76.778,400.734,51.9,-89.9,0.0,24.0,1.0,0.0599828125
3571,2024-11-24 17:40:02.678,119.102,48.268067,25.909957,76.793,400.75,51.9,-89.9,0.0,24.0,1.0,0.059994531250000004
3572,2024-11-24 17:40:02.708,119.132,48.268067,25.909957,76.793,400.75,51.9,-89.9,0.0,24.0,1.0,0.059994531250000004
3573,2024-11-24 17:40:02.741,119.165,48.268067,25.909957,76.793,400.75,51.9,-89.9,0.0,24.0,1.0,0.059994531250000004
3574,2024-11-24 17:40:02.778,119.202,48.268079,25.909979,76.799,400.756,51.9,-89.9,0.0,24.0,1.0,0.05999921875000001
3575,2024-11-24 17:40:02.809,119.233,48.268079,25.909979,76.799,400.756,51.9,-89.9,0.0,24.0,1.0,0.05999921875000001
3576,2024-11-24 17:40:02.842,119.266,48.268079,25.909979,76.799,400.756,51.9,-89.9,0.0,24.0,1.0,0.05999921875000001
3577,2024-11-24 17:40:02.878,119.302,48.26809,25.910002,76.804,400.76,51.9,-89.9,0.0,24.0,1.0,0.060003125000000004
3578,2024-11-24 17:40:02.910,119.334,48.26809,25.910002,76.804,400.76,51.9,-89.9,0.0,24.0,1.0,0.060003125000000004
3579,2024-11-24 17:40:02.942,119.366,48.26809,25.910002,76.804,400.76,51.9,-89.9,0.0,24.0,1.0,0.060003125000000004
3580,2024-11-24 17:40:02.976,119.4,48.268102,25.910024,76.813,400.77,51.9,-89.9,0.0,24.0,1.0,0.06001015625000001
3581,2024-11-24 17:40:03.012,119.436,48.268102,25.910024,76.813,400.77,51.9,-89.9,0.0,24.0,1.0,0.06001015625000001
3582,2024-11-24 17:40:03.042,119.466,48.268102,25.910024,76.813,400.77,51.9,-89.9,0.0,24.0,1.0,0.06001015625000001
3583,2024-11-24 17:40:03.077,119.501,48.268114,25.910046,76.826,400.783,51.9,-90.0,0.0,24.0,1.0,0.06002031249999999
3584,2024-11-24 17:40:03.109,119.533,48.268114,25.910046,76.826,400.783,51.9,-90.0,0.0,24.0,1.0,0.06002031249999999
3585,2024-11-24 17:40:03.142,119.566,48.268114,25.910046,76.826,400.783,51.9,-90.0,0.0,24.0,1.0,0.06002031249999999
3586,2024-11-24 17:40:03.176,119.6,48.268125,25.910068,76.829,400.785,51.9,-90.0,0.0,24.0,1.0,0.060022656249999994
3587,2024-11-24 17:40:03.212,119.636,48.268125,25.910068,76.829,400.785,51.9,-90.0,0.0,24.0,1.0,0.060022656249999994
3588,2024-11-24 17:40:03.243,119.667,48.268125,25.910068,76.829,400.785,51.9,-90.0,0.0,24.0,1.0,0.060022656249999994
3589,2024-11-24 17:40:03.277,119.701,48.268137,25.910091,76.836,400.793,51.9,-90.0,0.0,24.0,1.0,0.060028124999999995
3590,2024-11-24 17:40:03.311,119.735,48.268137,25.910091,76.836,400.793,51.9,-90.0,0.0,24.0,1.0,0.060028124999999995
3591,2024-11-24 17:40:03.343,119.767,48.268137,25.910091,76.836,400.793,51.9,-90.0,0.0,24.0,1.0,0.060028124999999995
3592,2024-11-24 17:40:03.376,119.8,48.268148,25.910113,76.844,400.801,51.9,-89.9,0.0,24.0,1.0,0.060034374999999994
3593,2024-11-24 17:40:03.413,119.837,48.268148,25.910113,76.844,400.801,51.9,-89.9,0.0,24.0,1.0,0.060034374999999994
3594,2024-11-24 17:40:03.442,119.866,48.268148,25.910113,76.844,400.801,51.9,-89.9,0.0,24.0,1.0,0.060034374999999994
3595,2024-11-24 17:40:03.477,119.901,48.26816,25.910135,76.849,400.806,51.9,-90.0,0.0,24.0,1.0,0.060038281250000006
3596,2024-11-24 17:40:03.510,119.934,48.26816,25.910135,76.849,400.806,51.9,-90.0,0.0,24.0,1.0,0.060038281250000006
3597,2024-11-24 17:40:03.542,119.966,48.26816,25.910135,76.849,400.806,51.9,-90.0,0.0,24.0,1.0,0.060038281250000006
3598,2024-11-24 17:40:03.577,120.001,48.268171,25.910157,76.852,400.809,51.9,-89.9,0.0,24.0,1.0,0.060040625
3599,2024-11-24 17:40:03.613,120.037,48.268171,25.910157,76.852,400.809,51.9,-89.9,0.0,24.0,1.0,0.060040625
3600,2024-11-24 17:40:03.643,120.067,48.268171,25.910157,76.852,400.809,51.9,-89.9,0.0,24.0,1.0,0.060040625
3601,2024-11-24 17:40:03.676,120.1,48.268183,25.910179,76.849,400.806,51.9,-90.0,0.0,24.0,1.0,0.060038281250000006
3602,2024-11-24 17:40:03.710,120.134,48.268183,25.910179,76.849,400.806,51.9,-90.0,0.0,24.0,1.0,0.060038281250000006
3603,2024-11-24 17:40:03.743,120.167,48.268183,25.910179,76.849,400.806,51.9,-90.0,0.0,24.0,1.0,0.060038281250000006
3604,2024-11-24 17:40:03.777,120.201,48.268194,25.910202,76.861,400.817,51.9,-90.0,0.0,24.0,1.0,0.060047656250000005
3605,2024-11-24 17:40:03.811,120.235,48.268194,25.910202,76.861,400.817,51.9,-90.0,0.0,24.0,1.0,0.060047656250000005
3606,2024-11-24 17:40:03.843,120.267,48.268194,25.910202,76.861,400.817,51.9,-90.0,0.0,24.0,1.0,0.060047656250000005
3607,2024-11-24 17:40:03.877,120.301,48.268206,25.910224,76.862,400.819,51.9,-89.9,0.0,24.0,1.0,0.060048437499999996
3608,2024-11-24 17:40:03.910,120.334,48.268206,25.910224,76.862,400.819,51.9,-89.9,0.0,24.0,1.0,0.060048437499999996
3609,2024-11-24 17:40:03.943,120.367,48.268206,25.910224,76.862,400.819,51.9,-89.9,0.0,24.0,1.0,0.060048437499999996
3610,2024-11-24 17:40:03.977,120.401,48.268218,25.910246,76.865,400.822,51.9,-90.0,0.0,24.0,1.0,0.06005078124999999
3611,2024-11-24 17:40:04.012,120.436,48.268218,25.910246,76.865,400.822,51.9,-90.0,0.0,24.0,1.0,0.06005078124999999
3612,2024-11-24 17:40:04.043,120.467,48.268218,25.910246,76.865,400.822,51.9,-90.0,0.0,24.0,1.0,0.06005078124999999
3613,2024-11-24 17:40:04.077,120.501,48.268229,25.910268,76.857,400.814,52.1,-90.0,0.0,24.0,1.0,0.06004453125
3614,2024-11-24 17:40:04.110,120.534,48.268229,25.910268,76.857,400.814,52.1,-90.0,0.0,24.0,1.0,0.06004453125
3615,2024-11-24 17:40:04.143,120.567,48.268229,25.910268,76.857,400.814,52.1,-90.0,0.0,24.0,1.0,0.06004453125
3616,2024-11-24 17:40:04.177,120.601,48.268241,25.91029,76.863,400.819,54.9,-90.0,0.0,24.0,1.0,0.06004921875
3617,2024-11-24 17:40:04.211,120.635,48.268241,25.91029,76.863,400.819,54.9,-90.0,0.0,24.0,1.0,0.06004921875
3618,2024-11-24 17:40:04.243,120.667,48.268241,25.91029,76.863,400.819,54.9,-90.0,0.0,24.0,1.0,0.06004921875
3619,2024-11-24 17:40:04.276,120.7,48.268252,25.910312,76.873,400.83,61.1,-89.9,0.0,24.0,1.0,0.06005703125000001
3620,2024-11-24 17:40:04.310,120.734,48.268252,25.910312,76.873,400.83,61.1,-89.9,0.0,24.0,1.0,0.06005703125000001
3621,2024-11-24 17:40:04.344,120.768,48.268252,25.910312,76.873,400.83,61.1,-89.9,0.0,24.0,1.0,0.06005703125000001
3622,2024-11-24 17:40:04.377,120.801,48.268263,25.910335,76.867,400.823,69.5,-89.9,0.0,24.0,1.0,0.06005234375
3623,2024-11-24 17:40:04.414,120.838,48.268263,25.910335,76.867,400.823,69.5,-89.9,0.0,24.0,1.0,0.06005234375
3624,2024-11-24 17:40:04.443,120.867,48.268263,25.910335,76.867,400.823,69.5,-89.9,0.0,24.0,1.0,0.06005234375
3625,2024-11-24 17:40:04.477,120.901,48.268274,25.910357,76.848,400.804,78.9,-89.9,0.0,24.0,1.0,0.060037499999999994
3626,2024-11-24 17:40:04.511,120.935,48.268274,25.910357,76.848,400.804,78.9,-89.9,0.0,24.0,1.0,0.060037499999999994
3627,2024-11-24 17:40:04.544,120.968,48.268274,25.910357,76.848,400.804,78.9,-89.9,0.0,24.0,1.0,0.060037499999999994
3628,2024-11-24 17:40:04.577,121.001,48.268284,25.91038,76.827,400.784,88.6,-89.9,0.0,24.0,1.0,0.06002109375
3629,2024-11-24 17:40:04.614,121.038,48.268284,25.91038,76.827,400.784,88.6,-89.9,0.0,24.0,1.0,0.06002109375
3630,2024-11-24 17:40:04.644,121.068,48.268284,25.91038,76.827,400.784,88.6,-89.9,0.0,24.0,1.0,0.06002109375
3631,2024-11-24 17:40:04.677,121.101,48.268293,25.910403,76.778,400.734,98.4,-89.9,0.0,24.0,1.0,0.0599828125
3632,2024-11-24 17:40:04.711,121.135,48.268293,25.910403,76.778,400.734,98.4,-89.9,0.0,24.0,1.0,0.0599828125
3633,2024-11-24 17:40:04.744,121.168,48.268293,25.910403,76.778,400.734,98.4,-89.9,0.0,24.0,1.0,0.0599828125
3634,2024-11-24 17:40:04.777,121.201,48.268301,25.910426,76.707,400.663,108.3,-89.9,0.0,24.0,1.0,0.059927343749999994
3635,2024-11-24 17:40:04.814,121.238,48.268301,25.910426,76.707,400.663,108.3,-89.9,0.0,24.0,1.0,0.059927343749999994
3636,2024-11-24 17:40:04.845,121.269,48.268301,25.910426,76.707,400.663,108.3,-89.9,0.0,24.0,1.0,0.059927343749999994
3637,2024-11-24 17:40:04.878,121.302,48.268309,25.910449,76.609,400.566,118.1,-89.9,0.0,24.0,1.0,0.05985078125
3638,2024-11-24 17:40:04.911,121.335,48.268309,25.910449,76.609,400.566,118.1,-89.9,0.0,24.0,1.0,0.05985078125
3639,2024-11-24 17:40:04.944,121.368,48.268309,25.910449,76.609,400.566,118.1,-89.9,0.0,24.0,1.0,0.05985078125
3640,2024-11-24 17:40:04.978,121.402,48.268316,25.910472,76.551,400.508,125.9,-89.9,0.0,24.0,1.0,0.05980546875000001
3641,2024-11-24 17:40:05.012,121.436,48.268316,25.910472,76.551,400.508,125.9,-89.9,0.0,24.0,1.0,0.05980546875000001
3642,2024-11-24 17:40:05.044,121.468,48.268316,25.910472,76.551,400.508,125.9,-89.9,0.0,24.0,1.0,0.05980546875000001
3643,2024-11-24 17:40:05.077,121.501,48.268322,25.910495,76.489,400.446,126.6,-90.0,0.0,24.0,1.0,0.05975703125
3644,2024-11-24 17:40:05.113,121.537,48.268322,25.910495,76.489,400.446,126.6,-90.0,0.0,24.0,1.0,0.05975703125
3645,2024-11-24 17:40:05.144,121.568,48.268322,25.910495,76.489,400.446,126.6,-90.0,0.0,24.0,1.0,0.05975703125
3646,2024-11-24 17:40:05.178,121.602,48.268327,25.910517,76.416,400.372,126.6,-90.0,0.0,24.0,1.0,0.059699999999999996
3647,2024-11-24 17:40:05.213,121.637,48.268327,25.910517,76.416,400.372,126.6,-90.0,0.0,24.0,1.0,0.059699999999999996
3648,2024-11-24 17:40:05.247,121.671,48.268327,25.910517,76.416,400.372,126.6,-90.0,0.0,24.0,1.0,0.059699999999999996
3649,2024-11-24 17:40:05.278,121.702,48.268331,25.910539,76.327,400.284,126.6,-89.9,0.0,24.0,1.0,0.05963046875
3650,2024-11-24 17:40:05.314,121.738,48.268331,25.910539,76.327,400.284,126.6,-89.9,0.0,24.0,1.0,0.05963046875
3651,2024-11-24 17:40:05.344,121.768,48.268331,25.910539,76.327,400.284,126.6,-89.9,0.0,24.0,1.0,0.05963046875
3652,2024-11-24 17:40:05.378,121.802,48.268334,25.91056,76.231,400.188,126.6,-89.9,0.0,24.0,1.0,0.05955546874999999
3653,2024-11-24 17:40:05.412,121.836,48.268334,25.91056,76.231,400.188,126.6,-89.9,0.0,24.0,1.0,0.05955546874999999
3654,2024-11-24 17:40:05.445,121.869,48.268334,25.91056,76.231,400.188,126.6,-89.9,0.0,24.0,1.0,0.05955546874999999
3655,2024-11-24 17:40:05.477,121.901,48.268337,25.910581,76.14,400.096,126.6,-89.9,0.0,24.0,1.0,0.059484375000000006
3656,2024-11-24 17:40:05.512,121.936,48.268337,25.910581,76.14,400.096,126.6,-89.9,0.0,24.0,1.0,0.059484375000000006
3657,2024-11-24 17:40:05.544,121.968,48.268337,25.910581,76.14,400.096,126.6,-89.9,0.0,24.0,1.0,0.059484375000000006
3658,2024-11-24 17:40:05.578,122.002,48.268339,25.910602,76.06,400.017,126.6,-89.9,0.0,24.0,1.0,0.059421875
3659,2024-11-24 17:40:05.613,122.037,48.268339,25.910602,76.06,400.017,126.6,-89.9,0.0,24.0,1.0,0.059421875
3660,2024-11-24 17:40:05.647,122.071,48.268339,25.910602,76.06,400.017,126.6,-89.9,0.0,24.0,1.0,0.059421875
3661,2024-11-24 17:40:05.678,122.102,48.26834,25.910622,75.983,399.939,127.1,-89.9,0.0,24.0,1.0,0.05936171875
3662,2024-11-24 17:40:05.713,122.137,48.26834,25.910622,75.983,399.939,127.1,-89.9,0.0,24.0,1.0,0.05936171875
3663,2024-11-24 17:40:05.745,122.169,48.26834,25.910622,75.983,399.939,127.1,-89.9,0.0,24.0,1.0,0.05936171875
3664,2024-11-24 17:40:05.778,122.202,48.268341,25.910642,75.926,399.882,132.1,-90.0,0.0,24.0,1.0,0.05931718750000001
3665,2024-11-24 17:40:05.814,122.238,48.268341,25.910642,75.926,399.882,132.1,-90.0,0.0,24.0,1.0,0.05931718750000001
3666,2024-11-24 17:40:05.844,122.268,48.268341,25.910642,75.926,399.882,132.1,-90.0,0.0,24.0,1.0,0.05931718750000001
3667,2024-11-24 17:40:05.878,122.302,48.268341,25.910662,75.873,399.83,140.6,-89.9,0.0,24.0,1.0,0.059275781250000006
3668,2024-11-24 17:40:05.912,122.336,48.268341,25.910662,75.873,399.83,140.6,-89.9,0.0,24.0,1.0,0.059275781250000006
3669,2024-11-24 17:40:05.945,122.369,48.268341,25.910662,75.873,399.83,140.6,-89.9,0.0,24.0,1.0,0.059275781250000006
3670,2024-11-24 17:40:05.978,122.402,48.268341,25.910681,75.826,399.782,150.0,-89.9,0.0,24.0,1.0,0.059239062499999995
3671,2024-11-24 17:40:06.015,122.439,48.268341,25.910681,75.826,399.782,150.0,-89.9,0.0,24.0,1.0,0.059239062499999995
3672,2024-11-24 17:40:06.046,122.47,48.268341,25.910681,75.826,399.782,150.0,-89.9,0.0,24.0,1.0,0.059239062499999995
3673,2024-11-24 17:40:06.080,122.504,48.26834,25.9107,75.789,399.746,159.7,-89.9,0.0,24.0,1.0,0.05921015625000001
3674,2024-11-24 17:40:06.114,122.538,48.26834,25.9107,75.789,399.746,159.7,-89.9,0.0,24.0,1.0,0.05921015625000001
3675,2024-11-24 17:40:06.145,122.569,48.26834,25.9107,75.789,399.746,159.7,-89.9,0.0,24.0,1.0,0.05921015625000001
3676,2024-11-24 17:40:06.179,122.603,48.268338,25.910717,75.775,399.732,169.1,-89.9,0.0,24.0,1.0,0.059199218750000004
3677,2024-11-24 17:40:06.214,122.638,48.268338,25.910717,75.775,399.732,169.1,-89.9,0.0,24.0,1.0,0.059199218750000004
3678,2024-11-24 17:40:06.245,122.669,48.268338,25.910717,75.775,399.732,169.1,-89.9,0.0,24.0,1.0,0.059199218750000004
3679,2024-11-24 17:40:06.279,122.703,48.268336,25.910735,75.771,399.728,173.1,-90.0,0.0,24.0,1.0,0.05919609375
3680,2024-11-24 17:40:06.315,122.739,48.268336,25.910735,75.771,399.728,173.1,-90.0,0.0,24.0,1.0,0.05919609375
3681,2024-11-24 17:40:06.345,122.769,48.268336,25.910735,75.771,399.728,173.1,-90.0,0.0,24.0,1.0,0.05919609375
3682,2024-11-24 17:40:06.379,122.803,48.268333,25.910751,75.775,399.732,173.1,-89.9,0.0,24.0,1.0,0.059199218750000004
3683,2024-11-24 17:40:06.415,122.839,48.268333,25.910751,75.775,399.732,173.1,-89.9,0.0,24.0,1.0,0.059199218750000004
3684,2024-11-24 17:40:06.446,122.87,48.268333,25.910751,75.775,399.732,173.1,-89.9,0.0,24.0,1.0,0.059199218750000004
3685,2024-11-24 17:40:06.479,122.903,48.26833,25.910766,75.765,399.722,173.1,-89.9,0.0,24.0,1.0,0.05919140625
3686,2024-11-24 17:40:06.515,122.939,48.26833,25.910766,75.765,399.722,173.1,-89.9,0.0,24.0,1.0,0.05919140625
3687,2024-11-24 17:40:06.545,122.969,48.26833,25.910766,75.765,399.722,173.1,-89.9,0.0,24.0,1.0,0.05919140625
3688,2024-11-24 17:40:06.579,123.003,48.268326,25.91078,75.753,399.71,173.1,-90.0,0.0,24.0,1.0,0.05918203125
3689,2024-11-24 17:40:06.612,123.036,48.268326,25.91078,75.753,399.71,173.1,-90.0,0.0,24.0,1.0,0.05918203125
3690,2024-11-24 17:40:06.646,123.07,48.268326,25.91078,75.753,399.71,173.1,-90.0,0.0,24.0,1.0,0.05918203125
3691,2024-11-24 17:40:06.679,123.103,48.268322,25.910793,75.739,399.696,172.9,-89.9,0.0,24.0,1.0,0.05917109375
3692,2024-11-24 17:40:06.715,123.139,48.268322,25.910793,75.739,399.696,172.9,-89.9,0.0,24.0,1.0,0.05917109375
3693,2024-11-24 17:40:06.746,123.17,48.268322,25.910793,75.739,399.696,172.9,-89.9,0.0,24.0,1.0,0.05917109375
3694,2024-11-24 17:40:06.779,123.203,48.268317,25.910806,75.722,399.678,170.4,-89.9,0.0,24.0,1.0,0.0591578125
3695,2024-11-24 17:40:06.813,123.237,48.268317,25.910806,75.722,399.678,170.4,-89.9,0.0,24.0,1.0,0.0591578125
3696,2024-11-24 17:40:06.846,123.27,48.268317,25.910806,75.722,399.678,170.4,-89.9,0.0,24.0,1.0,0.0591578125
3697,2024-11-24 17:40:06.879,123.303,48.268312,25.910818,75.707,399.663,165.4,-90.0,0.0,24.0,1.0,0.059146093749999996
3698,2024-11-24 17:40:06.914,123.338,48.268312,25.910818,75.707,399.663,165.4,-90.0,0.0,24.0,1.0,0.059146093749999996
3699,2024-11-24 17:40:06.946,123.37,48.268312,25.910818,75.707,399.663,165.4,-90.0,0.0,24.0,1.0,0.059146093749999996
3700,2024-11-24 17:40:06.978,123.402,48.268307,25.91083,75.702,399.659,160.2,-90.0,0.0,24.0,1.0,0.0591421875
3701,2024-11-24 17:40:07.014,123.438,48.268307,25.91083,75.702,399.659,160.2,-90.0,0.0,24.0,1.0,0.0591421875
3702,2024-11-24 17:40:07.047,123.471,48.268307,25.91083,75.702,399.659,160.2,-90.0,0.0,24.0,1.0,0.0591421875
3703,2024-11-24 17:40:07.079,123.503,48.268302,25.910841,75.716,399.673,159.8,-89.9,0.0,24.0,1.0,0.059153124999999994
3704,2024-11-24 17:40:07.113,123.537,48.268302,25.910841,75.716,399.673,159.8,-89.9,0.0,24.0,1.0,0.059153124999999994
3705,2024-11-24 17:40:07.146,123.57,48.268302,25.910841,75.716,399.673,159.8,-89.9,0.0,24.0,1.0,0.059153124999999994
3706,2024-11-24 17:40:07.180,123.604,48.268296,25.910852,75.729,399.686,159.7,-89.9,0.0,24.0,1.0,0.059163281250000005
3707,2024-11-24 17:40:07.214,123.638,48.268296,25.910852,75.729,399.686,159.7,-89.9,0.0,24.0,1.0,0.059163281250000005
3708,2024-11-24 17:40:07.246,123.67,48.268296,25.910852,75.729,399.686,159.7,-89.9,0.0,24.0,1.0,0.059163281250000005
3709,2024-11-24 17:40:07.279,123.703,48.26829,25.910862,75.741,399.697,159.7,-90.0,0.0,24.0,1.0,0.059172656250000004
3710,2024-11-24 17:40:07.313,123.737,48.26829,25.910862,75.741,399.697,159.7,-90.0,0.0,24.0,1.0,0.059172656250000004
3711,2024-11-24 17:40:07.346,123.77,48.26829,25.910862,75.741,399.697,159.7,-90.0,0.0,24.0,1.0,0.059172656250000004
3712,2024-11-24 17:40:07.379,123.803,48.268284,25.910872,75.758,399.714,159.7,-90.0,0.0,24.0,1.0,0.0591859375
3713,2024-11-24 17:40:07.416,123.84,48.268284,25.910872,75.758,399.714,159.7,-90.0,0.0,24.0,1.0,0.0591859375
3714,2024-11-24 17:40:07.447,123.871,48.268284,25.910872,75.758,399.714,159.7,-90.0,0.0,24.0,1.0,0.0591859375
3715,2024-11-24 17:40:07.481,123.905,48.268278,25.910882,75.784,399.741,159.7,-90.0,0.0,24.0,1.0,0.05920625000000001
3716,2024-11-24 17:40:07.513,123.937,48.268278,25.910882,75.784,399.741,159.7,-90.0,0.0,24.0,1.0,0.05920625000000001
3717,2024-11-24 17:40:07.546,123.97,48.268278,25.910882,75.784,399.741,159.7,-90.0,0.0,24.0,1.0,0.05920625000000001
3718,2024-11-24 17:40:07.579,124.003,48.268271,25.910891,75.813,399.77,159.7,-89.9,0.0,24.0,1.0,0.059228906250000005
3719,2024-11-24 17:40:07.616,124.04,48.268271,25.910891,75.813,399.77,159.7,-89.9,0.0,24.0,1.0,0.059228906250000005
3720,2024-11-24 17:40:07.647,124.071,48.268271,25.910891,75.813,399.77,159.7,-89.9,0.0,24.0,1.0,0.059228906250000005
3721,2024-11-24 17:40:07.680,124.104,48.268263,25.9109,75.843,399.8,159.7,-89.9,0.0,24.0,1.0,0.05925234375
3722,2024-11-24 17:40:07.714,124.138,48.268263,25.9109,75.843,399.8,159.7,-89.9,0.0,24.0,1.0,0.05925234375
3723,2024-11-24 17:40:07.747,124.171,48.268263,25.9109,75.843,399.8,159.7,-89.9,0.0,24.0,1.0,0.05925234375
3724,2024-11-24 17:40:07.780,124.204,48.268255,25.910909,75.872,399.829,159.7,-89.9,0.0,24.0,1.0,0.059274999999999994
3725,2024-11-24 17:40:07.816,124.24,48.268255,25.910909,75.872,399.829,159.7,-89.9,0.0,24.0,1.0,0.059274999999999994
3726,2024-11-24 17:40:07.847,124.271,48.268255,25.910909,75.872,399.829,159.7,-89.9,0.0,24.0,1.0,0.059274999999999994
3727,2024-11-24 17:40:07.880,124.304,48.268247,25.910917,75.903,399.86,159.7,-89.9,0.0,24.0,1.0,0.05929921875
3728,2024-11-24 17:40:07.914,124.338,48.268247,25.910917,75.903,399.86,159.7,-89.9,0.0,24.0,1.0,0.05929921875
3729,2024-11-24 17:40:07.946,124.37,48.268247,25.910917,75.903,399.86,159.7,-89.9,0.0,24.0,1.0,0.05929921875
3730,2024-11-24 17:40:07.980,124.404,48.268238,25.910924,75.935,399.892,159.8,-89.9,0.0,24.0,1.0,0.059324218750000005
3731,2024-11-24 17:40:08.014,124.438,48.268238,25.910924,75.935,399.892,159.8,-89.9,0.0,24.0,1.0,0.059324218750000005
3732,2024-11-24 17:40:08.047,124.471,48.268238,25.910924,75.935,399.892,159.8,-89.9,0.0,24.0,1.0,0.059324218750000005
3733,2024-11-24 17:40:08.080,124.504,48.268229,25.910932,75.964,399.921,159.7,-89.9,0.0,24.0,1.0,0.059346875
3734,2024-11-24 17:40:08.114,124.538,48.268229,25.910932,75.964,399.921,159.7,-89.9,0.0,24.0,1.0,0.059346875
3735,2024-11-24 17:40:08.146,124.57,48.268229,25.910932,75.964,399.921,159.7,-89.9,0.0,24.0,1.0,0.059346875
3736,2024-11-24 17:40:08.180,124.604,48.26822,25.910939,75.993,399.949,159.7,-89.9,0.0,24.0,1.0,0.059369531249999996
3737,2024-11-24 17:40:08.216,124.64,48.26822,25.910939,75.993,399.949,159.7,-89.9,0.0,24.0,1.0,0.059369531249999996
3738,2024-11-24 17:40:08.247,124.671,48.26822,25.910939,75.993,399.949,159.7,-89.9,0.0,24.0,1.0,0.059369531249999996
3739,2024-11-24 17:40:08.281,124.705,48.268209,25.910946,76.019,399.975,159.7,-89.9,0.0,24.0,1.0,0.059389843750000004
3740,2024-11-24 17:40:08.315,124.739,48.268209,25.910946,76.019,399.975,159.7,-89.9,0.0,24.0,1.0,0.059389843750000004
3741,2024-11-24 17:40:08.347,124.771,48.268209,25.910946,76.019,399.975,159.7,-89.9,0.0,24.0,1.0,0.059389843750000004
3742,2024-11-24 17:40:08.381,124.805,48.2682,25.910953,76.038,399.995,159.7,-89.9,0.0,24.0,1.0,0.05940468749999999
3743,2024-11-24 17:40:08.416,124.84,48.2682,25.910953,76.038,399.995,159.7,-89.9,0.0,24.0,1.0,0.05940468749999999
3744,2024-11-24 17:40:08.448,124.872,48.268189,25.91096,76.059,400.015,159.7,-89.9,0.0,24.0,1.0,0.05942109375
3745,2024-11-24 17:40:08.480,124.904,48.268189,25.91096,76.059,400.015,159.5,-89.9,0.0,24.0,1.0,0.05942109375
3746,2024-11-24 17:40:08.514,124.938,48.268189,25.91096,76.059,400.015,159.5,-89.9,0.0,24.0,1.0,0.05942109375
3747,2024-11-24 17:40:08.547,124.971,48.268189,25.91096,76.059,400.015,159.5,-89.9,0.0,24.0,1.0,0.05942109375
3748,2024-11-24 17:40:08.580,125.004,48.268179,25.910967,76.077,400.034,154.9,-90.0,0.0,24.0,1.0,0.059435156249999996
3749,2024-11-24 17:40:08.615,125.039,48.268179,25.910967,76.077,400.034,154.9,-90.0,0.0,24.0,1.0,0.059435156249999996
3750,2024-11-24 17:40:08.647,125.071,48.268179,25.910967,76.077,400.034,154.9,-90.0,0.0,24.0,1.0,0.059435156249999996
3751,2024-11-24 17:40:08.682,125.106,48.268168,25.910974,76.091,400.047,146.6,-89.9,0.0,24.0,1.0,0.05944609374999999
3752,2024-11-24 17:40:08.714,125.138,48.268168,25.910974,76.091,400.047,146.6,-89.9,0.0,24.0,1.0,0.05944609374999999
3753,2024-11-24 17:40:08.748,125.172,48.268157,25.910982,76.113,400.07,146.6,-89.9,0.0,24.0,1.0,0.05946328125
3754,2024-11-24 17:40:08.782,125.206,48.268157,25.910982,76.113,400.07,137.4,-89.9,0.0,24.0,1.0,0.05946328125
3755,2024-11-24 17:40:08.816,125.24,48.268157,25.910982,76.113,400.07,137.4,-89.9,0.0,24.0,1.0,0.05946328125
3756,2024-11-24 17:40:08.847,125.271,48.268157,25.910982,76.113,400.07,137.4,-89.9,0.0,24.0,1.0,0.05946328125
3757,2024-11-24 17:40:08.881,125.305,48.268146,25.910991,76.144,400.1,132.3,-90.0,0.0,24.0,1.0,0.059487500000000006
3758,2024-11-24 17:40:08.915,125.339,48.268146,25.910991,76.144,400.1,132.3,-90.0,0.0,24.0,1.0,0.059487500000000006
3759,2024-11-24 17:40:08.948,125.372,48.268146,25.910991,76.144,400.1,132.3,-90.0,0.0,24.0,1.0,0.059487500000000006
3760,2024-11-24 17:40:08.981,125.405,48.268135,25.911,76.172,400.129,131.6,-89.9,0.0,24.0,1.0,0.059509374999999996
3761,2024-11-24 17:40:09.015,125.439,48.268135,25.911,76.172,400.129,131.6,-89.9,0.0,24.0,1.0,0.059509374999999996
3762,2024-11-24 17:40:09.049,125.473,48.268125,25.91101,76.179,400.136,131.6,-89.9,0.0,24.0,1.0,0.059514843750000004
3763,2024-11-24 17:40:09.081,125.505,48.268125,25.91101,76.179,400.136,127.5,-90.0,0.0,24.0,1.0,0.059514843750000004
3764,2024-11-24 17:40:09.115,125.539,48.268125,25.91101,76.179,400.136,127.5,-90.0,0.0,24.0,1.0,0.059514843750000004
3765,2024-11-24 17:40:09.148,125.572,48.268125,25.91101,76.179,400.136,127.5,-90.0,0.0,24.0,1.0,0.059514843750000004
3766,2024-11-24 17:40:09.182,125.606,48.268116,25.911021,76.179,400.135,124.5,-89.9,0.0,24.0,1.0,0.059514843750000004
3767,2024-11-24 17:40:09.215,125.639,48.268116,25.911021,76.179,400.135,124.5,-89.9,0.0,24.0,1.0,0.059514843750000004
3768,2024-11-24 17:40:09.248,125.672,48.268116,25.911021,76.179,400.135,124.5,-89.9,0.0,24.0,1.0,0.059514843750000004
3769,2024-11-24 17:40:09.281,125.705,48.268106,25.911033,76.179,400.136,124.5,-89.9,0.0,24.0,1.0,0.059514843750000004
3770,2024-11-24 17:40:09.316,125.74,48.268106,25.911033,76.179,400.136,124.5,-89.9,0.0,24.0,1.0,0.059514843750000004
3771,2024-11-24 17:40:09.349,125.773,48.268106,25.911033,76.179,400.136,124.5,-89.9,0.0,24.0,1.0,0.059514843750000004
3772,2024-11-24 17:40:09.382,125.806,48.268097,25.911045,76.179,400.136,124.5,-89.9,0.0,24.0,1.0,0.059514843750000004
3773,2024-11-24 17:40:09.415,125.839,48.268097,25.911045,76.179,400.136,124.5,-89.9,0.0,24.0,1.0,0.059514843750000004
3774,2024-11-24 17:40:09.448,125.872,48.268088,25.911058,76.164,400.12,124.5,-89.9,0.0,24.0,1.0,0.059503125000000004
3775,2024-11-24 17:40:09.482,125.906,48.268088,25.911058,76.164,400.12,124.5,-90.0,0.0,24.0,1.0,0.059503125000000004
3776,2024-11-24 17:40:09.515,125.939,48.268088,25.911058,76.164,400.12,124.5,-90.0,0.0,24.0,1.0,0.059503125000000004
3777,2024-11-24 17:40:09.548,125.972,48.268088,25.911058,76.164,400.12,124.5,-90.0,0.0,24.0,1.0,0.059503125000000004
3778,2024-11-24 17:40:09.582,126.006,48.26808,25.911072,76.155,400.112,124.5,-90.0,0.0,24.0,1.0,0.05949609375
3779,2024-11-24 17:40:09.616,126.04,48.26808,25.911072,76.155,400.112,124.5,-90.0,0.0,24.0,1.0,0.05949609375
3780,2024-11-24 17:40:09.649,126.073,48.26808,25.911072,76.155,400.112,124.5,-90.0,0.0,24.0,1.0,0.05949609375
3781,2024-11-24 17:40:09.681,126.105,48.268071,25.911086,76.154,400.11,124.4,-89.9,0.0,24.0,1.0,0.059495312499999994
3782,2024-11-24 17:40:09.716,126.14,48.268071,25.911086,76.154,400.11,124.4,-89.9,0.0,24.0,1.0,0.059495312499999994
3783,2024-11-24 17:40:09.748,126.172,48.268071,25.911086,76.154,400.11,124.4,-89.9,0.0,24.0,1.0,0.059495312499999994
3784,2024-11-24 17:40:09.783,126.207,48.268064,25.911101,76.155,400.112,123.7,-89.9,0.0,24.0,1.0,0.05949609375
3785,2024-11-24 17:40:09.816,126.24,48.268064,25.911101,76.155,400.112,123.7,-89.9,0.0,24.0,1.0,0.05949609375
3786,2024-11-24 17:40:09.848,126.272,48.268064,25.911101,76.155,400.112,123.7,-89.9,0.0,24.0,1.0,0.05949609375
3787,2024-11-24 17:40:09.881,126.305,48.268056,25.911116,76.139,400.096,120.6,-89.9,0.0,24.0,1.0,0.059483593749999994
3788,2024-11-24 17:40:09.916,126.34,48.268056,25.911116,76.139,400.096,120.6,-89.9,0.0,24.0,1.0,0.059483593749999994
3789,2024-11-24 17:40:09.949,126.373,48.268056,25.911116,76.139,400.096,120.6,-89.9,0.0,24.0,1.0,0.059483593749999994
3790,2024-11-24 17:40:09.982,126.406,48.268049,25.911132,76.125,400.082,116.5,-90.0,0.0,24.0,1.0,0.05947265625
3791,2024-11-24 17:40:10.018,126.442,48.268049,25.911132,76.125,400.082,116.5,-90.0,0.0,24.0,1.0,0.05947265625
3792,2024-11-24 17:40:10.049,126.473,48.268049,25.911132,76.125,400.082,116.5,-90.0,0.0,24.0,1.0,0.05947265625
3793,2024-11-24 17:40:10.084,126.508,48.268042,25.911148,76.138,400.094,115.7,-89.9,0.0,24.0,1.0,0.0594828125
3794,2024-11-24 17:40:10.116,126.54,48.268042,25.911148,76.138,400.094,115.7,-89.9,0.0,24.0,1.0,0.0594828125
3795,2024-11-24 17:40:10.150,126.574,48.268036,25.911165,76.16,400.116,115.7,-89.9,0.0,24.0,1.0,0.0595
3796,2024-11-24 17:40:10.182,126.606,48.268036,25.911165,76.16,400.116,115.7,-89.9,0.0,24.0,1.0,0.0595
3797,2024-11-24 17:40:10.217,126.641,48.268036,25.911165,76.16,400.116,115.7,-89.9,0.0,24.0,1.0,0.0595
3798,2024-11-24 17:40:10.249,126.673,48.268036,25.911165,76.16,400.116,115.7,-89.9,0.0,24.0,1.0,0.0595
3799,2024-11-24 17:40:10.282,126.706,48.26803,25.911183,76.153,400.109,115.7,-90.0,0.0,24.0,1.0,0.05949453125
3800,2024-11-24 17:40:10.316,126.74,48.26803,25.911183,76.153,400.109,115.7,-90.0,0.0,24.0,1.0,0.05949453125
3801,2024-11-24 17:40:10.349,126.773,48.26803,25.911183,76.153,400.109,115.7,-90.0,0.0,24.0,1.0,0.05949453125
3802,2024-11-24 17:40:10.383,126.807,48.268024,25.9112,76.142,400.099,115.7,-89.9,0.0,24.0,1.0,0.059485937499999995
3803,2024-11-24 17:40:10.416,126.84,48.268024,25.9112,76.142,400.099,115.7,-89.9,0.0,24.0,1.0,0.059485937499999995
3804,2024-11-24 17:40:10.449,126.873,48.268024,25.9112,76.142,400.099,115.7,-89.9,0.0,24.0,1.0,0.059485937499999995
3805,2024-11-24 17:40:10.482,126.906,48.268018,25.911218,76.151,400.108,115.7,-89.9,0.0,24.0,1.0,0.05949296874999999
3806,2024-11-24 17:40:10.516,126.94,48.268018,25.911218,76.151,400.108,115.7,-89.9,0.0,24.0,1.0,0.05949296874999999
3807,2024-11-24 17:40:10.549,126.973,48.268013,25.911237,76.162,400.119,115.7,-89.9,0.0,24.0,1.0,0.05950156250000001
3808,2024-11-24 17:40:10.583,127.007,48.268013,25.911237,76.162,400.119,115.7,-90.0,0.0,24.0,1.0,0.05950156250000001
3809,2024-11-24 17:40:10.616,127.04,48.268013,25.911237,76.162,400.119,115.7,-90.0,0.0,24.0,1.0,0.05950156250000001
3810,2024-11-24 17:40:10.650,127.074,48.268007,25.911256,76.172,400.129,115.7,-90.0,0.0,24.0,1.0,0.059509374999999996
3811,2024-11-24 17:40:10.682,127.106,48.268007,25.911256,76.172,400.129,115.7,-90.0,0.0,24.0,1.0,0.059509374999999996
3812,2024-11-24 17:40:10.717,127.141,48.268007,25.911256,76.172,400.129,115.7,-90.0,0.0,24.0,1.0,0.059509374999999996
3813,2024-11-24 17:40:10.749,127.173,48.268007,25.911256,76.172,400.129,115.7,-90.0,0.0,24.0,1.0,0.059509374999999996
3814,2024-11-24 17:40:10.783,127.207,48.268001,25.911276,76.185,400.142,115.7,-89.9,0.0,24.0,1.0,0.05951953125
3815,2024-11-24 17:40:10.816,127.24,48.268001,25.911276,76.185,400.142,115.7,-89.9,0.0,24.0,1.0,0.05951953125
3816,2024-11-24 17:40:10.849,127.273,48.267995,25.911296,76.202,400.159,115.7,-89.9,0.0,24.0,1.0,0.0595328125
3817,2024-11-24 17:40:10.882,127.306,48.267995,25.911296,76.202,400.159,115.7,-90.0,0.0,24.0,1.0,0.0595328125
3818,2024-11-24 17:40:10.916,127.34,48.267995,25.911296,76.202,400.159,115.7,-90.0,0.0,24.0,1.0,0.0595328125
3819,2024-11-24 17:40:10.950,127.374,48.267989,25.911316,76.222,400.179,115.7,-90.0,0.0,24.0,1.0,0.0595484375
3820,2024-11-24 17:40:10.983,127.407,48.267989,25.911316,76.222,400.179,115.7,-89.9,0.0,24.0,1.0,0.0595484375
3821,2024-11-24 17:40:11.017,127.441,48.267989,25.911316,76.222,400.179,115.7,-89.9,0.0,24.0,1.0,0.0595484375
3822,2024-11-24 17:40:11.050,127.474,48.267989,25.911316,76.222,400.179,115.7,-89.9,0.0,24.0,1.0,0.0595484375
3823,2024-11-24 17:40:11.083,127.507,48.267983,25.911337,76.246,400.202,115.7,-90.0,0.0,24.0,1.0,0.0595671875
3824,2024-11-24 17:40:11.117,127.541,48.267983,25.911337,76.246,400.202,115.7,-90.0,0.0,24.0,1.0,0.0595671875
3825,2024-11-24 17:40:11.150,127.574,48.267976,25.911358,76.267,400.224,115.7,-90.0,0.0,24.0,1.0,0.05958359375
3826,2024-11-24 17:40:11.183,127.607,48.267976,25.911358,76.267,400.224,115.7,-90.0,0.0,24.0,1.0,0.05958359375
3827,2024-11-24 17:40:11.217,127.641,48.267976,25.911358,76.267,400.224,115.7,-90.0,0.0,24.0,1.0,0.05958359375
3828,2024-11-24 17:40:11.250,127.674,48.267976,25.911358,76.267,400.224,115.7,-90.0,0.0,24.0,1.0,0.05958359375
3829,2024-11-24 17:40:11.282,127.706,48.26797,25.911379,76.302,400.258,115.7,-90.0,0.0,24.0,1.0,0.0596109375
3830,2024-11-24 17:40:11.317,127.741,48.26797,25.911379,76.302,400.258,115.7,-90.0,0.0,24.0,1.0,0.0596109375
3831,2024-11-24 17:40:11.351,127.775,48.26797,25.911379,76.302,400.258,115.7,-90.0,0.0,24.0,1.0,0.0596109375
3832,2024-11-24 17:40:11.384,127.808,48.267963,25.911399,76.329,400.286,115.7,-90.0,0.0,24.0,1.0,0.05963203124999999
3833,2024-11-24 17:40:11.417,127.841,48.267963,25.911399,76.329,400.286,115.7,-90.0,0.0,24.0,1.0,0.05963203124999999
3834,2024-11-24 17:40:11.450,127.874,48.267963,25.911399,76.329,400.286,115.7,-90.0,0.0,24.0,1.0,0.05963203124999999
3835,2024-11-24 17:40:11.483,127.907,48.267956,25.911421,76.349,400.305,115.7,-90.0,0.0,24.0,1.0,0.05964765625000001
3836,2024-11-24 17:40:11.517,127.941,48.267956,25.911421,76.349,400.305,115.7,-90.0,0.0,24.0,1.0,0.05964765625000001
3837,2024-11-24 17:40:11.551,127.975,48.267949,25.911442,76.366,400.322,115.7,-90.0,0.0,24.0,1.0,0.059660937500000004
3838,2024-11-24 17:40:11.583,128.007,48.267949,25.911442,76.366,400.322,115.7,-89.9,0.0,24.0,1.0,0.059660937500000004
3839,2024-11-24 17:40:11.618,128.042,48.267949,25.911442,76.366,400.322,115.7,-89.9,0.0,24.0,1.0,0.059660937500000004
3840,2024-11-24 17:40:11.651,128.075,48.267942,25.911464,76.372,400.329,115.7,-89.9,0.0,24.0,1.0,0.05966562499999999
3841,2024-11-24 17:40:11.683,128.107,48.267942,25.911464,76.372,400.329,115.7,-90.0,0.0,24.0,1.0,0.05966562499999999
3842,2024-11-24 17:40:11.718,128.142,48.267942,25.911464,76.372,400.329,115.7,-90.0,0.0,24.0,1.0,0.05966562499999999
3843,2024-11-24 17:40:11.751,128.175,48.267935,25.911485,76.392,400.348,115.7,-90.0,0.0,24.0,1.0,0.05968125
3844,2024-11-24 17:40:11.783,128.207,48.267935,25.911485,76.392,400.348,115.7,-90.0,0.0,24.0,1.0,0.05968125
3845,2024-11-24 17:40:11.818,128.242,48.267935,25.911485,76.392,400.348,115.7,-90.0,0.0,24.0,1.0,0.05968125
3846,2024-11-24 17:40:11.850,128.274,48.267929,25.911507,76.401,400.357,115.7,-90.0,0.0,24.0,1.0,0.059688281249999996
3847,2024-11-24 17:40:11.884,128.308,48.267929,25.911507,76.401,400.357,115.7,-89.9,0.0,24.0,1.0,0.059688281249999996
3848,2024-11-24 17:40:11.917,128.341,48.267929,25.911507,76.401,400.357,115.7,-89.9,0.0,24.0,1.0,0.059688281249999996
3849,2024-11-24 17:40:11.951,128.375,48.267922,25.911529,76.405,400.362,115.7,-89.9,0.0,24.0,1.0,0.05969140625
3850,2024-11-24 17:40:11.985,128.409,48.267922,25.911529,76.405,400.362,115.7,-89.9,0.0,24.0,1.0,0.05969140625
3851,2024-11-24 17:40:12.018,128.442,48.267922,25.911529,76.405,400.362,115.7,-89.9,0.0,24.0,1.0,0.05969140625
3852,2024-11-24 17:40:12.051,128.475,48.267914,25.911551,76.413,400.37,115.7,-89.9,0.0,24.0,1.0,0.059697656249999995
3853,2024-11-24 17:40:12.083,128.507,48.267914,25.911551,76.413,400.37,115.7,-90.0,0.0,24.0,1.0,0.059697656249999995
3854,2024-11-24 17:40:12.118,128.542,48.267914,25.911551,76.413,400.37,115.7,-90.0,0.0,24.0,1.0,0.059697656249999995
3855,2024-11-24 17:40:12.152,128.576,48.267907,25.911573,76.419,400.376,115.4,-89.9,0.0,24.0,1.0,0.059702343750000005
3856,2024-11-24 17:40:12.184,128.608,48.267907,25.911573,76.419,400.376,115.4,-89.9,0.0,24.0,1.0,0.059702343750000005
3857,2024-11-24 17:40:12.218,128.642,48.267907,25.911573,76.419,400.376,115.4,-89.9,0.0,24.0,1.0,0.059702343750000005
3858,2024-11-24 17:40:12.251,128.675,48.2679,25.911595,76.426,400.383,115.4,-89.9,0.0,24.0,1.0,0.059707812500000006
3859,2024-11-24 17:40:12.285,128.709,48.2679,25.911595,76.426,400.383,114.0,-90.0,0.0,24.0,1.0,0.059707812500000006
3860,2024-11-24 17:40:12.317,128.741,48.2679,25.911595,76.426,400.383,114.0,-90.0,0.0,24.0,1.0,0.059707812500000006
3861,2024-11-24 17:40:12.351,128.775,48.267893,25.911618,76.425,400.381,114.0,-90.0,0.0,24.0,1.0,0.059707031249999994
3862,2024-11-24 17:40:12.385,128.809,48.267893,25.911618,76.425,400.381,113.0,-90.0,0.0,24.0,1.0,0.059707031249999994
3863,2024-11-24 17:40:12.418,128.842,48.267893,25.911618,76.425,400.381,113.0,-90.0,0.0,24.0,1.0,0.059707031249999994
3864,2024-11-24 17:40:12.452,128.876,48.267887,25.91164,76.443,400.4,113.0,-90.0,0.0,24.0,1.0,0.05972109375
3865,2024-11-24 17:40:12.486,128.91,48.267887,25.91164,76.443,400.4,112.9,-90.0,0.0,24.0,1.0,0.05972109375
3866,2024-11-24 17:40:12.519,128.943,48.267887,25.91164,76.443,400.4,112.9,-90.0,0.0,24.0,1.0,0.05972109375
3867,2024-11-24 17:40:12.551,128.975,48.26788,25.911663,76.465,400.421,112.9,-90.0,0.0,24.0,1.0,0.059738281250000004
3868,2024-11-24 17:40:12.586,129.01,48.26788,25.911663,76.465,400.421,112.9,-89.9,0.0,24.0,1.0,0.059738281250000004
3869,2024-11-24 17:40:12.618,129.042,48.26788,25.911663,76.465,400.421,112.9,-89.9,0.0,24.0,1.0,0.059738281250000004
3870,2024-11-24 17:40:12.651,129.075,48.267874,25.911686,76.46,400.416,112.9,-89.9,0.0,24.0,1.0,0.059734375
3871,2024-11-24 17:40:12.685,129.109,48.267874,25.911686,76.46,400.416,112.9,-89.9,0.0,24.0,1.0,0.059734375
3872,2024-11-24 17:40:12.718,129.142,48.267874,25.911686,76.46,400.416,112.9,-89.9,0.0,24.0,1.0,0.059734375
3873,2024-11-24 17:40:12.752,129.176,48.267868,25.911709,76.454,400.411,112.9,-89.9,0.0,24.0,1.0,0.05972968749999999
3874,2024-11-24 17:40:12.785,129.209,48.267868,25.911709,76.454,400.411,112.9,-89.9,0.0,24.0,1.0,0.05972968749999999
3875,2024-11-24 17:40:12.818,129.242,48.267868,25.911709,76.454,400.411,112.9,-89.9,0.0,24.0,1.0,0.05972968749999999
3876,2024-11-24 17:40:12.852,129.276,48.267862,25.911732,76.453,400.41,112.9,-89.9,0.0,24.0,1.0,0.059728906250000005
3877,2024-11-24 17:40:12.884,129.308,48.267862,25.911732,76.453,400.41,112.9,-89.9,0.0,24.0,1.0,0.059728906250000005
3878,2024-11-24 17:40:12.918,129.342,48.267862,25.911732,76.453,400.41,112.9,-89.9,0.0,24.0,1.0,0.059728906250000005
3879,2024-11-24 17:40:12.952,129.376,48.267855,25.911755,76.45,400.407,112.9,-89.9,0.0,24.0,1.0,0.059726562500000004
3880,2024-11-24 17:40:12.984,129.408,48.267855,25.911755,76.45,400.407,112.9,-89.9,0.0,24.0,1.0,0.059726562500000004
3881,2024-11-24 17:40:13.018,129.442,48.267855,25.911755,76.45,400.407,112.9,-89.9,0.0,24.0,1.0,0.059726562500000004
3882,2024-11-24 17:40:13.053,129.477,48.267849,25.911778,76.446,400.403,112.3,-90.0,0.0,24.0,1.0,0.0597234375
3883,2024-11-24 17:40:13.085,129.509,48.267849,25.911778,76.446,400.403,112.3,-90.0,0.0,24.0,1.0,0.0597234375
3884,2024-11-24 17:40:13.118,129.542,48.267849,25.911778,76.446,400.403,112.3,-90.0,0.0,24.0,1.0,0.0597234375
3885,2024-11-24 17:40:13.153,129.577,48.267843,25.911801,76.437,400.394,112.0,-89.9,0.0,24.0,1.0,0.05971640624999999
3886,2024-11-24 17:40:13.185,129.609,48.267843,25.911801,76.437,400.394,112.0,-89.9,0.0,24.0,1.0,0.05971640624999999
3887,2024-11-24 17:40:13.219,129.643,48.267843,25.911801,76.437,400.394,112.0,-89.9,0.0,24.0,1.0,0.05971640624999999
3888,2024-11-24 17:40:13.252,129.676,48.267836,25.911825,76.444,400.4,112.0,-89.9,0.0,24.0,1.0,0.059721875
3889,2024-11-24 17:40:13.285,129.709,48.267836,25.911825,76.444,400.4,112.0,-89.9,0.0,24.0,1.0,0.059721875
3890,2024-11-24 17:40:13.319,129.743,48.267836,25.911825,76.444,400.4,112.0,-89.9,0.0,24.0,1.0,0.059721875
3891,2024-11-24 17:40:13.352,129.776,48.26783,25.911848,76.451,400.408,112.0,-89.9,0.0,24.0,1.0,0.059727343749999995
3892,2024-11-24 17:40:13.386,129.81,48.26783,25.911848,76.451,400.408,112.0,-89.9,0.0,24.0,1.0,0.059727343749999995
3893,2024-11-24 17:40:13.420,129.844,48.26783,25.911848,76.451,400.408,112.0,-89.9,0.0,24.0,1.0,0.059727343749999995
3894,2024-11-24 17:40:13.452,129.876,48.267824,25.911872,76.455,400.412,112.0,-89.9,0.0,24.0,1.0,0.05973046875
3895,2024-11-24 17:40:13.485,129.909,48.267824,25.911872,76.455,400.412,112.0,-89.9,0.0,24.0,1.0,0.05973046875
3896,2024-11-24 17:40:13.520,129.944,48.267824,25.911872,76.455,400.412,112.0,-89.9,0.0,24.0,1.0,0.05973046875
3897,2024-11-24 17:40:13.553,129.977,48.267818,25.911895,76.455,400.412,112.0,-89.9,0.0,24.0,1.0,0.05973046875
3898,2024-11-24 17:40:13.586,130.01,48.267818,25.911895,76.455,400.412,112.0,-89.9,0.0,24.0,1.0,0.05973046875
3899,2024-11-24 17:40:13.619,130.043,48.267818,25.911895,76.455,400.412,112.0,-89.9,0.0,24.0,1.0,0.05973046875
3900,2024-11-24 17:40:13.652,130.076,48.267811,25.911919,76.454,400.411,112.0,-89.9,0.0,24.0,1.0,0.05972968749999999
3901,2024-11-24 17:40:13.687,130.111,48.267811,25.911919,76.454,400.411,112.0,-89.9,0.0,24.0,1.0,0.05972968749999999
3902,2024-11-24 17:40:13.720,130.144,48.267811,25.911919,76.454,400.411,112.0,-89.9,0.0,24.0,1.0,0.05972968749999999
3903,2024-11-24 17:40:13.753,130.177,48.267805,25.911943,76.448,400.405,112.0,-89.9,0.0,24.0,1.0,0.059725
3904,2024-11-24 17:40:13.785,130.209,48.267805,25.911943,76.448,400.405,112.0,-89.9,0.0,24.0,1.0,0.059725
3905,2024-11-24 17:40:13.819,130.243,48.267805,25.911943,76.448,400.405,112.0,-89.9,0.0,24.0,1.0,0.059725
3906,2024-11-24 17:40:13.853,130.277,48.267799,25.911966,76.447,400.404,112.0,-89.9,0.0,24.0,1.0,0.05972421875
3907,2024-11-24 17:40:13.887,130.311,48.267799,25.911966,76.447,400.404,112.0,-89.9,0.0,24.0,1.0,0.05972421875
3908,2024-11-24 17:40:13.920,130.344,48.267799,25.911966,76.447,400.404,112.0,-89.9,0.0,24.0,1.0,0.05972421875
3909,2024-11-24 17:40:13.953,130.377,48.267792,25.91199,76.442,400.398,112.0,-89.9,0.0,24.0,1.0,0.05972031249999999
3910,2024-11-24 17:40:13.986,130.41,48.267792,25.91199,76.442,400.398,112.0,-89.9,0.0,24.0,1.0,0.05972031249999999
3911,2024-11-24 17:40:14.020,130.444,48.267792,25.91199,76.442,400.398,112.0,-89.9,0.0,24.0,1.0,0.05972031249999999
3912,2024-11-24 17:40:14.052,130.476,48.267786,25.912014,76.44,400.397,112.0,-90.0,0.0,24.0,1.0,0.05971875
3913,2024-11-24 17:40:14.086,130.51,48.267786,25.912014,76.44,400.397,112.0,-90.0,0.0,24.0,1.0,0.05971875
3914,2024-11-24 17:40:14.120,130.544,48.267786,25.912014,76.44,400.397,112.0,-90.0,0.0,24.0,1.0,0.05971875
3915,2024-11-24 17:40:14.153,130.577,48.26778,25.912038,76.441,400.398,112.0,-90.0,0.0,24.0,1.0,0.05971953125
3916,2024-11-24 17:40:14.187,130.611,48.26778,25.912038,76.441,400.398,112.0,-90.0,0.0,24.0,1.0,0.05971953125
3917,2024-11-24 17:40:14.220,130.644,48.26778,25.912038,76.441,400.398,112.0,-90.0,0.0,24.0,1.0,0.05971953125
3918,2024-11-24 17:40:14.254,130.678,48.267773,25.912062,76.447,400.404,112.0,-90.0,0.0,24.0,1.0,0.05972421875
3919,2024-11-24 17:40:14.286,130.71,48.267773,25.912062,76.447,400.404,112.0,-90.0,0.0,24.0,1.0,0.05972421875
3920,2024-11-24 17:40:14.319,130.743,48.267773,25.912062,76.447,400.404,112.0,-90.0,0.0,24.0,1.0,0.05972421875
3921,2024-11-24 17:40:14.353,130.777,48.267767,25.912086,76.451,400.408,112.0,-90.0,0.0,24.0,1.0,0.059727343749999995
3922,2024-11-24 17:40:14.387,130.811,48.267767,25.912086,76.451,400.408,112.0,-90.0,0.0,24.0,1.0,0.059727343749999995
3923,2024-11-24 17:40:14.420,130.844,48.267767,25.912086,76.451,400.408,112.0,-90.0,0.0,24.0,1.0,0.059727343749999995
3924,2024-11-24 17:40:14.453,130.877,48.26776,25.912111,76.458,400.415,112.0,-90.0,0.0,24.0,1.0,0.059732812499999996
3925,2024-11-24 17:40:14.486,130.91,48.26776,25.912111,76.458,400.415,112.0,-90.0,0.0,24.0,1.0,0.059732812499999996
3926,2024-11-24 17:40:14.520,130.944,48.26776,25.912111,76.458,400.415,112.0,-90.0,0.0,24.0,1.0,0.059732812499999996
3927,2024-11-24 17:40:14.553,130.977,48.267753,25.912135,76.459,400.415,112.1,-89.9,0.0,24.0,1.0,0.05973359375
3928,2024-11-24 17:40:14.587,131.011,48.267753,25.912135,76.459,400.415,112.1,-89.9,0.0,24.0,1.0,0.05973359375
3929,2024-11-24 17:40:14.620,131.044,48.267753,25.912135,76.459,400.415,112.1,-89.9,0.0,24.0,1.0,0.05973359375
3930,2024-11-24 17:40:14.654,131.078,48.267747,25.912159,76.462,400.418,112.3,-90.0,0.0,24.0,1.0,0.05973593750000001
3931,2024-11-24 17:40:14.687,131.111,48.267747,25.912159,76.462,400.418,112.3,-90.0,0.0,24.0,1.0,0.05973593750000001
3932,2024-11-24 17:40:14.720,131.144,48.267747,25.912159,76.462,400.418,112.3,-90.0,0.0,24.0,1.0,0.05973593750000001
3933,2024-11-24 17:40:14.754,131.178,48.26774,25.912184,76.468,400.424,112.4,-89.9,0.0,24.0,1.0,0.059740625
3934,2024-11-24 17:40:14.787,131.211,48.26774,25.912184,76.468,400.424,112.4,-89.9,0.0,24.0,1.0,0.059740625
3935,2024-11-24 17:40:14.820,131.244,48.26774,25.912184,76.468,400.424,112.4,-89.9,0.0,24.0,1.0,0.059740625
3936,2024-11-24 17:40:14.853,131.277,48.267733,25.912208,76.475,400.431,112.5,-90.0,0.0,24.0,1.0,0.05974609374999999
3937,2024-11-24 17:40:14.887,131.311,48.267733,25.912208,76.475,400.431,112.5,-90.0,0.0,24.0,1.0,0.05974609374999999
3938,2024-11-24 17:40:14.920,131.344,48.267733,25.912208,76.475,400.431,112.5,-90.0,0.0,24.0,1.0,0.05974609374999999
3939,2024-11-24 17:40:14.953,131.377,48.267726,25.912233,76.477,400.434,112.5,-89.9,0.0,24.0,1.0,0.05974765625
3940,2024-11-24 17:40:14.987,131.411,48.267726,25.912233,76.477,400.434,112.5,-89.9,0.0,24.0,1.0,0.05974765625
3941,2024-11-24 17:40:15.020,131.444,48.267726,25.912233,76.477,400.434,112.5,-89.9,0.0,24.0,1.0,0.05974765625
3942,2024-11-24 17:40:15.054,131.478,48.26772,25.912257,76.476,400.432,112.5,-90.0,0.0,24.0,1.0,0.059746875
3943,2024-11-24 17:40:15.088,131.512,48.26772,25.912257,76.476,400.432,112.5,-90.0,0.0,24.0,1.0,0.059746875
3944,2024-11-24 17:40:15.121,131.545,48.26772,25.912257,76.476,400.432,112.5,-90.0,0.0,24.0,1.0,0.059746875
3945,2024-11-24 17:40:15.154,131.578,48.267713,25.912282,76.474,400.431,112.5,-89.9,0.0,24.0,1.0,0.05974531250000001
3946,2024-11-24 17:40:15.187,131.611,48.267713,25.912282,76.474,400.431,112.5,-89.9,0.0,24.0,1.0,0.05974531250000001
3947,2024-11-24 17:40:15.221,131.645,48.267713,25.912282,76.474,400.431,112.5,-89.9,0.0,24.0,1.0,0.05974531250000001
3948,2024-11-24 17:40:15.254,131.678,48.267706,25.912306,76.473,400.43,112.7,-89.9,0.0,24.0,1.0,0.059744531249999996
3949,2024-11-24 17:40:15.288,131.712,48.267706,25.912306,76.473,400.43,112.7,-89.9,0.0,24.0,1.0,0.059744531249999996
3950,2024-11-24 17:40:15.321,131.745,48.267706,25.912306,76.473,400.43,112.7,-89.9,0.0,24.0,1.0,0.059744531249999996
3951,2024-11-24 17:40:15.354,131.778,48.267699,25.912331,76.468,400.425,113.3,-89.9,0.0,24.0,1.0,0.059740625
3952,2024-11-24 17:40:15.387,131.811,48.267699,25.912331,76.468,400.425,113.3,-89.9,0.0,24.0,1.0,0.059740625
3953,2024-11-24 17:40:15.421,131.845,48.267699,25.912331,76.468,400.425,113.3,-89.9,0.0,24.0,1.0,0.059740625
3954,2024-11-24 17:40:15.454,131.878,48.267692,25.912355,76.491,400.448,114.4,-89.9,0.0,24.0,1.0,0.059758593750000005
3955,2024-11-24 17:40:15.487,131.911,48.267692,25.912355,76.491,400.448,114.4,-89.9,0.0,24.0,1.0,0.059758593750000005
3956,2024-11-24 17:40:15.521,131.945,48.267692,25.912355,76.491,400.448,114.4,-89.9,0.0,24.0,1.0,0.059758593750000005
3957,2024-11-24 17:40:15.554,131.978,48.267685,25.912379,76.511,400.468,114.7,-90.0,0.0,24.0,1.0,0.05977421875
3958,2024-11-24 17:40:15.590,132.014,48.267685,25.912379,76.511,400.468,114.7,-90.0,0.0,24.0,1.0,0.05977421875
3959,2024-11-24 17:40:15.621,132.045,48.267685,25.912379,76.511,400.468,114.7,-90.0,0.0,24.0,1.0,0.05977421875
3960,2024-11-24 17:40:15.654,132.078,48.267677,25.912403,76.558,400.515,114.7,-89.9,0.0,24.0,1.0,0.05981093750000001
3961,2024-11-24 17:40:15.688,132.112,48.267677,25.912403,76.558,400.515,114.7,-89.9,0.0,24.0,1.0,0.05981093750000001
3962,2024-11-24 17:40:15.721,132.145,48.267677,25.912403,76.558,400.515,114.7,-89.9,0.0,24.0,1.0,0.05981093750000001
3963,2024-11-24 17:40:15.754,132.178,48.26767,25.912426,76.537,400.494,114.7,-89.9,0.0,24.0,1.0,0.059794531250000005
3964,2024-11-24 17:40:15.788,132.212,48.26767,25.912426,76.537,400.494,114.7,-89.9,0.0,24.0,1.0,0.059794531250000005
3965,2024-11-24 17:40:15.821,132.245,48.26767,25.912426,76.537,400.494,114.7,-89.9,0.0,24.0,1.0,0.059794531250000005
3966,2024-11-24 17:40:15.855,132.279,48.267662,25.91245,76.512,400.469,114.7,-90.0,0.0,24.0,1.0,0.059775
3967,2024-11-24 17:40:15.887,132.311,48.267662,25.91245,76.512,400.469,114.7,-90.0,0.0,24.0,1.0,0.059775
3968,2024-11-24 17:40:15.922,132.346,48.267662,25.91245,76.512,400.469,114.7,-90.0,0.0,24.0,1.0,0.059775
3969,2024-11-24 17:40:15.955,132.379,48.267655,25.912474,76.494,400.45,114.7,-90.0,0.0,24.0,1.0,0.0597609375
3970,2024-11-24 17:40:15.989,132.413,48.267655,25.912474,76.494,400.45,114.7,-90.0,0.0,24.0,1.0,0.0597609375
3971,2024-11-24 17:40:16.022,132.446,48.267655,25.912474,76.494,400.45,114.7,-90.0,0.0,24.0,1.0,0.0597609375
3972,2024-11-24 17:40:16.056,132.48,48.267647,25.912497,76.482,400.438,114.7,-89.9,0.0,24.0,1.0,0.0597515625
3973,2024-11-24 17:40:16.088,132.512,48.267647,25.912497,76.482,400.438,114.7,-89.9,0.0,24.0,1.0,0.0597515625
3974,2024-11-24 17:40:16.122,132.546,48.267647,25.912497,76.482,400.438,114.7,-89.9,0.0,24.0,1.0,0.0597515625
3975,2024-11-24 17:40:16.154,132.578,48.26764,25.912521,76.47,400.427,114.7,-90.0,0.0,24.0,1.0,0.0597421875
3976,2024-11-24 17:40:16.188,132.612,48.26764,25.912521,76.47,400.427,114.7,-90.0,0.0,24.0,1.0,0.0597421875
3977,2024-11-24 17:40:16.222,132.646,48.26764,25.912521,76.47,400.427,114.7,-90.0,0.0,24.0,1.0,0.0597421875
3978,2024-11-24 17:40:16.255,132.679,48.267632,25.912546,76.454,400.411,114.7,-89.9,0.0,24.0,1.0,0.05972968749999999
3979,2024-11-24 17:40:16.288,132.712,48.267632,25.912546,76.454,400.411,114.7,-89.9,0.0,24.0,1.0,0.05972968749999999
3980,2024-11-24 17:40:16.322,132.746,48.267632,25.912546,76.454,400.411,114.7,-89.9,0.0,24.0,1.0,0.05972968749999999
3981,2024-11-24 17:40:16.354,132.778,48.267625,25.912569,76.442,400.399,114.7,-90.0,0.0,24.0,1.0,0.05972031249999999
3982,2024-11-24 17:40:16.389,132.813,48.267625,25.912569,76.442,400.399,114.7,-90.0,0.0,24.0,1.0,0.05972031249999999
3983,2024-11-24 17:40:16.422,132.846,48.267625,25.912569,76.442,400.399,114.7,-90.0,0.0,24.0,1.0,0.05972031249999999
3984,2024-11-24 17:40:16.455,132.879,48.267617,25.912592,76.432,400.389,114.7,-89.9,0.0,24.0,1.0,0.059712499999999995
3985,2024-11-24 17:40:16.488,132.912,48.267617,25.912592,76.432,400.389,114.7,-89.9,0.0,24.0,1.0,0.059712499999999995
3986,2024-11-24 17:40:16.522,132.946,48.267617,25.912592,76.432,400.389,114.7,-89.9,0.0,24.0,1.0,0.059712499999999995
3987,2024-11-24 17:40:16.555,132.979,48.267609,25.912616,76.42,400.377,114.7,-89.9,0.0,24.0,1.0,0.059703124999999996
3988,2024-11-24 17:40:16.588,133.012,48.267609,25.912616,76.42,400.377,114.7,-89.9,0.0,24.0,1.0,0.059703124999999996
3989,2024-11-24 17:40:16.622,133.046,48.267609,25.912616,76.42,400.377,114.7,-89.9,0.0,24.0,1.0,0.059703124999999996
3990,2024-11-24 17:40:16.655,133.079,48.267602,25.91264,76.408,400.365,114.7,-90.0,0.0,24.0,1.0,0.05969375
3991,2024-11-24 17:40:16.688,133.112,48.267602,25.91264,76.408,400.365,114.7,-90.0,0.0,24.0,1.0,0.05969375
3992,2024-11-24 17:40:16.721,133.145,48.267602,25.91264,76.408,400.365,114.7,-90.0,0.0,24.0,1.0,0.05969375
3993,2024-11-24 17:40:16.755,133.179,48.267594,25.912665,76.396,400.353,114.7,-90.0,0.0,24.0,1.0,0.059684375
3994,2024-11-24 17:40:16.788,133.212,48.267594,25.912665,76.396,400.353,114.7,-90.0,0.0,24.0,1.0,0.059684375
3995,2024-11-24 17:40:16.822,133.246,48.267594,25.912665,76.396,400.353,114.7,-90.0,0.0,24.0,1.0,0.059684375
3996,2024-11-24 17:40:16.856,133.28,48.267587,25.912689,76.389,400.345,114.7,-89.9,0.0,24.0,1.0,0.05967890624999999
3997,2024-11-24 17:40:16.889,133.313,48.267587,25.912689,76.389,400.345,114.7,-89.9,0.0,24.0,1.0,0.05967890624999999
3998,2024-11-24 17:40:16.922,133.346,48.267587,25.912689,76.389,400.345,114.7,-89.9,0.0,24.0,1.0,0.05967890624999999
3999,2024-11-24 17:40:16.955,133.379,48.267579,25.912713,76.39,400.346,114.7,-90.0,0.0,24.0,1.0,0.0596796875
4000,2024-11-24 17:40:16.990,133.414,48.267579,25.912713,76.39,400.346,114.7,-90.0,0.0,24.0,1.0,0.0596796875
4001,2024-11-24 17:40:17.023,133.447,48.267579,25.912713,76.39,400.346,114.7,-90.0,0.0,24.0,1.0,0.0596796875
4002,2024-11-24 17:40:17.056,133.48,48.267572,25.912737,76.391,400.347,114.8,-89.9,0.0,24.0,1.0,0.05968046875
4003,2024-11-24 17:40:17.088,133.512,48.267572,25.912737,76.391,400.347,114.8,-89.9,0.0,24.0,1.0,0.05968046875
4004,2024-11-24 17:40:17.122,133.546,48.267572,25.912737,76.391,400.347,114.8,-89.9,0.0,24.0,1.0,0.05968046875
4005,2024-11-24 17:40:17.156,133.58,48.267564,25.912761,76.401,400.357,115.0,-89.9,0.0,24.0,1.0,0.059688281249999996
4006,2024-11-24 17:40:17.191,133.615,48.267564,25.912761,76.401,400.357,115.0,-89.9,0.0,24.0,1.0,0.059688281249999996
4007,2024-11-24 17:40:17.223,133.647,48.267564,25.912761,76.401,400.357,115.0,-89.9,0.0,24.0,1.0,0.059688281249999996
4008,2024-11-24 17:40:17.256,133.68,48.267556,25.912786,76.406,400.362,115.1,-89.9,0.0,24.0,1.0,0.05969218750000001
4009,2024-11-24 17:40:17.289,133.713,48.267556,25.912786,76.406,400.362,115.1,-89.9,0.0,24.0,1.0,0.05969218750000001
4010,2024-11-24 17:40:17.323,133.747,48.267556,25.912786,76.406,400.362,115.1,-89.9,0.0,24.0,1.0,0.05969218750000001
4011,2024-11-24 17:40:17.355,133.779,48.267549,25.91281,76.418,400.375,115.1,-89.9,0.0,24.0,1.0,0.059701562500000006
4012,2024-11-24 17:40:17.391,133.815,48.267549,25.91281,76.418,400.375,115.1,-89.9,0.0,24.0,1.0,0.059701562500000006
4013,2024-11-24 17:40:17.423,133.847,48.267549,25.91281,76.418,400.375,115.1,-89.9,0.0,24.0,1.0,0.059701562500000006
4014,2024-11-24 17:40:17.456,133.88,48.267541,25.912834,76.426,400.383,115.1,-90.0,0.0,24.0,1.0,0.059707812500000006
4015,2024-11-24 17:40:17.489,133.913,48.267541,25.912834,76.426,400.383,115.1,-90.0,0.0,24.0,1.0,0.059707812500000006
4016,2024-11-24 17:40:17.523,133.947,48.267541,25.912834,76.426,400.383,115.1,-90.0,0.0,24.0,1.0,0.059707812500000006
4017,2024-11-24 17:40:17.557,133.981,48.267534,25.912858,76.428,400.384,115.1,-90.0,0.0,24.0,1.0,0.059709374999999995
4018,2024-11-24 17:40:17.590,134.014,48.267534,25.912858,76.428,400.384,115.1,-90.0,0.0,24.0,1.0,0.059709374999999995
4019,2024-11-24 17:40:17.623,134.047,48.267534,25.912858,76.428,400.384,115.1,-90.0,0.0,24.0,1.0,0.059709374999999995
4020,2024-11-24 17:40:17.657,134.081,48.267526,25.912883,76.434,400.391,115.1,-90.0,0.0,24.0,1.0,0.0597140625
4021,2024-11-24 17:40:17.689,134.113,48.267526,25.912883,76.434,400.391,115.1,-90.0,0.0,24.0,1.0,0.0597140625
4022,2024-11-24 17:40:17.722,134.146,48.267526,25.912883,76.434,400.391,115.1,-90.0,0.0,24.0,1.0,0.0597140625
4023,2024-11-24 17:40:17.756,134.18,48.267518,25.912907,76.439,400.395,115.1,-89.9,0.0,24.0,1.0,0.059717968749999996
4024,2024-11-24 17:40:17.790,134.214,48.267518,25.912907,76.439,400.395,115.1,-89.9,0.0,24.0,1.0,0.059717968749999996
4025,2024-11-24 17:40:17.823,134.247,48.267518,25.912907,76.439,400.395,115.1,-89.9,0.0,24.0,1.0,0.059717968749999996
4026,2024-11-24 17:40:17.857,134.281,48.267511,25.912931,76.439,400.395,115.1,-90.0,0.0,24.0,1.0,0.059717968749999996
4027,2024-11-24 17:40:17.889,134.313,48.267511,25.912931,76.439,400.395,115.1,-90.0,0.0,24.0,1.0,0.059717968749999996
4028,2024-11-24 17:40:17.923,134.347,48.267511,25.912931,76.439,400.395,115.1,-90.0,0.0,24.0,1.0,0.059717968749999996
4029,2024-11-24 17:40:17.957,134.381,48.267503,25.912955,76.432,400.389,115.1,-89.9,0.0,24.0,1.0,0.059712499999999995
4030,2024-11-24 17:40:17.990,134.414,48.267503,25.912955,76.432,400.389,115.1,-89.9,0.0,24.0,1.0,0.059712499999999995
4031,2024-11-24 17:40:18.023,134.447,48.267503,25.912955,76.432,400.389,115.1,-89.9,0.0,24.0,1.0,0.059712499999999995
4032,2024-11-24 17:40:18.056,134.48,48.267495,25.912979,76.421,400.377,115.1,-90.0,0.0,24.0,1.0,0.05970390625000001
4033,2024-11-24 17:40:18.090,134.514,48.267495,25.912979,76.421,400.377,115.1,-90.0,0.0,24.0,1.0,0.05970390625000001
4034,2024-11-24 17:40:18.123,134.547,48.267495,25.912979,76.421,400.377,115.1,-90.0,0.0,24.0,1.0,0.05970390625000001
4035,2024-11-24 17:40:18.158,134.582,48.267488,25.913003,76.413,400.369,115.1,-90.0,0.0,24.0,1.0,0.059697656249999995
4036,2024-11-24 17:40:18.190,134.614,48.267488,25.913003,76.413,400.369,115.1,-90.0,0.0,24.0,1.0,0.059697656249999995
4037,2024-11-24 17:40:18.223,134.647,48.267488,25.913003,76.413,400.369,115.1,-90.0,0.0,24.0,1.0,0.059697656249999995
4038,2024-11-24 17:40:18.258,134.682,48.26748,25.913028,76.408,400.364,115.1,-89.9,0.0,24.0,1.0,0.05969375
4039,2024-11-24 17:40:18.290,134.714,48.26748,25.913028,76.408,400.364,115.1,-89.9,0.0,24.0,1.0,0.05969375
4040,2024-11-24 17:40:18.323,134.747,48.26748,25.913028,76.408,400.364,115.1,-89.9,0.0,24.0,1.0,0.05969375
4041,2024-11-24 17:40:18.357,134.781,48.267472,25.913052,76.405,400.361,115.5,-90.0,0.0,24.0,1.0,0.05969140625
4042,2024-11-24 17:40:18.390,134.814,48.267472,25.913052,76.405,400.361,115.5,-90.0,0.0,24.0,1.0,0.05969140625
4043,2024-11-24 17:40:18.423,134.847,48.267472,25.913052,76.405,400.361,115.5,-90.0,0.0,24.0,1.0,0.05969140625
4044,2024-11-24 17:40:18.457,134.881,48.267465,25.913077,76.406,400.362,115.7,-90.0,0.0,24.0,1.0,0.05969218750000001
4045,2024-11-24 17:40:18.490,134.914,48.267465,25.913077,76.406,400.362,115.7,-90.0,0.0,24.0,1.0,0.05969218750000001
4046,2024-11-24 17:40:18.524,134.948,48.267465,25.913077,76.406,400.362,115.7,-90.0,0.0,24.0,1.0,0.05969218750000001
4047,2024-11-24 17:40:18.557,134.981,48.267457,25.913101,76.417,400.374,115.7,-89.9,0.0,24.0,1.0,0.05970078125
4048,2024-11-24 17:40:18.591,135.015,48.267457,25.913101,76.417,400.374,115.7,-89.9,0.0,24.0,1.0,0.05970078125
4049,2024-11-24 17:40:18.624,135.048,48.267457,25.913101,76.417,400.374,115.7,-89.9,0.0,24.0,1.0,0.05970078125
4050,2024-11-24 17:40:18.657,135.081,48.267449,25.913126,76.423,400.38,115.7,-90.0,0.0,24.0,1.0,0.059705468750000004
4051,2024-11-24 17:40:18.691,135.115,48.267449,25.913126,76.423,400.38,115.7,-90.0,0.0,24.0,1.0,0.059705468750000004
4052,2024-11-24 17:40:18.724,135.148,48.267449,25.913126,76.423,400.38,115.7,-90.0,0.0,24.0,1.0,0.059705468750000004
4053,2024-11-24 17:40:18.758,135.182,48.267441,25.91315,76.431,400.387,115.7,-90.0,0.0,24.0,1.0,0.059711718750000004
4054,2024-11-24 17:40:18.791,135.215,48.267441,25.91315,76.431,400.387,115.7,-90.0,0.0,24.0,1.0,0.059711718750000004
4055,2024-11-24 17:40:18.824,135.248,48.267441,25.91315,76.431,400.387,115.7,-90.0,0.0,24.0,1.0,0.059711718750000004
4056,2024-11-24 17:40:18.857,135.281,48.267433,25.913174,76.437,400.393,115.7,-90.0,0.0,24.0,1.0,0.05971640624999999
4057,2024-11-24 17:40:18.890,135.314,48.267433,25.913174,76.437,400.393,115.7,-90.0,0.0,24.0,1.0,0.05971640624999999
4058,2024-11-24 17:40:18.924,135.348,48.267433,25.913174,76.437,400.393,115.7,-90.0,0.0,24.0,1.0,0.05971640624999999
4059,2024-11-24 17:40:18.959,135.383,48.267425,25.913199,76.444,400.4,115.7,-89.9,0.0,24.0,1.0,0.059721875
4060,2024-11-24 17:40:18.991,135.415,48.267425,25.913199,76.444,400.4,115.7,-89.9,0.0,24.0,1.0,0.059721875
4061,2024-11-24 17:40:19.006,135.43,48.267425,25.913199,76.444,400.4,115.7,-89.9,0.0,24.0,1.0,0.059721875
4062,2024-11-24 17:40:19.041,135.465,48.267417,25.913223,76.457,400.414,115.7,-89.9,0.0,24.0,1.0,0.05973203125
4063,2024-11-24 17:40:19.072,135.496,48.267417,25.913223,76.457,400.414,115.7,-89.9,0.0,24.0,1.0,0.05973203125
4064,2024-11-24 17:40:19.107,135.531,48.267417,25.913223,76.457,400.414,115.7,-89.9,0.0,24.0,1.0,0.05973203125
4065,2024-11-24 17:40:19.140,135.564,48.267409,25.913247,76.455,400.411,115.7,-89.9,0.0,24.0,1.0,0.05973046875
4066,2024-11-24 17:40:19.175,135.599,48.267409,25.913247,76.455,400.411,115.7,-89.9,0.0,24.0,1.0,0.05973046875
4067,2024-11-24 17:40:19.207,135.631,48.267409,25.913247,76.455,400.411,115.7,-89.9,0.0,24.0,1.0,0.05973046875
4068,2024-11-24 17:40:19.240,135.664,48.267402,25.913272,76.441,400.397,115.7,-89.9,0.0,24.0,1.0,0.05971953125
4069,2024-11-24 17:40:19.272,135.696,48.267402,25.913272,76.441,400.397,115.7,-89.9,0.0,24.0,1.0,0.05971953125
4070,2024-11-24 17:40:19.306,135.73,48.267402,25.913272,76.441,400.397,115.7,-89.9,0.0,24.0,1.0,0.05971953125
4071,2024-11-24 17:40:19.342,135.766,48.267394,25.913296,76.427,400.384,115.7,-90.0,0.0,24.0,1.0,0.059708593750000004
4072,2024-11-24 17:40:19.374,135.798,48.267394,25.913296,76.427,400.384,115.7,-90.0,0.0,24.0,1.0,0.059708593750000004
4073,2024-11-24 17:40:19.406,135.83,48.267394,25.913296,76.427,400.384,115.7,-90.0,0.0,24.0,1.0,0.059708593750000004
4074,2024-11-24 17:40:19.440,135.864,48.267386,25.91332,76.418,400.374,115.7,-90.0,0.0,24.0,1.0,0.059701562500000006
4075,2024-11-24 17:40:19.474,135.898,48.267386,25.91332,76.418,400.374,115.7,-90.0,0.0,24.0,1.0,0.059701562500000006
4076,2024-11-24 17:40:19.506,135.93,48.267386,25.91332,76.418,400.374,115.7,-90.0,0.0,24.0,1.0,0.059701562500000006
4077,2024-11-24 17:40:19.540,135.964,48.267378,25.913345,76.412,400.368,115.7,-90.0,0.0,24.0,1.0,0.059696875
4078,2024-11-24 17:40:19.574,135.998,48.267378,25.913345,76.412,400.368,115.7,-90.0,0.0,24.0,1.0,0.059696875
4079,2024-11-24 17:40:19.606,136.03,48.267378,25.913345,76.412,400.368,115.7,-90.0,0.0,24.0,1.0,0.059696875
4080,2024-11-24 17:40:19.640,136.064,48.26737,25.913369,76.382,400.339,115.7,-90.0,0.0,24.0,1.0,0.0596734375
4081,2024-11-24 17:40:19.673,136.097,48.26737,25.913369,76.382,400.339,115.7,-90.0,0.0,24.0,1.0,0.0596734375
4082,2024-11-24 17:40:19.707,136.131,48.26737,25.913369,76.382,400.339,115.7,-90.0,0.0,24.0,1.0,0.0596734375
4083,2024-11-24 17:40:19.741,136.165,48.267363,25.913394,76.318,400.275,115.7,-90.0,0.0,24.0,1.0,0.0596234375
4084,2024-11-24 17:40:19.773,136.197,48.267363,25.913394,76.318,400.275,115.7,-90.0,0.0,24.0,1.0,0.0596234375
4085,2024-11-24 17:40:19.807,136.231,48.267363,25.913394,76.318,400.275,115.7,-90.0,0.0,24.0,1.0,0.0596234375
4086,2024-11-24 17:40:19.840,136.264,48.267355,25.913418,76.201,400.157,115.7,-90.0,0.0,24.0,1.0,0.05953203124999999
4087,2024-11-24 17:40:19.874,136.298,48.267355,25.913418,76.201,400.157,115.7,-90.0,0.0,24.0,1.0,0.05953203124999999
4088,2024-11-24 17:40:19.907,136.331,48.267355,25.913418,76.201,400.157,115.7,-90.0,0.0,24.0,1.0,0.05953203124999999
4089,2024-11-24 17:40:19.940,136.364,48.267347,25.913441,76.04,399.996,115.7,-89.9,0.0,24.0,1.0,0.05940625
4090,2024-11-24 17:40:19.974,136.398,48.267347,25.913441,76.04,399.996,115.7,-89.9,0.0,24.0,1.0,0.05940625
4091,2024-11-24 17:40:20.006,136.43,48.267347,25.913441,76.04,399.996,115.7,-89.9,0.0,24.0,1.0,0.05940625
4092,2024-11-24 17:40:20.041,136.465,48.26734,25.913465,75.848,399.805,115.7,-90.0,0.0,24.0,1.0,0.059256249999999996
4093,2024-11-24 17:40:20.076,136.5,48.26734,25.913465,75.848,399.805,115.7,-90.0,0.0,24.0,1.0,0.059256249999999996
4094,2024-11-24 17:40:20.107,136.531,48.26734,25.913465,75.848,399.805,115.7,-90.0,0.0,24.0,1.0,0.059256249999999996
4095,2024-11-24 17:40:20.140,136.564,48.267332,25.913489,75.605,399.562,115.7,-90.0,0.0,24.0,1.0,0.05906640625
4096,2024-11-24 17:40:20.174,136.598,48.267332,25.913489,75.605,399.562,115.7,-90.0,0.0,24.0,1.0,0.05906640625
4097,2024-11-24 17:40:20.207,136.631,48.267332,25.913489,75.605,399.562,115.7,-90.0,0.0,24.0,1.0,0.05906640625
4098,2024-11-24 17:40:20.241,136.665,48.267324,25.913514,75.377,399.333,115.7,-90.0,0.0,24.0,1.0,0.058888281249999994
4099,2024-11-24 17:40:20.274,136.698,48.267324,25.913514,75.377,399.333,115.7,-90.0,0.0,24.0,1.0,0.058888281249999994
4100,2024-11-24 17:40:20.307,136.731,48.267324,25.913514,75.377,399.333,115.7,-90.0,0.0,24.0,1.0,0.058888281249999994
4101,2024-11-24 17:40:20.341,136.765,48.267317,25.913537,75.192,399.149,115.7,-90.0,0.0,24.0,1.0,0.05874374999999999
4102,2024-11-24 17:40:20.376,136.8,48.267317,25.913537,75.192,399.149,115.7,-90.0,0.0,24.0,1.0,0.05874374999999999
4103,2024-11-24 17:40:20.407,136.831,48.267317,25.913537,75.192,399.149,115.7,-90.0,0.0,24.0,1.0,0.05874374999999999
4104,2024-11-24 17:40:20.440,136.864,48.267309,25.913562,75.025,398.981,115.7,-89.9,0.0,24.0,1.0,0.05861328125
4105,2024-11-24 17:40:20.474,136.898,48.267309,25.913562,75.025,398.981,115.7,-89.9,0.0,24.0,1.0,0.05861328125
4106,2024-11-24 17:40:20.508,136.932,48.267309,25.913562,75.025,398.981,115.7,-89.9,0.0,24.0,1.0,0.05861328125
4107,2024-11-24 17:40:20.542,136.966,48.267301,25.913586,74.844,398.8,115.7,-89.9,0.0,24.0,1.0,0.05847187499999999
4108,2024-11-24 17:40:20.576,137.0,48.267301,25.913586,74.844,398.8,115.7,-89.9,0.0,24.0,1.0,0.05847187499999999
4109,2024-11-24 17:40:20.608,137.032,48.267301,25.913586,74.844,398.8,115.7,-89.9,0.0,24.0,1.0,0.05847187499999999
4110,2024-11-24 17:40:20.642,137.066,48.267293,25.91361,74.637,398.594,115.7,-89.9,0.0,24.0,1.0,0.05831015625
4111,2024-11-24 17:40:20.675,137.099,48.267293,25.91361,74.637,398.594,115.7,-89.9,0.0,24.0,1.0,0.05831015625
4112,2024-11-24 17:40:20.708,137.132,48.267293,25.91361,74.637,398.594,115.7,-89.9,0.0,24.0,1.0,0.05831015625
4113,2024-11-24 17:40:20.741,137.165,48.267285,25.913635,74.354,398.31,115.7,-89.9,0.0,24.0,1.0,0.058089062500000004
4114,2024-11-24 17:40:20.775,137.199,48.267285,25.913635,74.354,398.31,115.7,-89.9,0.0,24.0,1.0,0.058089062500000004
4115,2024-11-24 17:40:20.808,137.232,48.267285,25.913635,74.354,398.31,115.7,-89.9,0.0,24.0,1.0,0.058089062500000004
4116,2024-11-24 17:40:20.841,137.265,48.267278,25.913658,74.152,398.109,115.7,-90.0,0.0,24.0,1.0,0.057931250000000004
4117,2024-11-24 17:40:20.875,137.299,48.267278,25.913658,74.152,398.109,115.7,-90.0,0.0,24.0,1.0,0.057931250000000004
4118,2024-11-24 17:40:20.908,137.332,48.267278,25.913658,74.152,398.109,115.7,-90.0,0.0,24.0,1.0,0.057931250000000004
4119,2024-11-24 17:40:20.941,137.365,48.26727,25.913682,73.937,397.894,115.7,-90.0,0.0,24.0,1.0,0.05776328124999999
4120,2024-11-24 17:40:20.975,137.399,48.26727,25.913682,73.937,397.894,115.7,-90.0,0.0,24.0,1.0,0.05776328124999999
4121,2024-11-24 17:40:21.008,137.432,48.26727,25.913682,73.937,397.894,115.7,-90.0,0.0,24.0,1.0,0.05776328124999999
4122,2024-11-24 17:40:21.042,137.466,48.267263,25.913705,73.638,397.594,115.7,-90.0,0.0,24.0,1.0,0.0575296875
4123,2024-11-24 17:40:21.075,137.499,48.267263,25.913705,73.638,397.594,115.7,-90.0,0.0,24.0,1.0,0.0575296875
4124,2024-11-24 17:40:21.108,137.532,48.267263,25.913705,73.638,397.594,115.7,-90.0,0.0,24.0,1.0,0.0575296875
4125,2024-11-24 17:40:21.142,137.566,48.267255,25.913728,73.243,397.2,115.7,-90.0,0.0,24.0,1.0,0.05722109374999999
4126,2024-11-24 17:40:21.175,137.599,48.267255,25.913728,73.243,397.2,115.7,-90.0,0.0,24.0,1.0,0.05722109374999999
4127,2024-11-24 17:40:21.209,137.633,48.267255,25.913728,73.243,397.2,115.7,-90.0,0.0,24.0,1.0,0.05722109374999999
4128,2024-11-24 17:40:21.242,137.666,48.267248,25.913752,72.758,396.715,115.7,-90.0,0.0,24.0,1.0,0.0568421875
4129,2024-11-24 17:40:21.275,137.699,48.267248,25.913752,72.758,396.715,115.7,-90.0,0.0,24.0,1.0,0.0568421875
4130,2024-11-24 17:40:21.308,137.732,48.267248,25.913752,72.758,396.715,115.7,-90.0,0.0,24.0,1.0,0.0568421875
4131,2024-11-24 17:40:21.343,137.767,48.267241,25.913775,72.161,396.118,115.7,-89.9,0.0,24.0,1.0,0.05637578125
4132,2024-11-24 17:40:21.375,137.799,48.267241,25.913775,72.161,396.118,115.7,-89.9,0.0,24.0,1.0,0.05637578125
4133,2024-11-24 17:40:21.408,137.832,48.267241,25.913775,72.161,396.118,115.7,-89.9,0.0,24.0,1.0,0.05637578125
4134,2024-11-24 17:40:21.442,137.866,48.267234,25.913798,71.572,395.529,115.7,-89.9,0.0,24.0,1.0,0.055915625000000004
4135,2024-11-24 17:40:21.476,137.9,48.267234,25.913798,71.572,395.529,115.7,-89.9,0.0,24.0,1.0,0.055915625000000004
4136,2024-11-24 17:40:21.509,137.933,48.267234,25.913798,71.572,395.529,115.7,-89.9,0.0,24.0,1.0,0.055915625000000004
4137,2024-11-24 17:40:21.543,137.967,48.267226,25.913821,70.942,394.899,115.7,-90.0,0.0,24.0,1.0,0.05542343749999999
4138,2024-11-24 17:40:21.576,138.0,48.267226,25.913821,70.942,394.899,115.7,-90.0,0.0,24.0,1.0,0.05542343749999999
4139,2024-11-24 17:40:21.609,138.033,48.267226,25.913821,70.942,394.899,115.7,-90.0,0.0,24.0,1.0,0.05542343749999999
4140,2024-11-24 17:40:21.643,138.067,48.267219,25.913844,70.272,394.229,115.7,-90.0,0.0,24.0,1.0,0.05490000000000001
4141,2024-11-24 17:40:21.675,138.099,48.267219,25.913844,70.272,394.229,115.7,-90.0,0.0,24.0,1.0,0.05490000000000001
4142,2024-11-24 17:40:21.709,138.133,48.267219,25.913844,70.272,394.229,115.7,-90.0,0.0,24.0,1.0,0.05490000000000001
4143,2024-11-24 17:40:21.742,138.166,48.267212,25.913867,69.652,393.609,115.7,-90.0,0.0,24.0,1.0,0.054415625
4144,2024-11-24 17:40:21.775,138.199,48.267212,25.913867,69.652,393.609,115.7,-90.0,0.0,24.0,1.0,0.054415625
4145,2024-11-24 17:40:21.809,138.233,48.267212,25.913867,69.652,393.609,115.7,-90.0,0.0,24.0,1.0,0.054415625
4146,2024-11-24 17:40:21.842,138.266,48.267204,25.91389,69.07,393.026,115.7,-90.0,0.0,24.0,1.0,0.05396093749999999
4147,2024-11-24 17:40:21.875,138.299,48.267204,25.91389,69.07,393.026,115.7,-90.0,0.0,24.0,1.0,0.05396093749999999
4148,2024-11-24 17:40:21.909,138.333,48.267204,25.91389,69.07,393.026,115.7,-90.0,0.0,24.0,1.0,0.05396093749999999
4149,2024-11-24 17:40:21.944,138.368,48.267197,25.913914,68.438,392.395,115.7,-90.0,0.0,24.0,1.0,0.053467187500000006
4150,2024-11-24 17:40:21.976,138.4,48.267197,25.913914,68.438,392.395,115.7,-90.0,0.0,24.0,1.0,0.053467187500000006
4151,2024-11-24 17:40:22.011,138.435,48.267197,25.913914,68.438,392.395,115.7,-90.0,0.0,24.0,1.0,0.053467187500000006
4152,2024-11-24 17:40:22.042,138.466,48.267189,25.913937,67.854,391.811,115.7,-90.0,0.0,24.0,1.0,0.0530109375
4153,2024-11-24 17:40:22.076,138.5,48.267189,25.913937,67.854,391.811,115.7,-90.0,0.0,24.0,1.0,0.0530109375
4154,2024-11-24 17:40:22.109,138.533,48.267189,25.913937,67.854,391.811,115.7,-90.0,0.0,24.0,1.0,0.0530109375
4155,2024-11-24 17:40:22.143,138.567,48.267181,25.91396,67.267,391.224,115.7,-90.0,0.0,24.0,1.0,0.052552343749999994
4156,2024-11-24 17:40:22.176,138.6,48.267181,25.91396,67.267,391.224,115.7,-90.0,0.0,24.0,1.0,0.052552343749999994
4157,2024-11-24 17:40:22.208,138.632,48.267181,25.91396,67.267,391.224,115.7,-90.0,0.0,24.0,1.0,0.052552343749999994
4158,2024-11-24 17:40:22.243,138.667,48.267174,25.913984,66.662,390.619,115.7,-90.0,0.0,24.0,1.0,0.052079687500000006
4159,2024-11-24 17:40:22.275,138.699,48.267174,25.913984,66.662,390.619,115.7,-90.0,0.0,24.0,1.0,0.052079687500000006
4160,2024-11-24 17:40:22.309,138.733,48.267174,25.913984,66.662,390.619,115.7,-90.0,0.0,24.0,1.0,0.052079687500000006
4161,2024-11-24 17:40:22.343,138.767,48.267166,25.914007,66.082,390.039,115.7,-90.0,0.0,24.0,1.0,0.051626562499999994
4162,2024-11-24 17:40:22.377,138.801,48.267166,25.914007,66.082,390.039,115.7,-90.0,0.0,24.0,1.0,0.051626562499999994
4163,2024-11-24 17:40:22.409,138.833,48.267166,25.914007,66.082,390.039,115.7,-90.0,0.0,24.0,1.0,0.051626562499999994
4164,2024-11-24 17:40:22.443,138.867,48.267159,25.914031,65.45,389.407,115.7,-89.9,0.0,24.0,1.0,0.051132812500000006
4165,2024-11-24 17:40:22.476,138.9,48.267159,25.914031,65.45,389.407,115.7,-89.9,0.0,24.0,1.0,0.051132812500000006
4166,2024-11-24 17:40:22.510,138.934,48.267159,25.914031,65.45,389.407,115.7,-89.9,0.0,24.0,1.0,0.051132812500000006
4167,2024-11-24 17:40:22.543,138.967,48.267151,25.914055,64.863,388.82,115.7,-89.9,0.0,24.0,1.0,0.05067421875
4168,2024-11-24 17:40:22.577,139.001,48.267151,25.914055,64.863,388.82,115.7,-89.9,0.0,24.0,1.0,0.05067421875
4169,2024-11-24 17:40:22.609,139.033,48.267151,25.914055,64.863,388.82,115.7,-89.9,0.0,24.0,1.0,0.05067421875
4170,2024-11-24 17:40:22.643,139.067,48.267143,25.914079,64.278,388.234,115.7,-90.0,0.0,24.0,1.0,0.0502171875
4171,2024-11-24 17:40:22.676,139.1,48.267143,25.914079,64.278,388.234,115.7,-90.0,0.0,24.0,1.0,0.0502171875
4172,2024-11-24 17:40:22.709,139.133,48.267143,25.914079,64.278,388.234,115.7,-90.0,0.0,24.0,1.0,0.0502171875
4173,2024-11-24 17:40:22.744,139.168,48.267135,25.914103,63.719,387.676,115.7,-90.0,0.0,24.0,1.0,0.04978046875
4174,2024-11-24 17:40:22.776,139.2,48.267135,25.914103,63.719,387.676,115.7,-90.0,0.0,24.0,1.0,0.04978046875
4175,2024-11-24 17:40:22.809,139.233,48.267135,25.914103,63.719,387.676,115.7,-90.0,0.0,24.0,1.0,0.04978046875
4176,2024-11-24 17:40:22.843,139.267,48.267128,25.914127,63.199,387.156,115.7,-89.9,0.0,24.0,1.0,0.04937421875
4177,2024-11-24 17:40:22.878,139.302,48.267128,25.914127,63.199,387.156,115.7,-89.9,0.0,24.0,1.0,0.04937421875
4178,2024-11-24 17:40:22.910,139.334,48.267128,25.914127,63.199,387.156,115.7,-89.9,0.0,24.0,1.0,0.04937421875
4179,2024-11-24 17:40:22.944,139.368,48.26712,25.914152,62.751,386.708,115.7,-89.9,0.0,24.0,1.0,0.049024218749999994
4180,2024-11-24 17:40:22.977,139.401,48.26712,25.914152,62.751,386.708,115.7,-89.9,0.0,24.0,1.0,0.049024218749999994
4181,2024-11-24 17:40:23.009,139.433,48.26712,25.914152,62.751,386.708,115.7,-89.9,0.0,24.0,1.0,0.049024218749999994
4182,2024-11-24 17:40:23.043,139.467,48.267112,25.914177,62.345,386.301,115.7,-89.9,0.0,24.0,1.0,0.04870703125
4183,2024-11-24 17:40:23.077,139.501,48.267112,25.914177,62.345,386.301,115.7,-89.9,0.0,24.0,1.0,0.04870703125
4184,2024-11-24 17:40:23.109,139.533,48.267112,25.914177,62.345,386.301,115.7,-89.9,0.0,24.0,1.0,0.04870703125
4185,2024-11-24 17:40:23.143,139.567,48.267103,25.914203,61.994,385.95,115.7,-90.0,0.0,24.0,1.0,0.0484328125
4186,2024-11-24 17:40:23.176,139.6,48.267103,25.914203,61.994,385.95,115.7,-90.0,0.0,24.0,1.0,0.0484328125
4187,2024-11-24 17:40:23.210,139.634,48.267103,25.914203,61.994,385.95,115.7,-90.0,0.0,24.0,1.0,0.0484328125
4188,2024-11-24 17:40:23.243,139.667,48.267095,25.914228,61.658,385.615,115.7,-90.0,0.0,24.0,1.0,0.0481703125
4189,2024-11-24 17:40:23.277,139.701,48.267095,25.914228,61.658,385.615,115.7,-90.0,0.0,24.0,1.0,0.0481703125
4190,2024-11-24 17:40:23.309,139.733,48.267095,25.914228,61.658,385.615,115.7,-90.0,0.0,24.0,1.0,0.0481703125
4191,2024-11-24 17:40:23.344,139.768,48.267087,25.914254,61.297,385.254,115.6,-90.0,0.0,24.0,1.0,0.04788828125
4192,2024-11-24 17:40:23.377,139.801,48.267087,25.914254,61.297,385.254,115.6,-90.0,0.0,24.0,1.0,0.04788828125
4193,2024-11-24 17:40:23.410,139.834,48.267087,25.914254,61.297,385.254,115.6,-90.0,0.0,24.0,1.0,0.04788828125
4194,2024-11-24 17:40:23.443,139.867,48.267078,25.91428,60.973,384.929,115.7,-89.9,0.0,24.0,1.0,0.04763515625
4195,2024-11-24 17:40:23.478,139.902,48.267078,25.91428,60.973,384.929,115.7,-89.9,0.0,24.0,1.0,0.04763515625
4196,2024-11-24 17:40:23.510,139.934,48.267078,25.91428,60.973,384.929,115.7,-89.9,0.0,24.0,1.0,0.04763515625
4197,2024-11-24 17:40:23.544,139.968,48.26707,25.914306,60.722,384.678,115.7,-90.0,0.0,24.0,1.0,0.0474390625
4198,2024-11-24 17:40:23.577,140.001,48.26707,25.914306,60.722,384.678,115.7,-90.0,0.0,24.0,1.0,0.0474390625
4199,2024-11-24 17:40:23.611,140.035,48.26707,25.914306,60.722,384.678,115.7,-90.0,0.0,24.0,1.0,0.0474390625
4200,2024-11-24 17:40:23.644,140.068,48.267062,25.914332,60.764,384.72,115.7,-89.9,0.0,24.0,1.0,0.047471875000000004
4201,2024-11-24 17:40:23.677,140.101,48.267062,25.914332,60.764,384.72,115.7,-89.9,0.0,24.0,1.0,0.047471875000000004
4202,2024-11-24 17:40:23.710,140.134,48.267062,25.914332,60.764,384.72,115.7,-89.9,0.0,24.0,1.0,0.047471875000000004
4203,2024-11-24 17:40:23.744,140.168,48.267053,25.914357,60.785,384.741,115.7,-89.9,0.0,24.0,1.0,0.04748828125
4204,2024-11-24 17:40:23.778,140.202,48.267053,25.914357,60.785,384.741,115.7,-89.9,0.0,24.0,1.0,0.04748828125
4205,2024-11-24 17:40:23.812,140.236,48.267053,25.914357,60.785,384.741,115.7,-89.9,0.0,24.0,1.0,0.04748828125
4206,2024-11-24 17:40:23.844,140.268,48.267045,25.914383,60.823,384.779,115.7,-89.9,0.0,24.0,1.0,0.04751796875
4207,2024-11-24 17:40:23.877,140.301,48.267045,25.914383,60.823,384.779,115.7,-89.9,0.0,24.0,1.0,0.04751796875
4208,2024-11-24 17:40:23.911,140.335,48.267045,25.914383,60.823,384.779,115.7,-89.9,0.0,24.0,1.0,0.04751796875
4209,2024-11-24 17:40:23.945,140.369,48.267036,25.914408,60.849,384.805,115.7,-89.9,0.0,24.0,1.0,0.04753828125
4210,2024-11-24 17:40:23.978,140.402,48.267036,25.914408,60.849,384.805,115.7,-89.9,0.0,24.0,1.0,0.04753828125
4211,2024-11-24 17:40:24.010,140.434,48.267036,25.914408,60.849,384.805,115.7,-89.9,0.0,24.0,1.0,0.04753828125
4212,2024-11-24 17:40:24.045,140.469,48.267028,25.914434,60.849,384.806,115.7,-89.9,0.0,24.0,1.0,0.04753828125
4213,2024-11-24 17:40:24.077,140.501,48.267028,25.914434,60.849,384.806,115.7,-89.9,0.0,24.0,1.0,0.04753828125
4214,2024-11-24 17:40:24.110,140.534,48.267028,25.914434,60.849,384.806,115.7,-89.9,0.0,24.0,1.0,0.04753828125
4215,2024-11-24 17:40:24.146,140.57,48.26702,25.914459,60.85,384.806,115.7,-89.9,0.0,24.0,1.0,0.0475390625
4216,2024-11-24 17:40:24.178,140.602,48.26702,25.914459,60.85,384.806,115.7,-89.9,0.0,24.0,1.0,0.0475390625
4217,2024-11-24 17:40:24.211,140.635,48.26702,25.914459,60.85,384.806,115.7,-89.9,0.0,24.0,1.0,0.0475390625
4218,2024-11-24 17:40:24.246,140.67,48.267012,25.914484,60.854,384.811,115.7,-90.0,0.0,24.0,1.0,0.047542187500000006
4219,2024-11-24 17:40:24.278,140.702,48.267012,25.914484,60.854,384.811,115.7,-90.0,0.0,24.0,1.0,0.047542187500000006
4220,2024-11-24 17:40:24.311,140.735,48.267012,25.914484,60.854,384.811,115.7,-90.0,0.0,24.0,1.0,0.047542187500000006
4221,2024-11-24 17:40:24.346,140.77,48.267004,25.914509,60.861,384.817,115.7,-90.0,0.0,24.0,1.0,0.04754765625
4222,2024-11-24 17:40:24.377,140.801,48.267004,25.914509,60.861,384.817,115.7,-90.0,0.0,24.0,1.0,0.04754765625
4223,2024-11-24 17:40:24.413,140.837,48.267004,25.914509,60.861,384.817,115.7,-90.0,0.0,24.0,1.0,0.04754765625
4224,2024-11-24 17:40:24.445,140.869,48.266996,25.914534,60.866,384.822,115.7,-90.0,0.0,24.0,1.0,0.047551562500000005
4225,2024-11-24 17:40:24.478,140.902,48.266996,25.914534,60.866,384.822,115.7,-90.0,0.0,24.0,1.0,0.047551562500000005
4226,2024-11-24 17:40:24.511,140.935,48.266996,25.914534,60.866,384.822,115.7,-90.0,0.0,24.0,1.0,0.047551562500000005
4227,2024-11-24 17:40:24.545,140.969,48.266988,25.91456,60.875,384.832,115.7,-90.0,0.0,24.0,1.0,0.04755859375
4228,2024-11-24 17:40:24.578,141.002,48.266988,25.91456,60.875,384.832,115.7,-90.0,0.0,24.0,1.0,0.04755859375
4229,2024-11-24 17:40:24.611,141.035,48.266988,25.91456,60.875,384.832,115.7,-90.0,0.0,24.0,1.0,0.04755859375
4230,2024-11-24 17:40:24.645,141.069,48.26698,25.914585,60.884,384.84,115.7,-90.0,0.0,24.0,1.0,0.04756562499999999
4231,2024-11-24 17:40:24.678,141.102,48.26698,25.914585,60.884,384.84,115.7,-90.0,0.0,24.0,1.0,0.04756562499999999
4232,2024-11-24 17:40:24.711,141.135,48.26698,25.914585,60.884,384.84,115.7,-90.0,0.0,24.0,1.0,0.04756562499999999
4233,2024-11-24 17:40:24.745,141.169,48.266972,25.91461,60.892,384.849,115.7,-90.0,0.0,24.0,1.0,0.047571875000000007
4234,2024-11-24 17:40:24.778,141.202,48.266972,25.91461,60.892,384.849,115.7,-90.0,0.0,24.0,1.0,0.047571875000000007
4235,2024-11-24 17:40:24.813,141.237,48.266972,25.91461,60.892,384.849,115.7,-90.0,0.0,24.0,1.0,0.047571875000000007
4236,2024-11-24 17:40:24.846,141.27,48.266964,25.914635,60.897,384.853,115.7,-90.0,0.0,24.0,1.0,0.04757578125
4237,2024-11-24 17:40:24.879,141.303,48.266964,25.914635,60.897,384.853,115.7,-90.0,0.0,24.0,1.0,0.04757578125
4238,2024-11-24 17:40:24.912,141.336,48.266964,25.914635,60.897,384.853,115.7,-90.0,0.0,24.0,1.0,0.04757578125
4239,2024-11-24 17:40:24.946,141.37,48.266956,25.91466,60.899,384.856,115.7,-90.0,0.0,24.0,1.0,0.04757734375
4240,2024-11-24 17:40:24.979,141.403,48.266956,25.91466,60.899,384.856,115.7,-90.0,0.0,24.0,1.0,0.04757734375
4241,2024-11-24 17:40:25.013,141.437,48.266956,25.91466,60.899,384.856,115.7,-90.0,0.0,24.0,1.0,0.04757734375
4242,2024-11-24 17:40:25.045,141.469,48.266948,25.914685,60.899,384.855,115.6,-90.0,0.0,24.0,1.0,0.04757734375
4243,2024-11-24 17:40:25.078,141.502,48.266948,25.914685,60.899,384.855,115.6,-90.0,0.0,24.0,1.0,0.04757734375
4244,2024-11-24 17:40:25.112,141.536,48.266948,25.914685,60.899,384.855,115.6,-90.0,0.0,24.0,1.0,0.04757734375
4245,2024-11-24 17:40:25.146,141.57,48.26694,25.91471,60.902,384.858,115.7,-90.0,0.0,24.0,1.0,0.0475796875
4246,2024-11-24 17:40:25.179,141.603,48.26694,25.91471,60.902,384.858,115.7,-90.0,0.0,24.0,1.0,0.0475796875
4247,2024-11-24 17:40:25.212,141.636,48.26694,25.91471,60.902,384.858,115.7,-90.0,0.0,24.0,1.0,0.0475796875
4248,2024-11-24 17:40:25.245,141.669,48.266932,25.914736,60.911,384.867,115.7,-90.0,0.0,24.0,1.0,0.04758671875
4249,2024-11-24 17:40:25.278,141.702,48.266932,25.914736,60.911,384.867,115.7,-90.0,0.0,24.0,1.0,0.04758671875
4250,2024-11-24 17:40:25.312,141.736,48.266932,25.914736,60.911,384.867,115.7,-90.0,0.0,24.0,1.0,0.04758671875
4251,2024-11-24 17:40:25.346,141.77,48.266924,25.914761,60.911,384.867,115.7,-89.9,0.0,24.0,1.0,0.04758671875
4252,2024-11-24 17:40:25.378,141.802,48.266924,25.914761,60.911,384.867,115.7,-89.9,0.0,24.0,1.0,0.04758671875
4253,2024-11-24 17:40:25.411,141.835,48.266924,25.914761,60.911,384.867,115.7,-89.9,0.0,24.0,1.0,0.04758671875
4254,2024-11-24 17:40:25.445,141.869,48.266916,25.914786,60.915,384.871,115.7,-89.9,0.0,24.0,1.0,0.04758984375
4255,2024-11-24 17:40:25.478,141.902,48.266916,25.914786,60.915,384.871,115.7,-89.9,0.0,24.0,1.0,0.04758984375
4256,2024-11-24 17:40:25.512,141.936,48.266916,25.914786,60.915,384.871,115.7,-89.9,0.0,24.0,1.0,0.04758984375
4257,2024-11-24 17:40:25.546,141.97,48.266908,25.914811,60.906,384.862,115.7,-89.9,0.0,24.0,1.0,0.047582812499999995
4258,2024-11-24 17:40:25.579,142.003,48.266908,25.914811,60.906,384.862,115.7,-89.9,0.0,24.0,1.0,0.047582812499999995
4259,2024-11-24 17:40:25.612,142.036,48.266908,25.914811,60.906,384.862,115.7,-89.9,0.0,24.0,1.0,0.047582812499999995
4260,2024-11-24 17:40:25.646,142.07,48.2669,25.914836,60.903,384.86,115.7,-90.0,0.0,24.0,1.0,0.04758046875
4261,2024-11-24 17:40:25.678,142.102,48.2669,25.914836,60.903,384.86,115.7,-90.0,0.0,24.0,1.0,0.04758046875
4262,2024-11-24 17:40:25.712,142.136,48.2669,25.914836,60.903,384.86,115.7,-90.0,0.0,24.0,1.0,0.04758046875
4263,2024-11-24 17:40:25.746,142.17,48.266892,25.914861,60.906,384.863,115.7,-90.0,0.0,24.0,1.0,0.047582812499999995
4264,2024-11-24 17:40:25.780,142.204,48.266892,25.914861,60.906,384.863,115.7,-90.0,0.0,24.0,1.0,0.047582812499999995
4265,2024-11-24 17:40:25.813,142.237,48.266892,25.914861,60.906,384.863,115.7,-90.0,0.0,24.0,1.0,0.047582812499999995
4266,2024-11-24 17:40:25.846,142.27,48.266884,25.914886,60.903,384.86,115.7,-89.9,0.0,24.0,1.0,0.04758046875
4267,2024-11-24 17:40:25.879,142.303,48.266884,25.914886,60.903,384.86,115.7,-89.9,0.0,24.0,1.0,0.04758046875
4268,2024-11-24 17:40:25.912,142.336,48.266884,25.914886,60.903,384.86,115.7,-89.9,0.0,24.0,1.0,0.04758046875
4269,2024-11-24 17:40:25.946,142.37,48.266876,25.914911,60.903,384.859,115.7,-90.0,0.0,24.0,1.0,0.04758046875
4270,2024-11-24 17:40:25.979,142.403,48.266876,25.914911,60.903,384.859,115.7,-90.0,0.0,24.0,1.0,0.04758046875
4271,2024-11-24 17:40:26.014,142.438,48.266876,25.914911,60.903,384.859,115.7,-90.0,0.0,24.0,1.0,0.04758046875
4272,2024-11-24 17:40:26.047,142.471,48.266868,25.914937,60.898,384.854,115.7,-90.0,0.0,24.0,1.0,0.0475765625
4273,2024-11-24 17:40:26.080,142.504,48.266868,25.914937,60.898,384.854,115.7,-90.0,0.0,24.0,1.0,0.0475765625
4274,2024-11-24 17:40:26.112,142.536,48.266868,25.914937,60.898,384.854,115.7,-90.0,0.0,24.0,1.0,0.0475765625
4275,2024-11-24 17:40:26.146,142.57,48.26686,25.914962,60.888,384.845,115.7,-89.9,0.0,24.0,1.0,0.04756875
4276,2024-11-24 17:40:26.179,142.603,48.26686,25.914962,60.888,384.845,115.7,-89.9,0.0,24.0,1.0,0.04756875
4277,2024-11-24 17:40:26.213,142.637,48.26686,25.914962,60.888,384.845,115.7,-89.9,0.0,24.0,1.0,0.04756875
4278,2024-11-24 17:40:26.246,142.67,48.266851,25.914988,60.868,384.825,115.7,-89.9,0.0,24.0,1.0,0.047553125
4279,2024-11-24 17:40:26.280,142.704,48.266851,25.914988,60.868,384.825,115.7,-89.9,0.0,24.0,1.0,0.047553125
4280,2024-11-24 17:40:26.312,142.736,48.266851,25.914988,60.868,384.825,115.7,-89.9,0.0,24.0,1.0,0.047553125
4281,2024-11-24 17:40:26.346,142.77,48.266843,25.915012,60.848,384.805,115.7,-90.0,0.0,24.0,1.0,0.047537499999999996
4282,2024-11-24 17:40:26.380,142.804,48.266843,25.915012,60.848,384.805,115.7,-90.0,0.0,24.0,1.0,0.047537499999999996
4283,2024-11-24 17:40:26.414,142.838,48.266843,25.915012,60.848,384.805,115.7,-90.0,0.0,24.0,1.0,0.047537499999999996
4284,2024-11-24 17:40:26.446,142.87,48.266835,25.915037,60.817,384.773,115.7,-89.9,0.0,24.0,1.0,0.04751328125
4285,2024-11-24 17:40:26.479,142.903,48.266835,25.915037,60.817,384.773,115.7,-89.9,0.0,24.0,1.0,0.04751328125
4286,2024-11-24 17:40:26.513,142.937,48.266835,25.915037,60.817,384.773,115.7,-89.9,0.0,24.0,1.0,0.04751328125
4287,2024-11-24 17:40:26.546,142.97,48.266827,25.915062,60.787,384.744,115.7,-90.0,0.0,24.0,1.0,0.047489843749999996
4288,2024-11-24 17:40:26.580,143.004,48.266827,25.915062,60.787,384.744,115.7,-90.0,0.0,24.0,1.0,0.047489843749999996
4289,2024-11-24 17:40:26.614,143.038,48.266827,25.915062,60.787,384.744,115.7,-90.0,0.0,24.0,1.0,0.047489843749999996
4290,2024-11-24 17:40:26.646,143.07,48.266819,25.915086,60.76,384.717,115.7,-90.0,0.0,24.0,1.0,0.04746875
4291,2024-11-24 17:40:26.680,143.104,48.266819,25.915086,60.76,384.717,115.7,-90.0,0.0,24.0,1.0,0.04746875
4292,2024-11-24 17:40:26.712,143.136,48.266819,25.915086,60.76,384.717,115.7,-90.0,0.0,24.0,1.0,0.04746875
4293,2024-11-24 17:40:26.747,143.171,48.266811,25.915111,60.745,384.701,115.7,-90.0,0.0,24.0,1.0,0.04745703125
4294,2024-11-24 17:40:26.780,143.204,48.266811,25.915111,60.745,384.701,115.7,-90.0,0.0,24.0,1.0,0.04745703125
4295,2024-11-24 17:40:26.814,143.238,48.266811,25.915111,60.745,384.701,115.7,-90.0,0.0,24.0,1.0,0.04745703125
4296,2024-11-24 17:40:26.846,143.27,48.266803,25.915136,60.754,384.71,115.7,-89.9,0.0,24.0,1.0,0.0474640625
4297,2024-11-24 17:40:26.880,143.304,48.266803,25.915136,60.754,384.71,115.7,-89.9,0.0,24.0,1.0,0.0474640625
4298,2024-11-24 17:40:26.915,143.339,48.266803,25.915136,60.754,384.71,115.7,-89.9,0.0,24.0,1.0,0.0474640625
4299,2024-11-24 17:40:26.947,143.371,48.266795,25.915161,60.871,384.827,115.7,-90.0,0.0,24.0,1.0,0.04755546875
4300,2024-11-24 17:40:26.980,143.404,48.266795,25.915161,60.871,384.827,115.7,-90.0,0.0,24.0,1.0,0.04755546875
4301,2024-11-24 17:40:27.014,143.438,48.266795,25.915161,60.871,384.827,115.7,-90.0,0.0,24.0,1.0,0.04755546875
4302,2024-11-24 17:40:27.047,143.471,48.266787,25.915186,60.973,384.93,115.7,-89.9,0.0,24.0,1.0,0.04763515625
4303,2024-11-24 17:40:27.080,143.504,48.266787,25.915186,60.973,384.93,115.7,-89.9,0.0,24.0,1.0,0.04763515625
4304,2024-11-24 17:40:27.113,143.537,48.266787,25.915186,60.973,384.93,115.7,-89.9,0.0,24.0,1.0,0.04763515625
4305,2024-11-24 17:40:27.147,143.571,48.266779,25.91521,61.058,385.014,115.7,-89.9,0.0,24.0,1.0,0.0477015625
4306,2024-11-24 17:40:27.180,143.604,48.266779,25.91521,61.058,385.014,115.7,-89.9,0.0,24.0,1.0,0.0477015625
4307,2024-11-24 17:40:27.214,143.638,48.266779,25.91521,61.058,385.014,115.7,-89.9,0.0,24.0,1.0,0.0477015625
4308,2024-11-24 17:40:27.247,143.671,48.266772,25.915234,61.066,385.023,115.6,-89.9,0.0,24.0,1.0,0.0477078125
4309,2024-11-24 17:40:27.280,143.704,48.266772,25.915234,61.066,385.023,115.6,-89.9,0.0,24.0,1.0,0.0477078125
4310,2024-11-24 17:40:27.314,143.738,48.266772,25.915234,61.066,385.023,115.6,-89.9,0.0,24.0,1.0,0.0477078125
4311,2024-11-24 17:40:27.348,143.772,48.266764,25.915259,61.07,385.027,115.7,-89.9,0.0,24.0,1.0,0.0477109375
4312,2024-11-24 17:40:27.380,143.804,48.266764,25.915259,61.07,385.027,115.7,-89.9,0.0,24.0,1.0,0.0477109375
4313,2024-11-24 17:40:27.414,143.838,48.266764,25.915259,61.07,385.027,115.7,-89.9,0.0,24.0,1.0,0.0477109375
4314,2024-11-24 17:40:27.447,143.871,48.266756,25.915283,61.062,385.018,115.7,-90.0,0.0,24.0,1.0,0.047704687499999995
4315,2024-11-24 17:40:27.480,143.904,48.266756,25.915283,61.062,385.018,115.7,-90.0,0.0,24.0,1.0,0.047704687499999995
4316,2024-11-24 17:40:27.514,143.938,48.266756,25.915283,61.062,385.018,115.7,-90.0,0.0,24.0,1.0,0.047704687499999995
4317,2024-11-24 17:40:27.548,143.972,48.266748,25.915307,61.052,385.009,115.7,-89.9,0.0,24.0,1.0,0.047696875
4318,2024-11-24 17:40:27.582,144.006,48.266748,25.915307,61.052,385.009,115.7,-89.9,0.0,24.0,1.0,0.047696875
4319,2024-11-24 17:40:27.615,144.039,48.266748,25.915307,61.052,385.009,115.7,-89.9,0.0,24.0,1.0,0.047696875
4320,2024-11-24 17:40:27.648,144.072,48.266741,25.915331,61.048,385.004,115.7,-89.9,0.0,24.0,1.0,0.04769375
4321,2024-11-24 17:40:27.681,144.105,48.266741,25.915331,61.048,385.004,115.7,-89.9,0.0,24.0,1.0,0.04769375
4322,2024-11-24 17:40:27.714,144.138,48.266741,25.915331,61.048,385.004,115.7,-89.9,0.0,24.0,1.0,0.04769375
4323,2024-11-24 17:40:27.747,144.171,48.266733,25.915355,61.034,384.99,115.7,-89.9,0.0,24.0,1.0,0.0476828125
4324,2024-11-24 17:40:27.780,144.204,48.266733,25.915355,61.034,384.99,115.7,-89.9,0.0,24.0,1.0,0.0476828125
4325,2024-11-24 17:40:27.814,144.238,48.266733,25.915355,61.034,384.99,115.7,-89.9,0.0,24.0,1.0,0.0476828125
4326,2024-11-24 17:40:27.848,144.272,48.266725,25.915378,61.024,384.98,115.7,-89.9,0.0,24.0,1.0,0.047675
4327,2024-11-24 17:40:27.881,144.305,48.266725,25.915378,61.024,384.98,115.7,-89.9,0.0,24.0,1.0,0.047675
4328,2024-11-24 17:40:27.914,144.338,48.266725,25.915378,61.024,384.98,115.7,-89.9,0.0,24.0,1.0,0.047675
4329,2024-11-24 17:40:27.949,144.373,48.266718,25.915402,61.013,384.969,115.7,-90.0,0.0,24.0,1.0,0.047666406249999994
4330,2024-11-24 17:40:27.981,144.405,48.266718,25.915402,61.013,384.969,115.7,-90.0,0.0,24.0,1.0,0.047666406249999994
4331,2024-11-24 17:40:28.015,144.439,48.266718,25.915402,61.013,384.969,115.7,-90.0,0.0,24.0,1.0,0.047666406249999994
4332,2024-11-24 17:40:28.048,144.472,48.26671,25.915426,60.999,384.956,115.7,-89.9,0.0,24.0,1.0,0.047655468750000006
4333,2024-11-24 17:40:28.081,144.505,48.26671,25.915426,60.999,384.956,115.7,-89.9,0.0,24.0,1.0,0.047655468750000006
4334,2024-11-24 17:40:28.115,144.539,48.26671,25.915426,60.999,384.956,115.7,-89.9,0.0,24.0,1.0,0.047655468750000006
4335,2024-11-24 17:40:28.147,144.571,48.266702,25.915449,60.987,384.943,115.7,-89.9,0.0,24.0,1.0,0.04764609375
4336,2024-11-24 17:40:28.181,144.605,48.266702,25.915449,60.987,384.943,115.7,-89.9,0.0,24.0,1.0,0.04764609375
4337,2024-11-24 17:40:28.215,144.639,48.266702,25.915449,60.987,384.943,115.7,-89.9,0.0,24.0,1.0,0.04764609375
4338,2024-11-24 17:40:28.248,144.672,48.266695,25.915473,60.975,384.932,115.7,-89.9,0.0,24.0,1.0,0.04763671875
4339,2024-11-24 17:40:28.281,144.705,48.266695,25.915473,60.975,384.932,115.7,-89.9,0.0,24.0,1.0,0.04763671875
4340,2024-11-24 17:40:28.315,144.739,48.266695,25.915473,60.975,384.932,115.7,-89.9,0.0,24.0,1.0,0.04763671875
4341,2024-11-24 17:40:28.348,144.772,48.266687,25.915497,60.963,384.92,115.7,-90.0,0.0,24.0,1.0,0.04762734375
4342,2024-11-24 17:40:28.381,144.805,48.266687,25.915497,60.963,384.92,115.7,-90.0,0.0,24.0,1.0,0.04762734375
4343,2024-11-24 17:40:28.415,144.839,48.266687,25.915497,60.963,384.92,115.7,-90.0,0.0,24.0,1.0,0.04762734375
4344,2024-11-24 17:40:28.449,144.873,48.26668,25.91552,60.955,384.911,115.7,-90.0,0.0,24.0,1.0,0.04762109375
4345,2024-11-24 17:40:28.481,144.905,48.26668,25.91552,60.955,384.911,115.7,-90.0,0.0,24.0,1.0,0.04762109375
4346,2024-11-24 17:40:28.515,144.939,48.26668,25.91552,60.955,384.911,115.7,-90.0,0.0,24.0,1.0,0.04762109375
4347,2024-11-24 17:40:28.548,144.972,48.266672,25.915543,60.946,384.903,115.7,-90.0,0.0,24.0,1.0,0.0476140625
4348,2024-11-24 17:40:28.581,145.005,48.266672,25.915543,60.946,384.903,115.7,-90.0,0.0,24.0,1.0,0.0476140625
4349,2024-11-24 17:40:28.615,145.039,48.266672,25.915543,60.946,384.903,115.7,-90.0,0.0,24.0,1.0,0.0476140625
4350,2024-11-24 17:40:28.648,145.072,48.266665,25.915567,60.933,384.89,115.7,-90.0,0.0,24.0,1.0,0.04760390625
4351,2024-11-24 17:40:28.683,145.107,48.266665,25.915567,60.933,384.89,115.7,-90.0,0.0,24.0,1.0,0.04760390625
4352,2024-11-24 17:40:28.716,145.14,48.266665,25.915567,60.933,384.89,115.7,-90.0,0.0,24.0,1.0,0.04760390625
4353,2024-11-24 17:40:28.748,145.172,48.266658,25.91559,60.926,384.882,115.7,-90.0,0.0,24.0,1.0,0.04759843750000001
4354,2024-11-24 17:40:28.782,145.206,48.266658,25.91559,60.926,384.882,115.7,-90.0,0.0,24.0,1.0,0.04759843750000001
4355,2024-11-24 17:40:28.816,145.24,48.266658,25.91559,60.926,384.882,115.7,-90.0,0.0,24.0,1.0,0.04759843750000001
4356,2024-11-24 17:40:28.848,145.272,48.26665,25.915614,60.918,384.875,115.7,-90.0,0.0,24.0,1.0,0.0475921875
4357,2024-11-24 17:40:28.882,145.306,48.26665,25.915614,60.918,384.875,115.7,-90.0,0.0,24.0,1.0,0.0475921875
4358,2024-11-24 17:40:28.915,145.339,48.26665,25.915614,60.918,384.875,115.7,-90.0,0.0,24.0,1.0,0.0475921875
4359,2024-11-24 17:40:28.949,145.373,48.266643,25.915637,60.908,384.864,115.7,-89.9,0.0,24.0,1.0,0.047584375
4360,2024-11-24 17:40:28.981,145.405,48.266643,25.915637,60.908,384.864,115.7,-89.9,0.0,24.0,1.0,0.047584375
4361,2024-11-24 17:40:29.015,145.439,48.266643,25.915637,60.908,384.864,115.7,-89.9,0.0,24.0,1.0,0.047584375
4362,2024-11-24 17:40:29.049,145.473,48.266635,25.915661,60.899,384.856,115.7,-90.0,0.0,24.0,1.0,0.04757734375
4363,2024-11-24 17:40:29.082,145.506,48.266635,25.915661,60.899,384.856,115.7,-90.0,0.0,24.0,1.0,0.04757734375
4364,2024-11-24 17:40:29.115,145.539,48.266635,25.915661,60.899,384.856,115.7,-90.0,0.0,24.0,1.0,0.04757734375
4365,2024-11-24 17:40:29.149,145.573,48.266628,25.915684,60.893,384.85,115.7,-90.0,0.0,24.0,1.0,0.04757265625
4366,2024-11-24 17:40:29.182,145.606,48.266628,25.915684,60.893,384.85,115.7,-90.0,0.0,24.0,1.0,0.04757265625
4367,2024-11-24 17:40:29.216,145.64,48.266628,25.915684,60.893,384.85,115.7,-90.0,0.0,24.0,1.0,0.04757265625
4368,2024-11-24 17:40:29.249,145.673,48.26662,25.915707,60.889,384.846,115.7,-89.9,0.0,24.0,1.0,0.04756953125
4369,2024-11-24 17:40:29.283,145.707,48.26662,25.915707,60.889,384.846,115.7,-89.9,0.0,24.0,1.0,0.04756953125
4370,2024-11-24 17:40:29.315,145.739,48.26662,25.915707,60.889,384.846,115.7,-89.9,0.0,24.0,1.0,0.04756953125
4371,2024-11-24 17:40:29.348,145.772,48.266613,25.915731,60.882,384.839,115.7,-90.0,0.0,24.0,1.0,0.0475640625
4372,2024-11-24 17:40:29.382,145.806,48.266613,25.915731,60.882,384.839,115.7,-90.0,0.0,24.0,1.0,0.0475640625
4373,2024-11-24 17:40:29.416,145.84,48.266613,25.915731,60.882,384.839,115.7,-90.0,0.0,24.0,1.0,0.0475640625
4374,2024-11-24 17:40:29.448,145.872,48.266606,25.915754,60.88,384.837,115.7,-90.0,0.0,24.0,1.0,0.0475625
4375,2024-11-24 17:40:29.482,145.906,48.266606,25.915754,60.88,384.837,115.7,-90.0,0.0,24.0,1.0,0.0475625
4376,2024-11-24 17:40:29.515,145.939,48.266606,25.915754,60.88,384.837,115.7,-90.0,0.0,24.0,1.0,0.0475625
4377,2024-11-24 17:40:29.548,145.972,48.266598,25.915777,60.878,384.835,115.7,-89.9,0.0,24.0,1.0,0.047560937500000004
4378,2024-11-24 17:40:29.582,146.006,48.266598,25.915777,60.878,384.835,115.7,-89.9,0.0,24.0,1.0,0.047560937500000004
4379,2024-11-24 17:40:29.616,146.04,48.266598,25.915777,60.878,384.835,115.7,-89.9,0.0,24.0,1.0,0.047560937500000004
4380,2024-11-24 17:40:29.649,146.073,48.266591,25.915801,60.875,384.832,115.7,-89.9,0.0,24.0,1.0,0.04755859375
4381,2024-11-24 17:40:29.683,146.107,48.266591,25.915801,60.875,384.832,115.7,-89.9,0.0,24.0,1.0,0.04755859375
4382,2024-11-24 17:40:29.716,146.14,48.266591,25.915801,60.875,384.832,115.7,-89.9,0.0,24.0,1.0,0.04755859375
4383,2024-11-24 17:40:29.749,146.173,48.266583,25.915824,60.87,384.827,115.7,-89.9,0.0,24.0,1.0,0.0475546875
4384,2024-11-24 17:40:29.784,146.208,48.266583,25.915824,60.87,384.827,115.7,-89.9,0.0,24.0,1.0,0.0475546875
4385,2024-11-24 17:40:29.816,146.24,48.266583,25.915824,60.87,384.827,115.7,-89.9,0.0,24.0,1.0,0.0475546875
4386,2024-11-24 17:40:29.850,146.274,48.266576,25.915847,60.864,384.82,115.7,-89.9,0.0,24.0,1.0,0.047549999999999995
4387,2024-11-24 17:40:29.883,146.307,48.266576,25.915847,60.864,384.82,115.7,-89.9,0.0,24.0,1.0,0.047549999999999995
4388,2024-11-24 17:40:29.916,146.34,48.266576,25.915847,60.864,384.82,115.7,-89.9,0.0,24.0,1.0,0.047549999999999995
4389,2024-11-24 17:40:29.949,146.373,48.266568,25.915871,60.864,384.821,115.7,-89.9,0.0,24.0,1.0,0.047549999999999995
4390,2024-11-24 17:40:29.983,146.407,48.266568,25.915871,60.864,384.821,115.7,-89.9,0.0,24.0,1.0,0.047549999999999995
4391,2024-11-24 17:40:30.017,146.441,48.266568,25.915871,60.864,384.821,115.7,-89.9,0.0,24.0,1.0,0.047549999999999995
4392,2024-11-24 17:40:30.049,146.473,48.266561,25.915894,60.86,384.816,115.7,-90.0,0.0,24.0,1.0,0.047546874999999995
4393,2024-11-24 17:40:30.083,146.507,48.266561,25.915894,60.86,384.816,115.7,-90.0,0.0,24.0,1.0,0.047546874999999995
4394,2024-11-24 17:40:30.116,146.54,48.266561,25.915894,60.86,384.816,115.7,-90.0,0.0,24.0,1.0,0.047546874999999995
4395,2024-11-24 17:40:30.149,146.573,48.266553,25.915918,60.857,384.814,115.7,-89.9,0.0,24.0,1.0,0.04754453125
4396,2024-11-24 17:40:30.183,146.607,48.266553,25.915918,60.857,384.814,115.7,-89.9,0.0,24.0,1.0,0.04754453125
4397,2024-11-24 17:40:30.217,146.641,48.266553,25.915918,60.857,384.814,115.7,-89.9,0.0,24.0,1.0,0.04754453125
4398,2024-11-24 17:40:30.250,146.674,48.266546,25.915941,60.859,384.816,115.7,-90.0,0.0,24.0,1.0,0.04754609375
4399,2024-11-24 17:40:30.283,146.707,48.266546,25.915941,60.859,384.816,115.7,-90.0,0.0,24.0,1.0,0.04754609375
4400,2024-11-24 17:40:30.316,146.74,48.266546,25.915941,60.859,384.816,115.7,-90.0,0.0,24.0,1.0,0.04754609375
4401,2024-11-24 17:40:30.350,146.774,48.266538,25.915964,60.856,384.813,115.7,-90.0,0.0,24.0,1.0,0.04754375
4402,2024-11-24 17:40:30.384,146.808,48.266538,25.915964,60.856,384.813,115.7,-90.0,0.0,24.0,1.0,0.04754375
4403,2024-11-24 17:40:30.417,146.841,48.266538,25.915964,60.856,384.813,115.7,-90.0,0.0,24.0,1.0,0.04754375
4404,2024-11-24 17:40:30.450,146.874,48.266531,25.915988,60.857,384.813,115.7,-90.0,0.0,24.0,1.0,0.04754453125
4405,2024-11-24 17:40:30.483,146.907,48.266531,25.915988,60.857,384.813,115.7,-90.0,0.0,24.0,1.0,0.04754453125
4406,2024-11-24 17:40:30.517,146.941,48.266531,25.915988,60.857,384.813,115.7,-90.0,0.0,24.0,1.0,0.04754453125
4407,2024-11-24 17:40:30.550,146.974,48.266523,25.916011,60.858,384.815,115.7,-90.0,0.0,24.0,1.0,0.0475453125
4408,2024-11-24 17:40:30.584,147.008,48.266523,25.916011,60.858,384.815,115.7,-90.0,0.0,24.0,1.0,0.0475453125
4409,2024-11-24 17:40:30.618,147.042,48.266523,25.916011,60.858,384.815,115.7,-90.0,0.0,24.0,1.0,0.0475453125
4410,2024-11-24 17:40:30.650,147.074,48.266515,25.916035,60.857,384.814,115.7,-89.9,0.0,24.0,1.0,0.04754453125
4411,2024-11-24 17:40:30.684,147.108,48.266515,25.916035,60.857,384.814,115.7,-89.9,0.0,24.0,1.0,0.04754453125
4412,2024-11-24 17:40:30.716,147.14,48.266515,25.916035,60.857,384.814,115.7,-89.9,0.0,24.0,1.0,0.04754453125
4413,2024-11-24 17:40:30.751,147.175,48.266508,25.916058,60.858,384.814,115.7,-89.9,0.0,24.0,1.0,0.0475453125
4414,2024-11-24 17:40:30.783,147.207,48.266508,25.916058,60.858,384.814,115.7,-89.9,0.0,24.0,1.0,0.0475453125
4415,2024-11-24 17:40:30.819,147.243,48.266508,25.916058,60.858,384.814,115.7,-89.9,0.0,24.0,1.0,0.0475453125
4416,2024-11-24 17:40:30.850,147.274,48.2665,25.916082,60.857,384.813,115.7,-90.0,0.0,24.0,1.0,0.04754453125
4417,2024-11-24 17:40:30.883,147.307,48.2665,25.916082,60.857,384.813,115.7,-90.0,0.0,24.0,1.0,0.04754453125
4418,2024-11-24 17:40:30.918,147.342,48.2665,25.916082,60.857,384.813,115.7,-90.0,0.0,24.0,1.0,0.04754453125
4419,2024-11-24 17:40:30.950,147.374,48.266493,25.916105,60.854,384.811,115.0,-90.0,0.0,24.0,1.0,0.047542187500000006
4420,2024-11-24 17:40:30.984,147.408,48.266493,25.916105,60.854,384.811,115.0,-90.0,0.0,24.0,1.0,0.047542187500000006
4421,2024-11-24 17:40:31.018,147.442,48.266493,25.916105,60.854,384.811,115.0,-90.0,0.0,24.0,1.0,0.047542187500000006
4422,2024-11-24 17:40:31.052,147.476,48.266485,25.916129,60.846,384.802,113.6,-89.9,0.0,24.0,1.0,0.04753593749999999
4423,2024-11-24 17:40:31.084,147.508,48.266485,25.916129,60.846,384.802,113.6,-89.9,0.0,24.0,1.0,0.04753593749999999
4424,2024-11-24 17:40:31.117,147.541,48.266485,25.916129,60.846,384.802,113.6,-89.9,0.0,24.0,1.0,0.04753593749999999
4425,2024-11-24 17:40:31.151,147.575,48.266478,25.916153,60.843,384.8,111.8,-90.0,0.0,24.0,1.0,0.04753359375
4426,2024-11-24 17:40:31.184,147.608,48.266478,25.916153,60.843,384.8,111.8,-90.0,0.0,24.0,1.0,0.04753359375
4427,2024-11-24 17:40:31.217,147.641,48.266478,25.916153,60.843,384.8,111.8,-90.0,0.0,24.0,1.0,0.04753359375
4428,2024-11-24 17:40:31.250,147.674,48.266472,25.916177,60.878,384.835,110.3,-90.0,0.0,24.0,1.0,0.047560937500000004
4429,2024-11-24 17:40:31.284,147.708,48.266472,25.916177,60.878,384.835,110.3,-90.0,0.0,24.0,1.0,0.047560937500000004
4430,2024-11-24 17:40:31.317,147.741,48.266472,25.916177,60.878,384.835,110.3,-90.0,0.0,24.0,1.0,0.047560937500000004
4431,2024-11-24 17:40:31.351,147.775,48.266466,25.916201,60.914,384.87,109.4,-89.9,0.0,24.0,1.0,0.04758906250000001
4432,2024-11-24 17:40:31.384,147.808,48.266466,25.916201,60.914,384.87,109.4,-89.9,0.0,24.0,1.0,0.04758906250000001
4433,2024-11-24 17:40:31.418,147.842,48.266466,25.916201,60.914,384.87,109.4,-89.9,0.0,24.0,1.0,0.04758906250000001
4434,2024-11-24 17:40:31.451,147.875,48.26646,25.916225,60.959,384.916,108.5,-90.0,0.0,24.0,1.0,0.04762421875
4435,2024-11-24 17:40:31.484,147.908,48.26646,25.916225,60.959,384.916,108.5,-90.0,0.0,24.0,1.0,0.04762421875
4436,2024-11-24 17:40:31.518,147.942,48.26646,25.916225,60.959,384.916,108.5,-90.0,0.0,24.0,1.0,0.04762421875
4437,2024-11-24 17:40:31.552,147.976,48.266455,25.916249,60.967,384.923,107.5,-90.0,0.0,24.0,1.0,0.04763046875
4438,2024-11-24 17:40:31.586,148.01,48.266455,25.916249,60.967,384.923,107.5,-90.0,0.0,24.0,1.0,0.04763046875
4439,2024-11-24 17:40:31.617,148.041,48.266455,25.916249,60.967,384.923,107.5,-90.0,0.0,24.0,1.0,0.04763046875
4440,2024-11-24 17:40:31.652,148.076,48.266451,25.916273,60.94,384.897,106.2,-90.0,0.0,24.0,1.0,0.047609374999999995
4441,2024-11-24 17:40:31.685,148.109,48.266451,25.916273,60.94,384.897,106.2,-90.0,0.0,24.0,1.0,0.047609374999999995
4442,2024-11-24 17:40:31.718,148.142,48.266451,25.916273,60.94,384.897,106.2,-90.0,0.0,24.0,1.0,0.047609374999999995
4443,2024-11-24 17:40:31.751,148.175,48.266446,25.916297,60.911,384.868,104.6,-89.9,0.0,24.0,1.0,0.04758671875
4444,2024-11-24 17:40:31.785,148.209,48.266446,25.916297,60.911,384.868,104.6,-89.9,0.0,24.0,1.0,0.04758671875
4445,2024-11-24 17:40:31.817,148.241,48.266446,25.916297,60.911,384.868,104.6,-89.9,0.0,24.0,1.0,0.04758671875
4446,2024-11-24 17:40:31.854,148.278,48.266442,25.916321,60.887,384.844,103.2,-90.0,0.0,24.0,1.0,0.04756796875
4447,2024-11-24 17:40:31.888,148.312,48.266442,25.916321,60.887,384.844,103.2,-90.0,0.0,24.0,1.0,0.04756796875
4448,2024-11-24 17:40:31.918,148.342,48.266442,25.916321,60.887,384.844,103.2,-90.0,0.0,24.0,1.0,0.04756796875
4449,2024-11-24 17:40:31.951,148.375,48.266438,25.916345,60.875,384.832,103.0,-90.0,0.0,24.0,1.0,0.04755859375
4450,2024-11-24 17:40:31.985,148.409,48.266438,25.916345,60.875,384.832,103.0,-90.0,0.0,24.0,1.0,0.04755859375
4451,2024-11-24 17:40:32.018,148.442,48.266438,25.916345,60.875,384.832,103.0,-90.0,0.0,24.0,1.0,0.04755859375
4452,2024-11-24 17:40:32.051,148.475,48.266435,25.916369,60.896,384.853,103.0,-90.0,0.0,24.0,1.0,0.047575
4453,2024-11-24 17:40:32.086,148.51,48.266435,25.916369,60.896,384.853,103.0,-90.0,0.0,24.0,1.0,0.047575
4454,2024-11-24 17:40:32.118,148.542,48.266435,25.916369,60.896,384.853,103.0,-90.0,0.0,24.0,1.0,0.047575
4455,2024-11-24 17:40:32.151,148.575,48.266432,25.916392,60.865,384.821,103.0,-90.0,0.0,24.0,1.0,0.04755078125
4456,2024-11-24 17:40:32.185,148.609,48.266432,25.916392,60.865,384.821,103.0,-90.0,0.0,24.0,1.0,0.04755078125
4457,2024-11-24 17:40:32.218,148.642,48.266432,25.916392,60.865,384.821,103.0,-90.0,0.0,24.0,1.0,0.04755078125
4458,2024-11-24 17:40:32.251,148.675,48.266429,25.916416,60.809,384.766,103.0,-90.0,0.0,24.0,1.0,0.04750703125
4459,2024-11-24 17:40:32.287,148.711,48.266429,25.916416,60.809,384.766,103.0,-90.0,0.0,24.0,1.0,0.04750703125
4460,2024-11-24 17:40:32.318,148.742,48.266429,25.916416,60.809,384.766,103.0,-90.0,0.0,24.0,1.0,0.04750703125
4461,2024-11-24 17:40:32.353,148.777,48.266426,25.91644,60.798,384.755,103.0,-90.0,0.0,24.0,1.0,0.047498437500000004
4462,2024-11-24 17:40:32.385,148.809,48.266426,25.91644,60.798,384.755,103.0,-90.0,0.0,24.0,1.0,0.047498437500000004
4463,2024-11-24 17:40:32.419,148.843,48.266426,25.91644,60.798,384.755,103.0,-90.0,0.0,24.0,1.0,0.047498437500000004
4464,2024-11-24 17:40:32.452,148.876,48.266423,25.916463,60.791,384.748,103.4,-90.0,0.0,24.0,1.0,0.047492968749999996
4465,2024-11-24 17:40:32.485,148.909,48.266423,25.916463,60.791,384.748,103.4,-90.0,0.0,24.0,1.0,0.047492968749999996
4466,2024-11-24 17:40:32.519,148.943,48.266423,25.916463,60.791,384.748,103.4,-90.0,0.0,24.0,1.0,0.047492968749999996
4467,2024-11-24 17:40:32.552,148.976,48.266419,25.916487,60.767,384.724,104.3,-90.0,0.0,24.0,1.0,0.047474218750000005
4468,2024-11-24 17:40:32.587,149.011,48.266419,25.916487,60.767,384.724,104.3,-90.0,0.0,24.0,1.0,0.047474218750000005
4469,2024-11-24 17:40:32.620,149.044,48.266419,25.916487,60.767,384.724,104.3,-90.0,0.0,24.0,1.0,0.047474218750000005
4470,2024-11-24 17:40:32.652,149.076,48.266415,25.916511,60.768,384.724,105.8,-90.0,0.0,24.0,1.0,0.047475
4471,2024-11-24 17:40:32.687,149.111,48.266415,25.916511,60.768,384.724,105.8,-90.0,0.0,24.0,1.0,0.047475
4472,2024-11-24 17:40:32.718,149.142,48.266415,25.916511,60.768,384.724,105.8,-90.0,0.0,24.0,1.0,0.047475
4473,2024-11-24 17:40:32.755,149.179,48.266411,25.916535,60.781,384.738,107.6,-90.0,0.0,24.0,1.0,0.04748515625
4474,2024-11-24 17:40:32.787,149.211,48.266411,25.916535,60.781,384.738,107.6,-90.0,0.0,24.0,1.0,0.04748515625
4475,2024-11-24 17:40:32.819,149.243,48.266411,25.916535,60.781,384.738,107.6,-90.0,0.0,24.0,1.0,0.04748515625
4476,2024-11-24 17:40:32.854,149.278,48.266406,25.916558,60.816,384.772,108.6,-90.0,0.0,24.0,1.0,0.0475125
4477,2024-11-24 17:40:32.886,149.31,48.266406,25.916558,60.816,384.772,108.6,-90.0,0.0,24.0,1.0,0.0475125
4478,2024-11-24 17:40:32.919,149.343,48.266406,25.916558,60.816,384.772,108.6,-90.0,0.0,24.0,1.0,0.0475125
4479,2024-11-24 17:40:32.953,149.377,48.266401,25.916581,60.881,384.837,108.7,-90.0,0.0,24.0,1.0,0.04756328125
4480,2024-11-24 17:40:32.985,149.409,48.266401,25.916581,60.881,384.837,108.7,-90.0,0.0,24.0,1.0,0.04756328125
4481,2024-11-24 17:40:33.020,149.444,48.266401,25.916581,60.881,384.837,108.7,-90.0,0.0,24.0,1.0,0.04756328125
4482,2024-11-24 17:40:33.052,149.476,48.266396,25.916603,60.921,384.877,108.7,-89.9,0.0,24.0,1.0,0.04759453125
4483,2024-11-24 17:40:33.085,149.509,48.266396,25.916603,60.921,384.877,108.7,-89.9,0.0,24.0,1.0,0.04759453125
4484,2024-11-24 17:40:33.119,149.543,48.266396,25.916603,60.921,384.877,108.7,-89.9,0.0,24.0,1.0,0.04759453125
4485,2024-11-24 17:40:33.153,149.577,48.26639,25.916625,60.889,384.845,108.7,-90.0,0.0,24.0,1.0,0.04756953125
4486,2024-11-24 17:40:33.186,149.61,48.26639,25.916625,60.889,384.845,108.7,-90.0,0.0,24.0,1.0,0.04756953125
4487,2024-11-24 17:40:33.219,149.643,48.26639,25.916625,60.889,384.845,108.7,-90.0,0.0,24.0,1.0,0.04756953125
4488,2024-11-24 17:40:33.255,149.679,48.266385,25.916648,60.868,384.825,108.8,-90.0,0.0,24.0,1.0,0.047553125
4489,2024-11-24 17:40:33.287,149.711,48.266385,25.916648,60.868,384.825,108.8,-90.0,0.0,24.0,1.0,0.047553125
4490,2024-11-24 17:40:33.319,149.743,48.266385,25.916648,60.868,384.825,108.8,-90.0,0.0,24.0,1.0,0.047553125
4491,2024-11-24 17:40:33.356,149.78,48.26638,25.91667,60.853,384.81,110.0,-90.0,0.0,24.0,1.0,0.04754140625
4492,2024-11-24 17:40:33.387,149.811,48.26638,25.91667,60.853,384.81,110.0,-90.0,0.0,24.0,1.0,0.04754140625
4493,2024-11-24 17:40:33.420,149.844,48.26638,25.91667,60.853,384.81,110.0,-90.0,0.0,24.0,1.0,0.04754140625
4494,2024-11-24 17:40:33.455,149.879,48.266374,25.916693,60.864,384.821,111.2,-90.0,0.0,24.0,1.0,0.047549999999999995
4495,2024-11-24 17:40:33.486,149.91,48.266374,25.916693,60.864,384.821,111.2,-90.0,0.0,24.0,1.0,0.047549999999999995
4496,2024-11-24 17:40:33.520,149.944,48.266374,25.916693,60.864,384.821,111.2,-90.0,0.0,24.0,1.0,0.047549999999999995
4497,2024-11-24 17:40:33.553,149.977,48.266369,25.916715,60.915,384.872,111.4,-89.9,0.0,24.0,1.0,0.04758984375
4498,2024-11-24 17:40:33.587,150.011,48.266369,25.916715,60.915,384.872,111.4,-89.9,0.0,24.0,1.0,0.04758984375
4499,2024-11-24 17:40:33.619,150.043,48.266369,25.916715,60.915,384.872,111.4,-89.9,0.0,24.0,1.0,0.04758984375
4500,2024-11-24 17:40:33.653,150.077,48.266363,25.916738,60.961,384.918,111.4,-89.9,0.0,24.0,1.0,0.04762578124999999
4501,2024-11-24 17:40:33.687,150.111,48.266363,25.916738,60.961,384.918,111.4,-89.9,0.0,24.0,1.0,0.04762578124999999
4502,2024-11-24 17:40:33.720,150.144,48.266363,25.916738,60.961,384.918,111.4,-89.9,0.0,24.0,1.0,0.04762578124999999
4503,2024-11-24 17:40:33.754,150.178,48.266356,25.91676,60.945,384.902,111.4,-89.9,0.0,24.0,1.0,0.04761328125
4504,2024-11-24 17:40:33.786,150.21,48.266356,25.91676,60.945,384.902,111.4,-89.9,0.0,24.0,1.0,0.04761328125
4505,2024-11-24 17:40:33.820,150.244,48.266356,25.91676,60.945,384.902,111.4,-89.9,0.0,24.0,1.0,0.04761328125
4506,2024-11-24 17:40:33.854,150.278,48.266351,25.916782,60.919,384.876,111.4,-90.0,0.0,24.0,1.0,0.04759296875
4507,2024-11-24 17:40:33.887,150.311,48.266351,25.916782,60.919,384.876,111.4,-90.0,0.0,24.0,1.0,0.04759296875
4508,2024-11-24 17:40:33.920,150.344,48.266351,25.916782,60.919,384.876,111.4,-90.0,0.0,24.0,1.0,0.04759296875
4509,2024-11-24 17:40:33.957,150.381,48.266344,25.916805,60.903,384.86,111.4,-89.9,0.0,24.0,1.0,0.04758046875
4510,2024-11-24 17:40:33.986,150.41,48.266344,25.916805,60.903,384.86,111.4,-89.9,0.0,24.0,1.0,0.04758046875
4511,2024-11-24 17:40:34.020,150.444,48.266344,25.916805,60.903,384.86,111.4,-89.9,0.0,24.0,1.0,0.04758046875
4512,2024-11-24 17:40:34.054,150.478,48.266338,25.916828,60.904,384.861,111.4,-89.9,0.0,24.0,1.0,0.047581250000000005
4513,2024-11-24 17:40:34.087,150.511,48.266338,25.916828,60.904,384.861,111.4,-89.9,0.0,24.0,1.0,0.047581250000000005
4514,2024-11-24 17:40:34.120,150.544,48.266338,25.916828,60.904,384.861,111.4,-89.9,0.0,24.0,1.0,0.047581250000000005
4515,2024-11-24 17:40:34.155,150.579,48.266332,25.91685,60.908,384.864,111.4,-89.9,0.0,24.0,1.0,0.047584375
4516,2024-11-24 17:40:34.187,150.611,48.266332,25.91685,60.908,384.864,111.4,-89.9,0.0,24.0,1.0,0.047584375
4517,2024-11-24 17:40:34.221,150.645,48.266332,25.91685,60.908,384.864,111.4,-89.9,0.0,24.0,1.0,0.047584375
4518,2024-11-24 17:40:34.253,150.677,48.266326,25.916874,60.919,384.875,111.4,-89.9,0.0,24.0,1.0,0.04759296875
4519,2024-11-24 17:40:34.288,150.712,48.266326,25.916874,60.919,384.875,111.4,-89.9,0.0,24.0,1.0,0.04759296875
4520,2024-11-24 17:40:34.320,150.744,48.266326,25.916874,60.919,384.875,111.4,-89.9,0.0,24.0,1.0,0.04759296875
4521,2024-11-24 17:40:34.355,150.779,48.26632,25.916896,60.919,384.875,111.4,-90.0,0.0,24.0,1.0,0.04759296875
4522,2024-11-24 17:40:34.387,150.811,48.26632,25.916896,60.919,384.875,111.4,-90.0,0.0,24.0,1.0,0.04759296875
4523,2024-11-24 17:40:34.420,150.844,48.26632,25.916896,60.919,384.875,111.4,-90.0,0.0,24.0,1.0,0.04759296875
4524,2024-11-24 17:40:34.456,150.88,48.266314,25.916919,60.918,384.874,111.4,-90.0,0.0,24.0,1.0,0.0475921875
4525,2024-11-24 17:40:34.487,150.911,48.266314,25.916919,60.918,384.874,111.4,-90.0,0.0,24.0,1.0,0.0475921875
4526,2024-11-24 17:40:34.521,150.945,48.266314,25.916919,60.918,384.874,111.4,-90.0,0.0,24.0,1.0,0.0475921875
4527,2024-11-24 17:40:34.556,150.98,48.266307,25.916942,60.92,384.876,111.4,-89.9,0.0,24.0,1.0,0.04759375
4528,2024-11-24 17:40:34.587,151.011,48.266307,25.916942,60.92,384.876,111.4,-89.9,0.0,24.0,1.0,0.04759375
4529,2024-11-24 17:40:34.620,151.044,48.266307,25.916942,60.92,384.876,111.4,-89.9,0.0,24.0,1.0,0.04759375
4530,2024-11-24 17:40:34.655,151.079,48.266301,25.916965,60.918,384.874,111.4,-89.9,0.0,24.0,1.0,0.0475921875
4531,2024-11-24 17:40:34.687,151.111,48.266301,25.916965,60.918,384.874,111.4,-89.9,0.0,24.0,1.0,0.0475921875
4532,2024-11-24 17:40:34.720,151.144,48.266301,25.916965,60.918,384.874,111.4,-89.9,0.0,24.0,1.0,0.0475921875
4533,2024-11-24 17:40:34.754,151.178,48.266295,25.916989,60.919,384.875,111.4,-90.0,0.0,24.0,1.0,0.04759296875
4534,2024-11-24 17:40:34.788,151.212,48.266295,25.916989,60.919,384.875,111.4,-90.0,0.0,24.0,1.0,0.04759296875
4535,2024-11-24 17:40:34.822,151.246,48.266295,25.916989,60.919,384.875,111.4,-90.0,0.0,24.0,1.0,0.04759296875
4536,2024-11-24 17:40:34.857,151.281,48.266289,25.917012,60.92,384.877,111.4,-89.9,0.0,24.0,1.0,0.04759375
4537,2024-11-24 17:40:34.890,151.314,48.266289,25.917012,60.92,384.877,111.4,-89.9,0.0,24.0,1.0,0.04759375
4538,2024-11-24 17:40:34.921,151.345,48.266289,25.917012,60.92,384.877,111.4,-89.9,0.0,24.0,1.0,0.04759375
4539,2024-11-24 17:40:34.958,151.382,48.266283,25.917035,60.914,384.871,111.4,-90.0,0.0,24.0,1.0,0.04758906250000001
4540,2024-11-24 17:40:34.987,151.411,48.266283,25.917035,60.914,384.871,111.4,-90.0,0.0,24.0,1.0,0.04758906250000001
4541,2024-11-24 17:40:35.020,151.444,48.266283,25.917035,60.914,384.871,111.4,-90.0,0.0,24.0,1.0,0.04758906250000001
4542,2024-11-24 17:40:35.057,151.481,48.266276,25.917059,60.914,384.871,111.4,-89.9,0.0,24.0,1.0,0.04758906250000001
4543,2024-11-24 17:40:35.089,151.513,48.266276,25.917059,60.914,384.871,111.4,-89.9,0.0,24.0,1.0,0.04758906250000001
4544,2024-11-24 17:40:35.121,151.545,48.266276,25.917059,60.914,384.871,111.4,-89.9,0.0,24.0,1.0,0.04758906250000001
4545,2024-11-24 17:40:35.158,151.582,48.26627,25.917082,60.907,384.864,111.4,-90.0,0.0,24.0,1.0,0.04758359375
4546,2024-11-24 17:40:35.188,151.612,48.26627,25.917082,60.907,384.864,111.4,-90.0,0.0,24.0,1.0,0.04758359375
4547,2024-11-24 17:40:35.221,151.645,48.26627,25.917082,60.907,384.864,111.4,-90.0,0.0,24.0,1.0,0.04758359375
4548,2024-11-24 17:40:35.254,151.678,48.266264,25.917106,60.905,384.862,111.4,-90.0,0.0,24.0,1.0,0.047582031250000004
4549,2024-11-24 17:40:35.289,151.713,48.266264,25.917106,60.905,384.862,111.4,-90.0,0.0,24.0,1.0,0.047582031250000004
4550,2024-11-24 17:40:35.321,151.745,48.266264,25.917106,60.905,384.862,111.4,-90.0,0.0,24.0,1.0,0.047582031250000004
4551,2024-11-24 17:40:35.354,151.778,48.266258,25.91713,60.905,384.862,111.4,-90.0,0.0,24.0,1.0,0.047582031250000004
4552,2024-11-24 17:40:35.389,151.813,48.266258,25.91713,60.905,384.862,111.4,-90.0,0.0,24.0,1.0,0.047582031250000004
4553,2024-11-24 17:40:35.422,151.846,48.266258,25.91713,60.905,384.862,111.4,-90.0,0.0,24.0,1.0,0.047582031250000004
4554,2024-11-24 17:40:35.456,151.88,48.266251,25.917154,60.907,384.864,111.4,-90.0,0.0,24.0,1.0,0.04758359375
4555,2024-11-24 17:40:35.488,151.912,48.266251,25.917154,60.907,384.864,111.4,-90.0,0.0,24.0,1.0,0.04758359375
4556,2024-11-24 17:40:35.522,151.946,48.266251,25.917154,60.907,384.864,111.4,-90.0,0.0,24.0,1.0,0.04758359375
4557,2024-11-24 17:40:35.556,151.98,48.266245,25.917178,60.91,384.867,111.4,-89.9,0.0,24.0,1.0,0.047585937499999995
4558,2024-11-24 17:40:35.592,152.016,48.266245,25.917178,60.91,384.867,111.4,-89.9,0.0,24.0,1.0,0.047585937499999995
4559,2024-11-24 17:40:35.622,152.046,48.266245,25.917178,60.91,384.867,111.4,-89.9,0.0,24.0,1.0,0.047585937499999995
4560,2024-11-24 17:40:35.657,152.081,48.266238,25.917202,60.911,384.867,111.4,-90.0,0.0,24.0,1.0,0.04758671875
4561,2024-11-24 17:40:35.689,152.113,48.266238,25.917202,60.911,384.867,111.4,-90.0,0.0,24.0,1.0,0.04758671875
4562,2024-11-24 17:40:35.721,152.145,48.266238,25.917202,60.911,384.867,111.4,-90.0,0.0,24.0,1.0,0.04758671875
4563,2024-11-24 17:40:35.757,152.181,48.266232,25.917226,60.913,384.869,111.4,-90.0,0.0,24.0,1.0,0.047588281249999996
4564,2024-11-24 17:40:35.789,152.213,48.266232,25.917226,60.913,384.869,111.4,-90.0,0.0,24.0,1.0,0.047588281249999996
4565,2024-11-24 17:40:35.821,152.245,48.266232,25.917226,60.913,384.869,111.4,-90.0,0.0,24.0,1.0,0.047588281249999996
4566,2024-11-24 17:40:35.857,152.281,48.266226,25.91725,60.908,384.865,111.4,-90.0,0.0,24.0,1.0,0.047584375
4567,2024-11-24 17:40:35.889,152.313,48.266226,25.91725,60.908,384.865,111.4,-90.0,0.0,24.0,1.0,0.047584375
4568,2024-11-24 17:40:35.922,152.346,48.266226,25.91725,60.908,384.865,111.4,-90.0,0.0,24.0,1.0,0.047584375
4569,2024-11-24 17:40:35.958,152.382,48.266219,25.917274,60.905,384.861,111.4,-90.0,0.0,24.0,1.0,0.047582031250000004
4570,2024-11-24 17:40:35.989,152.413,48.266219,25.917274,60.905,384.861,111.4,-90.0,0.0,24.0,1.0,0.047582031250000004
4571,2024-11-24 17:40:36.022,152.446,48.266219,25.917274,60.905,384.861,111.4,-90.0,0.0,24.0,1.0,0.047582031250000004
4572,2024-11-24 17:40:36.058,152.482,48.266213,25.917299,60.904,384.86,111.4,-90.0,0.0,24.0,1.0,0.047581250000000005
4573,2024-11-24 17:40:36.090,152.514,48.266213,25.917299,60.904,384.86,111.4,-90.0,0.0,24.0,1.0,0.047581250000000005
4574,2024-11-24 17:40:36.122,152.546,48.266213,25.917299,60.904,384.86,111.4,-90.0,0.0,24.0,1.0,0.047581250000000005
4575,2024-11-24 17:40:36.155,152.579,48.266206,25.917323,60.902,384.859,111.4,-90.0,0.0,24.0,1.0,0.0475796875
4576,2024-11-24 17:40:36.191,152.615,48.266206,25.917323,60.902,384.859,111.4,-90.0,0.0,24.0,1.0,0.0475796875
4577,2024-11-24 17:40:36.223,152.647,48.266206,25.917323,60.902,384.859,111.4,-90.0,0.0,24.0,1.0,0.0475796875
4578,2024-11-24 17:40:36.257,152.681,48.2662,25.917347,60.903,384.86,111.4,-90.0,0.0,24.0,1.0,0.04758046875
4579,2024-11-24 17:40:36.289,152.713,48.2662,25.917347,60.903,384.86,111.4,-90.0,0.0,24.0,1.0,0.04758046875
4580,2024-11-24 17:40:36.322,152.746,48.2662,25.917347,60.903,384.86,111.4,-90.0,0.0,24.0,1.0,0.04758046875
4581,2024-11-24 17:40:36.356,152.78,48.266193,25.917372,60.902,384.858,111.4,-90.0,0.0,24.0,1.0,0.0475796875
4582,2024-11-24 17:40:36.389,152.813,48.266193,25.917372,60.902,384.858,111.4,-90.0,0.0,24.0,1.0,0.0475796875
4583,2024-11-24 17:40:36.422,152.846,48.266193,25.917372,60.902,384.858,111.4,-90.0,0.0,24.0,1.0,0.0475796875
4584,2024-11-24 17:40:36.457,152.881,48.266187,25.917396,60.904,384.861,111.4,-90.0,0.0,24.0,1.0,0.047581250000000005
4585,2024-11-24 17:40:36.490,152.914,48.266187,25.917396,60.904,384.861,111.4,-90.0,0.0,24.0,1.0,0.047581250000000005
4586,2024-11-24 17:40:36.522,152.946,48.266187,25.917396,60.904,384.861,111.4,-90.0,0.0,24.0,1.0,0.047581250000000005
4587,2024-11-24 17:40:36.558,152.982,48.26618,25.917421,60.899,384.855,111.4,-90.0,0.0,24.0,1.0,0.04757734375
4588,2024-11-24 17:40:36.590,153.014,48.26618,25.917421,60.899,384.855,111.4,-90.0,0.0,24.0,1.0,0.04757734375
4589,2024-11-24 17:40:36.622,153.046,48.26618,25.917421,60.899,384.855,111.4,-90.0,0.0,24.0,1.0,0.04757734375
4590,2024-11-24 17:40:36.658,153.082,48.266174,25.917445,60.894,384.851,111.4,-90.0,0.0,24.0,1.0,0.047573437499999996
4591,2024-11-24 17:40:36.689,153.113,48.266174,25.917445,60.894,384.851,111.4,-90.0,0.0,24.0,1.0,0.047573437499999996
4592,2024-11-24 17:40:36.723,153.147,48.266174,25.917445,60.894,384.851,111.4,-90.0,0.0,24.0,1.0,0.047573437499999996
4593,2024-11-24 17:40:36.758,153.182,48.266167,25.91747,60.891,384.847,111.4,-89.9,0.0,24.0,1.0,0.04757109375
4594,2024-11-24 17:40:36.789,153.213,48.266167,25.91747,60.891,384.847,111.4,-89.9,0.0,24.0,1.0,0.04757109375
4595,2024-11-24 17:40:36.822,153.246,48.266167,25.91747,60.891,384.847,111.4,-89.9,0.0,24.0,1.0,0.04757109375
4596,2024-11-24 17:40:36.857,153.281,48.26616,25.917495,60.888,384.844,111.4,-89.9,0.0,24.0,1.0,0.04756875
4597,2024-11-24 17:40:36.889,153.313,48.26616,25.917495,60.888,384.844,111.4,-89.9,0.0,24.0,1.0,0.04756875
4598,2024-11-24 17:40:36.923,153.347,48.26616,25.917495,60.888,384.844,111.4,-89.9,0.0,24.0,1.0,0.04756875
4599,2024-11-24 17:40:36.958,153.382,48.266154,25.917519,60.884,384.841,111.4,-89.9,0.0,24.0,1.0,0.04756562499999999
4600,2024-11-24 17:40:36.990,153.414,48.266154,25.917519,60.884,384.841,111.4,-89.9,0.0,24.0,1.0,0.04756562499999999
4601,2024-11-24 17:40:37.023,153.447,48.266154,25.917519,60.884,384.841,111.4,-89.9,0.0,24.0,1.0,0.04756562499999999
4602,2024-11-24 17:40:37.058,153.482,48.266147,25.917544,60.884,384.841,111.4,-89.9,0.0,24.0,1.0,0.04756562499999999
4603,2024-11-24 17:40:37.091,153.515,48.266147,25.917544,60.884,384.841,111.4,-89.9,0.0,24.0,1.0,0.04756562499999999
4604,2024-11-24 17:40:37.124,153.548,48.266147,25.917544,60.884,384.841,111.4,-89.9,0.0,24.0,1.0,0.04756562499999999
4605,2024-11-24 17:40:37.159,153.583,48.266141,25.917569,60.888,384.845,111.4,-89.9,0.0,24.0,1.0,0.04756875
4606,2024-11-24 17:40:37.193,153.617,48.266141,25.917569,60.888,384.845,111.4,-89.9,0.0,24.0,1.0,0.04756875
4607,2024-11-24 17:40:37.223,153.647,48.266141,25.917569,60.888,384.845,111.4,-89.9,0.0,24.0,1.0,0.04756875
4608,2024-11-24 17:40:37.256,153.68,48.266134,25.917594,60.895,384.851,111.4,-90.0,0.0,24.0,1.0,0.04757421875
4609,2024-11-24 17:40:37.291,153.715,48.266134,25.917594,60.895,384.851,111.4,-90.0,0.0,24.0,1.0,0.04757421875
4610,2024-11-24 17:40:37.323,153.747,48.266134,25.917594,60.895,384.851,111.4,-90.0,0.0,24.0,1.0,0.04757421875
4611,2024-11-24 17:40:37.356,153.78,48.266128,25.917619,60.896,384.853,111.4,-90.0,0.0,24.0,1.0,0.047575
4612,2024-11-24 17:40:37.390,153.814,48.266128,25.917619,60.896,384.853,111.4,-90.0,0.0,24.0,1.0,0.047575
4613,2024-11-24 17:40:37.423,153.847,48.266128,25.917619,60.896,384.853,111.4,-90.0,0.0,24.0,1.0,0.047575
4614,2024-11-24 17:40:37.457,153.881,48.266121,25.917644,60.897,384.854,111.4,-90.0,0.0,24.0,1.0,0.04757578125
4615,2024-11-24 17:40:37.491,153.915,48.266121,25.917644,60.897,384.854,111.4,-90.0,0.0,24.0,1.0,0.04757578125
4616,2024-11-24 17:40:37.523,153.947,48.266121,25.917644,60.897,384.854,111.4,-90.0,0.0,24.0,1.0,0.04757578125
4617,2024-11-24 17:40:37.559,153.983,48.266115,25.917669,60.9,384.856,111.5,-90.0,0.0,24.0,1.0,0.047578125
4618,2024-11-24 17:40:37.592,154.016,48.266115,25.917669,60.9,384.856,111.5,-90.0,0.0,24.0,1.0,0.047578125
4619,2024-11-24 17:40:37.624,154.048,48.266115,25.917669,60.9,384.856,111.5,-90.0,0.0,24.0,1.0,0.047578125
4620,2024-11-24 17:40:37.658,154.082,48.266108,25.917694,60.895,384.851,111.5,-90.0,0.0,24.0,1.0,0.04757421875
4621,2024-11-24 17:40:37.690,154.114,48.266108,25.917694,60.895,384.851,111.5,-90.0,0.0,24.0,1.0,0.04757421875
4622,2024-11-24 17:40:37.723,154.147,48.266108,25.917694,60.895,384.851,111.5,-90.0,0.0,24.0,1.0,0.04757421875
4623,2024-11-24 17:40:37.758,154.182,48.266101,25.917719,60.893,384.85,111.4,-89.9,0.0,24.0,1.0,0.04757265625
4624,2024-11-24 17:40:37.790,154.214,48.266101,25.917719,60.893,384.85,111.4,-89.9,0.0,24.0,1.0,0.04757265625
4625,2024-11-24 17:40:37.823,154.247,48.266101,25.917719,60.893,384.85,111.4,-89.9,0.0,24.0,1.0,0.04757265625
4626,2024-11-24 17:40:37.859,154.283,48.266095,25.917744,60.888,384.845,111.4,-89.9,0.0,24.0,1.0,0.04756875
4627,2024-11-24 17:40:37.891,154.315,48.266095,25.917744,60.888,384.845,111.4,-89.9,0.0,24.0,1.0,0.04756875
4628,2024-11-24 17:40:37.923,154.347,48.266095,25.917744,60.888,384.845,111.4,-89.9,0.0,24.0,1.0,0.04756875
4629,2024-11-24 17:40:37.958,154.382,48.266088,25.91777,60.891,384.847,111.5,-89.9,0.0,24.0,1.0,0.04757109375
4630,2024-11-24 17:40:37.991,154.415,48.266088,25.91777,60.891,384.847,111.5,-89.9,0.0,24.0,1.0,0.04757109375
4631,2024-11-24 17:40:38.023,154.447,48.266088,25.91777,60.891,384.847,111.5,-89.9,0.0,24.0,1.0,0.04757109375
4632,2024-11-24 17:40:38.058,154.482,48.266082,25.917795,60.892,384.849,111.6,-89.9,0.0,24.0,1.0,0.047571875000000007
4633,2024-11-24 17:40:38.091,154.515,48.266082,25.917795,60.892,384.849,111.6,-89.9,0.0,24.0,1.0,0.047571875000000007
4634,2024-11-24 17:40:38.124,154.548,48.266082,25.917795,60.892,384.849,111.6,-89.9,0.0,24.0,1.0,0.047571875000000007
4635,2024-11-24 17:40:38.157,154.581,48.266075,25.91782,60.897,384.854,111.7,-89.9,0.0,24.0,1.0,0.04757578125
4636,2024-11-24 17:40:38.195,154.619,48.266075,25.91782,60.897,384.854,111.7,-89.9,0.0,24.0,1.0,0.04757578125
4637,2024-11-24 17:40:38.224,154.648,48.266075,25.91782,60.897,384.854,111.7,-89.9,0.0,24.0,1.0,0.04757578125
4638,2024-11-24 17:40:38.258,154.682,48.266068,25.917845,60.899,384.856,111.7,-89.9,0.0,24.0,1.0,0.04757734375
4639,2024-11-24 17:40:38.291,154.715,48.266068,25.917845,60.899,384.856,111.7,-89.9,0.0,24.0,1.0,0.04757734375
4640,2024-11-24 17:40:38.324,154.748,48.266068,25.917845,60.899,384.856,111.7,-89.9,0.0,24.0,1.0,0.04757734375
4641,2024-11-24 17:40:38.357,154.781,48.266062,25.91787,60.893,384.85,111.7,-90.0,0.0,24.0,1.0,0.04757265625
4642,2024-11-24 17:40:38.392,154.816,48.266062,25.91787,60.893,384.85,111.7,-90.0,0.0,24.0,1.0,0.04757265625
4643,2024-11-24 17:40:38.424,154.848,48.266062,25.91787,60.893,384.85,111.7,-90.0,0.0,24.0,1.0,0.04757265625
4644,2024-11-24 17:40:38.459,154.883,48.266055,25.917895,60.878,384.835,111.7,-89.9,0.0,24.0,1.0,0.047560937500000004
4645,2024-11-24 17:40:38.492,154.916,48.266055,25.917895,60.878,384.835,111.7,-89.9,0.0,24.0,1.0,0.047560937500000004
4646,2024-11-24 17:40:38.524,154.948,48.266055,25.917895,60.878,384.835,111.7,-89.9,0.0,24.0,1.0,0.047560937500000004
4647,2024-11-24 17:40:38.558,154.982,48.266048,25.917921,60.873,384.83,111.7,-90.0,0.0,24.0,1.0,0.04755703125
4648,2024-11-24 17:40:38.594,155.018,48.266048,25.917921,60.873,384.83,111.7,-90.0,0.0,24.0,1.0,0.04755703125
4649,2024-11-24 17:40:38.625,155.049,48.266048,25.917921,60.873,384.83,111.7,-90.0,0.0,24.0,1.0,0.04755703125
4650,2024-11-24 17:40:38.659,155.083,48.266041,25.917946,60.889,384.845,111.7,-89.9,0.0,24.0,1.0,0.04756953125
4651,2024-11-24 17:40:38.694,155.118,48.266041,25.917946,60.889,384.845,111.7,-89.9,0.0,24.0,1.0,0.04756953125
4652,2024-11-24 17:40:38.725,155.149,48.266041,25.917946,60.889,384.845,111.7,-89.9,0.0,24.0,1.0,0.04756953125
4653,2024-11-24 17:40:38.758,155.182,48.266035,25.917971,60.904,384.86,111.7,-89.9,0.0,24.0,1.0,0.047581250000000005
4654,2024-11-24 17:40:38.795,155.219,48.266035,25.917971,60.904,384.86,111.7,-89.9,0.0,24.0,1.0,0.047581250000000005
4655,2024-11-24 17:40:38.824,155.248,48.266035,25.917971,60.904,384.86,111.7,-89.9,0.0,24.0,1.0,0.047581250000000005
4656,2024-11-24 17:40:38.859,155.283,48.266028,25.917996,60.91,384.867,111.7,-89.9,0.0,24.0,1.0,0.047585937499999995
4657,2024-11-24 17:40:38.892,155.316,48.266028,25.917996,60.91,384.867,111.7,-89.9,0.0,24.0,1.0,0.047585937499999995
4658,2024-11-24 17:40:38.925,155.349,48.266028,25.917996,60.91,384.867,111.7,-89.9,0.0,24.0,1.0,0.047585937499999995
4659,2024-11-24 17:40:38.958,155.382,48.266021,25.918021,60.913,384.869,111.7,-90.0,0.0,24.0,1.0,0.047588281249999996
4660,2024-11-24 17:40:38.993,155.417,48.266021,25.918021,60.913,384.869,111.7,-90.0,0.0,24.0,1.0,0.047588281249999996
4661,2024-11-24 17:40:39.025,155.449,48.266021,25.918021,60.913,384.869,111.7,-90.0,0.0,24.0,1.0,0.047588281249999996
4662,2024-11-24 17:40:39.058,155.482,48.266015,25.918047,60.913,384.869,111.7,-90.0,0.0,24.0,1.0,0.047588281249999996
4663,2024-11-24 17:40:39.092,155.516,48.266015,25.918047,60.913,384.869,111.7,-90.0,0.0,24.0,1.0,0.047588281249999996
4664,2024-11-24 17:40:39.125,155.549,48.266015,25.918047,60.913,384.869,111.7,-90.0,0.0,24.0,1.0,0.047588281249999996
4665,2024-11-24 17:40:39.158,155.582,48.266008,25.918072,60.91,384.867,111.7,-90.0,0.0,24.0,1.0,0.047585937499999995
4666,2024-11-24 17:40:39.196,155.62,48.266008,25.918072,60.91,384.867,111.7,-90.0,0.0,24.0,1.0,0.047585937499999995
4667,2024-11-24 17:40:39.226,155.65,48.266008,25.918072,60.91,384.867,111.7,-90.0,0.0,24.0,1.0,0.047585937499999995
4668,2024-11-24 17:40:39.258,155.682,48.266001,25.918097,60.909,384.866,111.7,-89.9,0.0,24.0,1.0,0.04758515625
4669,2024-11-24 17:40:39.292,155.716,48.266001,25.918097,60.909,384.866,111.7,-89.9,0.0,24.0,1.0,0.04758515625
4670,2024-11-24 17:40:39.325,155.749,48.266001,25.918097,60.909,384.866,111.7,-89.9,0.0,24.0,1.0,0.04758515625
4671,2024-11-24 17:40:39.358,155.782,48.265994,25.918122,60.903,384.86,112.1,-90.0,0.0,24.0,1.0,0.04758046875
4672,2024-11-24 17:40:39.394,155.818,48.265994,25.918122,60.903,384.86,112.1,-90.0,0.0,24.0,1.0,0.04758046875
4673,2024-11-24 17:40:39.425,155.849,48.265994,25.918122,60.903,384.86,112.1,-90.0,0.0,24.0,1.0,0.04758046875
4674,2024-11-24 17:40:39.459,155.883,48.265988,25.918147,60.9,384.856,112.6,-90.0,0.0,24.0,1.0,0.047578125
4675,2024-11-24 17:40:39.492,155.916,48.265988,25.918147,60.9,384.856,112.6,-90.0,0.0,24.0,1.0,0.047578125
4676,2024-11-24 17:40:39.525,155.949,48.265988,25.918147,60.9,384.856,112.6,-90.0,0.0,24.0,1.0,0.047578125
4677,2024-11-24 17:40:39.559,155.983,48.265981,25.918172,60.899,384.856,112.7,-89.9,0.0,24.0,1.0,0.04757734375
4678,2024-11-24 17:40:39.595,156.019,48.265981,25.918172,60.899,384.856,112.7,-89.9,0.0,24.0,1.0,0.04757734375
4679,2024-11-24 17:40:39.625,156.049,48.265981,25.918172,60.899,384.856,112.7,-89.9,0.0,24.0,1.0,0.04757734375
4680,2024-11-24 17:40:39.659,156.083,48.265974,25.918197,60.905,384.862,112.7,-89.9,0.0,24.0,1.0,0.047582031250000004
4681,2024-11-24 17:40:39.692,156.116,48.265974,25.918197,60.905,384.862,112.7,-89.9,0.0,24.0,1.0,0.047582031250000004
4682,2024-11-24 17:40:39.725,156.149,48.265974,25.918197,60.905,384.862,112.7,-89.9,0.0,24.0,1.0,0.047582031250000004
4683,2024-11-24 17:40:39.761,156.185,48.265966,25.918222,60.905,384.862,112.7,-90.0,0.0,24.0,1.0,0.047582031250000004
4684,2024-11-24 17:40:39.793,156.217,48.265966,25.918222,60.905,384.862,112.7,-90.0,0.0,24.0,1.0,0.047582031250000004
4685,2024-11-24 17:40:39.825,156.249,48.265966,25.918222,60.905,384.862,112.7,-90.0,0.0,24.0,1.0,0.047582031250000004
4686,2024-11-24 17:40:39.859,156.283,48.265959,25.918247,60.896,384.852,112.7,-90.0,0.0,24.0,1.0,0.047575
4687,2024-11-24 17:40:39.893,156.317,48.265959,25.918247,60.896,384.852,112.7,-90.0,0.0,24.0,1.0,0.047575
4688,2024-11-24 17:40:39.925,156.349,48.265959,25.918247,60.896,384.852,112.7,-90.0,0.0,24.0,1.0,0.047575
4689,2024-11-24 17:40:39.959,156.383,48.265952,25.918272,60.903,384.859,112.7,-90.0,0.0,24.0,1.0,0.04758046875
4690,2024-11-24 17:40:39.994,156.418,48.265952,25.918272,60.903,384.859,112.7,-90.0,0.0,24.0,1.0,0.04758046875
4691,2024-11-24 17:40:40.027,156.451,48.265952,25.918272,60.903,384.859,112.7,-90.0,0.0,24.0,1.0,0.04758046875
4692,2024-11-24 17:40:40.060,156.484,48.265945,25.918297,60.912,384.869,112.7,-89.9,0.0,24.0,1.0,0.0475875
4693,2024-11-24 17:40:40.094,156.518,48.265945,25.918297,60.912,384.869,112.7,-89.9,0.0,24.0,1.0,0.0475875
4694,2024-11-24 17:40:40.127,156.551,48.265945,25.918297,60.912,384.869,112.7,-89.9,0.0,24.0,1.0,0.0475875
4695,2024-11-24 17:40:40.159,156.583,48.265938,25.918322,60.913,384.869,112.7,-90.0,0.0,24.0,1.0,0.047588281249999996
4696,2024-11-24 17:40:40.194,156.618,48.265938,25.918322,60.913,384.869,112.7,-90.0,0.0,24.0,1.0,0.047588281249999996
4697,2024-11-24 17:40:40.226,156.65,48.265938,25.918322,60.913,384.869,112.7,-90.0,0.0,24.0,1.0,0.047588281249999996
4698,2024-11-24 17:40:40.259,156.683,48.265931,25.918348,60.907,384.863,112.7,-90.0,0.0,24.0,1.0,0.04758359375
4699,2024-11-24 17:40:40.294,156.718,48.265931,25.918348,60.907,384.863,112.7,-90.0,0.0,24.0,1.0,0.04758359375
4700,2024-11-24 17:40:40.326,156.75,48.265931,25.918348,60.907,384.863,112.7,-90.0,0.0,24.0,1.0,0.04758359375
4701,2024-11-24 17:40:40.359,156.783,48.265924,25.918372,60.897,384.854,112.7,-90.0,0.0,24.0,1.0,0.04757578125
4702,2024-11-24 17:40:40.395,156.819,48.265924,25.918372,60.897,384.854,112.7,-90.0,0.0,24.0,1.0,0.04757578125
4703,2024-11-24 17:40:40.426,156.85,48.265924,25.918372,60.897,384.854,112.7,-90.0,0.0,24.0,1.0,0.04757578125
4704,2024-11-24 17:40:40.460,156.884,48.265917,25.918397,60.888,384.845,112.7,-90.0,0.0,24.0,1.0,0.04756875
4705,2024-11-24 17:40:40.493,156.917,48.265917,25.918397,60.888,384.845,112.7,-90.0,0.0,24.0,1.0,0.04756875
4706,2024-11-24 17:40:40.526,156.95,48.265917,25.918397,60.888,384.845,112.7,-90.0,0.0,24.0,1.0,0.04756875
4707,2024-11-24 17:40:40.560,156.984,48.26591,25.918422,60.88,384.837,112.8,-90.0,0.0,24.0,1.0,0.0475625
4708,2024-11-24 17:40:40.596,157.02,48.26591,25.918422,60.88,384.837,112.8,-90.0,0.0,24.0,1.0,0.0475625
4709,2024-11-24 17:40:40.627,157.051,48.26591,25.918422,60.88,384.837,112.8,-90.0,0.0,24.0,1.0,0.0475625
4710,2024-11-24 17:40:40.659,157.083,48.265903,25.918447,60.877,384.834,112.9,-90.0,0.0,24.0,1.0,0.04756015625
4711,2024-11-24 17:40:40.693,157.117,48.265903,25.918447,60.877,384.834,112.9,-90.0,0.0,24.0,1.0,0.04756015625
4712,2024-11-24 17:40:40.727,157.151,48.265903,25.918447,60.877,384.834,112.9,-90.0,0.0,24.0,1.0,0.04756015625
4713,2024-11-24 17:40:40.760,157.184,48.265896,25.918473,60.885,384.841,113.0,-90.0,0.0,24.0,1.0,0.04756640625
4714,2024-11-24 17:40:40.795,157.219,48.265896,25.918473,60.885,384.841,113.0,-90.0,0.0,24.0,1.0,0.04756640625
4715,2024-11-24 17:40:40.827,157.251,48.265896,25.918473,60.885,384.841,113.0,-90.0,0.0,24.0,1.0,0.04756640625
4716,2024-11-24 17:40:40.861,157.285,48.265888,25.918498,60.893,384.849,113.0,-90.0,0.0,24.0,1.0,0.04757265625
4717,2024-11-24 17:40:40.894,157.318,48.265888,25.918498,60.893,384.849,113.0,-90.0,0.0,24.0,1.0,0.04757265625
4718,2024-11-24 17:40:40.927,157.351,48.265888,25.918498,60.893,384.849,113.0,-90.0,0.0,24.0,1.0,0.04757265625
4719,2024-11-24 17:40:40.960,157.384,48.265881,25.918523,60.904,384.861,113.1,-90.0,0.0,24.0,1.0,0.047581250000000005
4720,2024-11-24 17:40:40.995,157.419,48.265881,25.918523,60.904,384.861,113.1,-90.0,0.0,24.0,1.0,0.047581250000000005
4721,2024-11-24 17:40:41.026,157.45,48.265881,25.918523,60.904,384.861,113.1,-90.0,0.0,24.0,1.0,0.047581250000000005
4722,2024-11-24 17:40:41.060,157.484,48.265874,25.918549,60.918,384.874,113.4,-89.9,0.0,24.0,1.0,0.0475921875
4723,2024-11-24 17:40:41.094,157.518,48.265874,25.918549,60.918,384.874,113.4,-89.9,0.0,24.0,1.0,0.0475921875
4724,2024-11-24 17:40:41.126,157.55,48.265874,25.918549,60.918,384.874,113.4,-89.9,0.0,24.0,1.0,0.0475921875
4725,2024-11-24 17:40:41.160,157.584,48.265867,25.918574,60.926,384.883,113.6,-89.9,0.0,24.0,1.0,0.04759843750000001
4726,2024-11-24 17:40:41.197,157.621,48.265867,25.918574,60.926,384.883,113.6,-89.9,0.0,24.0,1.0,0.04759843750000001
4727,2024-11-24 17:40:41.227,157.651,48.265867,25.918574,60.926,384.883,113.6,-89.9,0.0,24.0,1.0,0.04759843750000001
4728,2024-11-24 17:40:41.260,157.684,48.26586,25.918599,60.934,384.891,113.6,-89.9,0.0,24.0,1.0,0.0476046875
4729,2024-11-24 17:40:41.294,157.718,48.26586,25.918599,60.934,384.891,113.6,-89.9,0.0,24.0,1.0,0.0476046875
4730,2024-11-24 17:40:41.327,157.751,48.26586,25.918599,60.934,384.891,113.6,-89.9,0.0,24.0,1.0,0.0476046875
4731,2024-11-24 17:40:41.360,157.784,48.265853,25.918624,60.947,384.903,113.6,-89.9,0.0,24.0,1.0,0.047614843750000004
4732,2024-11-24 17:40:41.397,157.821,48.265853,25.918624,60.947,384.903,113.6,-89.9,0.0,24.0,1.0,0.047614843750000004
4733,2024-11-24 17:40:41.427,157.851,48.265853,25.918624,60.947,384.903,113.6,-89.9,0.0,24.0,1.0,0.047614843750000004
4734,2024-11-24 17:40:41.460,157.884,48.265845,25.918649,60.942,384.899,113.8,-90.0,0.0,24.0,1.0,0.0476109375
4735,2024-11-24 17:40:41.494,157.918,48.265845,25.918649,60.942,384.899,113.8,-90.0,0.0,24.0,1.0,0.0476109375
4736,2024-11-24 17:40:41.527,157.951,48.265845,25.918649,60.942,384.899,113.8,-90.0,0.0,24.0,1.0,0.0476109375
4737,2024-11-24 17:40:41.561,157.985,48.265838,25.918673,60.931,384.888,114.3,-90.0,0.0,24.0,1.0,0.047602343750000005
4738,2024-11-24 17:40:41.597,158.021,48.265838,25.918673,60.931,384.888,114.3,-90.0,0.0,24.0,1.0,0.047602343750000005
4739,2024-11-24 17:40:41.627,158.051,48.265838,25.918673,60.931,384.888,114.3,-90.0,0.0,24.0,1.0,0.047602343750000005
4740,2024-11-24 17:40:41.660,158.084,48.265831,25.918698,60.936,384.893,114.8,-89.9,0.0,24.0,1.0,0.047606249999999996
4741,2024-11-24 17:40:41.695,158.119,48.265831,25.918698,60.936,384.893,114.8,-89.9,0.0,24.0,1.0,0.047606249999999996
4742,2024-11-24 17:40:41.728,158.152,48.265831,25.918698,60.936,384.893,114.8,-89.9,0.0,24.0,1.0,0.047606249999999996
4743,2024-11-24 17:40:41.761,158.185,48.265823,25.918722,60.971,384.927,114.9,-89.9,0.0,24.0,1.0,0.047633593749999995
4744,2024-11-24 17:40:41.795,158.219,48.265823,25.918722,60.971,384.927,114.9,-89.9,0.0,24.0,1.0,0.047633593749999995
4745,2024-11-24 17:40:41.827,158.251,48.265823,25.918722,60.971,384.927,114.9,-89.9,0.0,24.0,1.0,0.047633593749999995
4746,2024-11-24 17:40:41.861,158.285,48.265816,25.918747,60.973,384.929,114.9,-89.9,0.0,24.0,1.0,0.04763515625
4747,2024-11-24 17:40:41.894,158.318,48.265816,25.918747,60.973,384.929,114.9,-89.9,0.0,24.0,1.0,0.04763515625
4748,2024-11-24 17:40:41.927,158.351,48.265816,25.918747,60.973,384.929,114.9,-89.9,0.0,24.0,1.0,0.04763515625
4749,2024-11-24 17:40:41.962,158.386,48.265808,25.918771,60.955,384.912,115.0,-89.9,0.0,24.0,1.0,0.04762109375
4750,2024-11-24 17:40:41.998,158.422,48.265808,25.918771,60.955,384.912,115.0,-89.9,0.0,24.0,1.0,0.04762109375
4751,2024-11-24 17:40:42.028,158.452,48.265808,25.918771,60.955,384.912,115.0,-89.9,0.0,24.0,1.0,0.04762109375
4752,2024-11-24 17:40:42.061,158.485,48.2658,25.918795,60.93,384.887,115.3,-90.0,0.0,24.0,1.0,0.0476015625
4753,2024-11-24 17:40:42.095,158.519,48.2658,25.918795,60.93,384.887,115.3,-90.0,0.0,24.0,1.0,0.0476015625
4754,2024-11-24 17:40:42.127,158.551,48.2658,25.918795,60.93,384.887,115.3,-90.0,0.0,24.0,1.0,0.0476015625
4755,2024-11-24 17:40:42.162,158.586,48.265793,25.91882,60.918,384.874,115.4,-90.0,0.0,24.0,1.0,0.0475921875
4756,2024-11-24 17:40:42.196,158.62,48.265793,25.91882,60.918,384.874,115.4,-90.0,0.0,24.0,1.0,0.0475921875
4757,2024-11-24 17:40:42.228,158.652,48.265793,25.91882,60.918,384.874,115.4,-90.0,0.0,24.0,1.0,0.0475921875
4758,2024-11-24 17:40:42.262,158.686,48.265785,25.918845,60.926,384.882,115.4,-89.9,0.0,24.0,1.0,0.04759843750000001
4759,2024-11-24 17:40:42.296,158.72,48.265785,25.918845,60.926,384.882,115.4,-89.9,0.0,24.0,1.0,0.04759843750000001
4760,2024-11-24 17:40:42.328,158.752,48.265785,25.918845,60.926,384.882,115.4,-89.9,0.0,24.0,1.0,0.04759843750000001
4761,2024-11-24 17:40:42.362,158.786,48.265778,25.918868,60.925,384.882,115.4,-90.0,0.0,24.0,1.0,0.047597656249999995
4762,2024-11-24 17:40:42.398,158.822,48.265778,25.918868,60.925,384.882,115.4,-90.0,0.0,24.0,1.0,0.047597656249999995
4763,2024-11-24 17:40:42.428,158.852,48.265778,25.918868,60.925,384.882,115.4,-90.0,0.0,24.0,1.0,0.047597656249999995
4764,2024-11-24 17:40:42.462,158.886,48.26577,25.918893,60.925,384.881,115.5,-89.9,0.0,24.0,1.0,0.047597656249999995
4765,2024-11-24 17:40:42.495,158.919,48.26577,25.918893,60.925,384.881,115.5,-89.9,0.0,24.0,1.0,0.047597656249999995
4766,2024-11-24 17:40:42.529,158.953,48.26577,25.918893,60.925,384.881,115.5,-89.9,0.0,24.0,1.0,0.047597656249999995
4767,2024-11-24 17:40:42.562,158.986,48.265762,25.918917,60.917,384.874,116.7,-89.9,0.0,24.0,1.0,0.04759140625
4768,2024-11-24 17:40:42.596,159.02,48.265762,25.918917,60.917,384.874,116.7,-89.9,0.0,24.0,1.0,0.04759140625
4769,2024-11-24 17:40:42.628,159.052,48.265762,25.918917,60.917,384.874,116.7,-89.9,0.0,24.0,1.0,0.04759140625
4770,2024-11-24 17:40:42.662,159.086,48.265754,25.918941,60.929,384.886,118.6,-90.0,0.0,24.0,1.0,0.04760078125
4771,2024-11-24 17:40:42.695,159.119,48.265754,25.918941,60.929,384.886,118.6,-90.0,0.0,24.0,1.0,0.04760078125
4772,2024-11-24 17:40:42.728,159.152,48.265754,25.918941,60.929,384.886,118.6,-90.0,0.0,24.0,1.0,0.04760078125
4773,2024-11-24 17:40:42.761,159.185,48.265746,25.918965,60.951,384.907,120.4,-90.0,0.0,24.0,1.0,0.04761796875
4774,2024-11-24 17:40:42.796,159.22,48.265746,25.918965,60.951,384.907,120.4,-90.0,0.0,24.0,1.0,0.04761796875
4775,2024-11-24 17:40:42.828,159.252,48.265746,25.918965,60.951,384.907,120.4,-90.0,0.0,24.0,1.0,0.04761796875
4776,2024-11-24 17:40:42.862,159.286,48.265737,25.918987,60.986,384.943,122.0,-89.9,0.0,24.0,1.0,0.0476453125
4777,2024-11-24 17:40:42.896,159.32,48.265737,25.918987,60.986,384.943,122.0,-89.9,0.0,24.0,1.0,0.0476453125
4778,2024-11-24 17:40:42.928,159.352,48.265737,25.918987,60.986,384.943,122.0,-89.9,0.0,24.0,1.0,0.0476453125
4779,2024-11-24 17:40:42.963,159.387,48.265728,25.919009,61.017,384.974,123.2,-89.9,0.0,24.0,1.0,0.04766953125
4780,2024-11-24 17:40:42.998,159.422,48.265728,25.919009,61.017,384.974,123.2,-89.9,0.0,24.0,1.0,0.04766953125
4781,2024-11-24 17:40:43.028,159.452,48.265728,25.919009,61.017,384.974,123.2,-89.9,0.0,24.0,1.0,0.04766953125
4782,2024-11-24 17:40:43.062,159.486,48.265719,25.919031,61.022,384.978,124.1,-89.9,0.0,24.0,1.0,0.0476734375
4783,2024-11-24 17:40:43.097,159.521,48.265719,25.919031,61.022,384.978,124.1,-89.9,0.0,24.0,1.0,0.0476734375
4784,2024-11-24 17:40:43.129,159.553,48.265719,25.919031,61.022,384.978,124.1,-89.9,0.0,24.0,1.0,0.0476734375
4785,2024-11-24 17:40:43.163,159.587,48.265709,25.919051,61.005,384.962,124.6,-89.9,0.0,24.0,1.0,0.04766015625
4786,2024-11-24 17:40:43.198,159.622,48.265709,25.919051,61.005,384.962,124.6,-89.9,0.0,24.0,1.0,0.04766015625
4787,2024-11-24 17:40:43.229,159.653,48.265709,25.919051,61.005,384.962,124.6,-89.9,0.0,24.0,1.0,0.04766015625
4788,2024-11-24 17:40:43.262,159.686,48.265699,25.919072,60.992,384.949,124.6,-89.9,0.0,24.0,1.0,0.04765
4789,2024-11-24 17:40:43.296,159.72,48.265699,25.919072,60.992,384.949,124.6,-89.9,0.0,24.0,1.0,0.04765
4790,2024-11-24 17:40:43.329,159.753,48.265699,25.919072,60.992,384.949,124.6,-89.9,0.0,24.0,1.0,0.04765
4791,2024-11-24 17:40:43.362,159.786,48.26569,25.919093,60.962,384.919,124.6,-89.9,0.0,24.0,1.0,0.047626562500000004
4792,2024-11-24 17:40:43.398,159.822,48.26569,25.919093,60.962,384.919,124.6,-89.9,0.0,24.0,1.0,0.047626562500000004
4793,2024-11-24 17:40:43.429,159.853,48.26569,25.919093,60.962,384.919,124.6,-89.9,0.0,24.0,1.0,0.047626562500000004
4794,2024-11-24 17:40:43.462,159.886,48.26568,25.919114,60.909,384.866,124.6,-89.9,0.0,24.0,1.0,0.04758515625
4795,2024-11-24 17:40:43.496,159.92,48.26568,25.919114,60.909,384.866,124.6,-89.9,0.0,24.0,1.0,0.04758515625
4796,2024-11-24 17:40:43.529,159.953,48.26568,25.919114,60.909,384.866,124.6,-89.9,0.0,24.0,1.0,0.04758515625
4797,2024-11-24 17:40:43.563,159.987,48.265671,25.919135,60.871,384.828,124.6,-90.0,0.0,24.0,1.0,0.04755546875
4798,2024-11-24 17:40:43.596,160.02,48.265671,25.919135,60.871,384.828,124.6,-90.0,0.0,24.0,1.0,0.04755546875
4799,2024-11-24 17:40:43.629,160.053,48.265671,25.919135,60.871,384.828,124.6,-90.0,0.0,24.0,1.0,0.04755546875
4800,2024-11-24 17:40:43.662,160.086,48.265661,25.919155,60.909,384.865,124.6,-89.9,0.0,24.0,1.0,0.04758515625
4801,2024-11-24 17:40:43.696,160.12,48.265661,25.919155,60.909,384.865,124.6,-89.9,0.0,24.0,1.0,0.04758515625
4802,2024-11-24 17:40:43.729,160.153,48.265661,25.919155,60.909,384.865,124.6,-89.9,0.0,24.0,1.0,0.04758515625
4803,2024-11-24 17:40:43.763,160.187,48.265652,25.919176,60.896,384.853,124.6,-90.0,0.0,24.0,1.0,0.047575
4804,2024-11-24 17:40:43.796,160.22,48.265652,25.919176,60.896,384.853,124.6,-90.0,0.0,24.0,1.0,0.047575
4805,2024-11-24 17:40:43.830,160.254,48.265652,25.919176,60.896,384.853,124.6,-90.0,0.0,24.0,1.0,0.047575
4806,2024-11-24 17:40:43.863,160.287,48.265642,25.919196,60.858,384.815,124.6,-89.9,0.0,24.0,1.0,0.0475453125
4807,2024-11-24 17:40:43.897,160.321,48.265642,25.919196,60.858,384.815,124.6,-89.9,0.0,24.0,1.0,0.0475453125
4808,2024-11-24 17:40:43.929,160.353,48.265642,25.919196,60.858,384.815,124.6,-89.9,0.0,24.0,1.0,0.0475453125
4809,2024-11-24 17:40:43.963,160.387,48.265632,25.919215,60.866,384.822,124.6,-89.9,0.0,24.0,1.0,0.047551562500000005
4810,2024-11-24 17:40:43.997,160.421,48.265632,25.919215,60.866,384.822,124.6,-89.9,0.0,24.0,1.0,0.047551562500000005
4811,2024-11-24 17:40:44.030,160.454,48.265632,25.919215,60.866,384.822,124.6,-89.9,0.0,24.0,1.0,0.047551562500000005
4812,2024-11-24 17:40:44.063,160.487,48.265623,25.919234,60.857,384.814,123.8,-89.9,0.0,24.0,1.0,0.04754453125
4813,2024-11-24 17:40:44.096,160.52,48.265623,25.919234,60.857,384.814,123.8,-89.9,0.0,24.0,1.0,0.04754453125
4814,2024-11-24 17:40:44.129,160.553,48.265623,25.919234,60.857,384.814,123.8,-89.9,0.0,24.0,1.0,0.04754453125
4815,2024-11-24 17:40:44.164,160.588,48.265614,25.919251,60.862,384.819,121.7,-90.0,0.0,24.0,1.0,0.047548437500000006
4816,2024-11-24 17:40:44.197,160.621,48.265614,25.919251,60.862,384.819,121.7,-90.0,0.0,24.0,1.0,0.047548437500000006
4817,2024-11-24 17:40:44.230,160.654,48.265614,25.919251,60.862,384.819,121.7,-90.0,0.0,24.0,1.0,0.047548437500000006
4818,2024-11-24 17:40:44.263,160.687,48.265605,25.919268,60.88,384.836,119.1,-90.0,0.0,24.0,1.0,0.0475625
4819,2024-11-24 17:40:44.298,160.722,48.265605,25.919268,60.88,384.836,119.1,-90.0,0.0,24.0,1.0,0.0475625
4820,2024-11-24 17:40:44.331,160.755,48.265605,25.919268,60.88,384.836,119.1,-90.0,0.0,24.0,1.0,0.0475625
4821,2024-11-24 17:40:44.363,160.787,48.265596,25.919285,60.899,384.855,117.4,-90.0,0.0,24.0,1.0,0.04757734375
4822,2024-11-24 17:40:44.400,160.824,48.265596,25.919285,60.899,384.855,117.4,-90.0,0.0,24.0,1.0,0.04757734375
4823,2024-11-24 17:40:44.431,160.855,48.265596,25.919285,60.899,384.855,117.4,-90.0,0.0,24.0,1.0,0.04757734375
4824,2024-11-24 17:40:44.463,160.887,48.265589,25.919301,60.917,384.874,116.3,-90.0,0.0,24.0,1.0,0.04759140625
4825,2024-11-24 17:40:44.498,160.922,48.265589,25.919301,60.917,384.874,116.3,-90.0,0.0,24.0,1.0,0.04759140625
4826,2024-11-24 17:40:44.531,160.955,48.265582,25.919316,60.907,384.863,116.3,-90.0,0.0,24.0,1.0,0.04758359375
4827,2024-11-24 17:40:44.563,160.987,48.265582,25.919316,60.907,384.863,115.9,-89.9,0.0,24.0,1.0,0.04758359375
4828,2024-11-24 17:40:44.597,161.021,48.265582,25.919316,60.907,384.863,115.9,-89.9,0.0,24.0,1.0,0.04758359375
4829,2024-11-24 17:40:44.631,161.055,48.265582,25.919316,60.907,384.863,115.9,-89.9,0.0,24.0,1.0,0.04758359375
4830,2024-11-24 17:40:44.663,161.087,48.265575,25.919331,60.863,384.819,115.7,-89.9,0.0,24.0,1.0,0.04754921875
4831,2024-11-24 17:40:44.698,161.122,48.265575,25.919331,60.863,384.819,115.7,-89.9,0.0,24.0,1.0,0.04754921875
4832,2024-11-24 17:40:44.731,161.155,48.265575,25.919331,60.863,384.819,115.7,-89.9,0.0,24.0,1.0,0.04754921875
4833,2024-11-24 17:40:44.764,161.188,48.26557,25.919345,60.812,384.768,115.7,-90.0,0.0,24.0,1.0,0.04750937499999999
4834,2024-11-24 17:40:44.798,161.222,48.26557,25.919345,60.812,384.768,115.7,-90.0,0.0,24.0,1.0,0.04750937499999999
4835,2024-11-24 17:40:44.831,161.255,48.26557,25.919345,60.812,384.768,115.7,-90.0,0.0,24.0,1.0,0.04750937499999999
4836,2024-11-24 17:40:44.864,161.288,48.265565,25.919359,60.767,384.724,115.7,-90.0,0.0,24.0,1.0,0.047474218750000005
4837,2024-11-24 17:40:44.897,161.321,48.265565,25.919359,60.767,384.724,115.7,-90.0,0.0,24.0,1.0,0.047474218750000005
4838,2024-11-24 17:40:44.930,161.354,48.265565,25.919359,60.767,384.724,115.7,-90.0,0.0,24.0,1.0,0.047474218750000005
4839,2024-11-24 17:40:44.964,161.388,48.26556,25.919372,60.72,384.677,115.7,-90.0,0.0,24.0,1.0,0.0474375
4840,2024-11-24 17:40:44.999,161.423,48.26556,25.919372,60.72,384.677,115.7,-90.0,0.0,24.0,1.0,0.0474375
4841,2024-11-24 17:40:45.030,161.454,48.26556,25.919372,60.72,384.677,115.7,-90.0,0.0,24.0,1.0,0.0474375
4842,2024-11-24 17:40:45.064,161.488,48.265556,25.919384,60.701,384.658,115.7,-90.0,0.0,24.0,1.0,0.04742265625
4843,2024-11-24 17:40:45.099,161.523,48.265556,25.919384,60.701,384.658,115.7,-90.0,0.0,24.0,1.0,0.04742265625
4844,2024-11-24 17:40:45.130,161.554,48.265556,25.919384,60.701,384.658,115.7,-90.0,0.0,24.0,1.0,0.04742265625
4845,2024-11-24 17:40:45.163,161.587,48.265552,25.919396,60.685,384.642,115.7,-89.9,0.0,24.0,1.0,0.04741015625
4846,2024-11-24 17:40:45.198,161.622,48.265552,25.919396,60.685,384.642,115.7,-89.9,0.0,24.0,1.0,0.04741015625
4847,2024-11-24 17:40:45.230,161.654,48.265552,25.919396,60.685,384.642,115.7,-89.9,0.0,24.0,1.0,0.04741015625
4848,2024-11-24 17:40:45.264,161.688,48.265548,25.919406,60.667,384.624,115.7,-90.0,0.0,24.0,1.0,0.04739609375
4849,2024-11-24 17:40:45.297,161.721,48.265548,25.919406,60.667,384.624,115.7,-90.0,0.0,24.0,1.0,0.04739609375
4850,2024-11-24 17:40:45.331,161.755,48.265548,25.919406,60.667,384.624,115.7,-90.0,0.0,24.0,1.0,0.04739609375
4851,2024-11-24 17:40:45.364,161.788,48.265544,25.919417,60.641,384.598,115.7,-89.9,0.0,24.0,1.0,0.04737578125
4852,2024-11-24 17:40:45.398,161.822,48.265544,25.919417,60.641,384.598,115.7,-89.9,0.0,24.0,1.0,0.04737578125
4853,2024-11-24 17:40:45.431,161.855,48.265544,25.919417,60.641,384.598,115.7,-89.9,0.0,24.0,1.0,0.04737578125
4854,2024-11-24 17:40:45.464,161.888,48.26554,25.919426,60.63,384.587,115.7,-90.0,0.0,24.0,1.0,0.047367187500000005
4855,2024-11-24 17:40:45.498,161.922,48.26554,25.919426,60.63,384.587,115.7,-90.0,0.0,24.0,1.0,0.047367187500000005
4856,2024-11-24 17:40:45.531,161.955,48.265536,25.919434,60.622,384.578,115.7,-90.0,0.0,24.0,1.0,0.0473609375
4857,2024-11-24 17:40:45.565,161.989,48.265536,25.919434,60.622,384.578,115.5,-89.9,0.0,24.0,1.0,0.0473609375
4858,2024-11-24 17:40:45.598,162.022,48.265536,25.919434,60.622,384.578,115.5,-89.9,0.0,24.0,1.0,0.0473609375
4859,2024-11-24 17:40:45.631,162.055,48.265532,25.919442,60.612,384.568,115.5,-89.9,0.0,24.0,1.0,0.047353125
4860,2024-11-24 17:40:45.664,162.088,48.265532,25.919442,60.612,384.568,115.5,-90.0,0.0,24.0,1.0,0.047353125
4861,2024-11-24 17:40:45.697,162.121,48.265532,25.919442,60.612,384.568,115.5,-90.0,0.0,24.0,1.0,0.047353125
4862,2024-11-24 17:40:45.731,162.155,48.265532,25.919442,60.612,384.568,115.5,-90.0,0.0,24.0,1.0,0.047353125
4863,2024-11-24 17:40:45.765,162.189,48.265529,25.919448,60.607,384.564,115.7,-89.9,0.0,24.0,1.0,0.04734921875
4864,2024-11-24 17:40:45.798,162.222,48.265529,25.919448,60.607,384.564,115.7,-89.9,0.0,24.0,1.0,0.04734921875
4865,2024-11-24 17:40:45.831,162.255,48.265527,25.919454,60.609,384.566,115.7,-89.9,0.0,24.0,1.0,0.04735078125
4866,2024-11-24 17:40:45.867,162.291,48.265527,25.919454,60.609,384.566,115.7,-90.0,0.0,24.0,1.0,0.04735078125
4867,2024-11-24 17:40:45.898,162.322,48.265527,25.919454,60.609,384.566,115.7,-90.0,0.0,24.0,1.0,0.04735078125
4868,2024-11-24 17:40:45.931,162.355,48.265527,25.919454,60.609,384.566,115.7,-90.0,0.0,24.0,1.0,0.04735078125
4869,2024-11-24 17:40:45.964,162.388,48.265525,25.919459,60.618,384.574,115.7,-89.9,0.0,24.0,1.0,0.047357812500000006
4870,2024-11-24 17:40:45.998,162.422,48.265525,25.919459,60.618,384.574,115.7,-89.9,0.0,24.0,1.0,0.047357812500000006
4871,2024-11-24 17:40:46.031,162.455,48.265523,25.919464,60.618,384.575,115.7,-89.9,0.0,24.0,1.0,0.047357812500000006
4872,2024-11-24 17:40:46.065,162.489,48.265523,25.919464,60.618,384.575,115.7,-89.9,0.0,24.0,1.0,0.047357812500000006
4873,2024-11-24 17:40:46.099,162.523,48.265523,25.919464,60.618,384.575,115.7,-89.9,0.0,24.0,1.0,0.047357812500000006
4874,2024-11-24 17:40:46.131,162.555,48.265523,25.919464,60.618,384.575,115.7,-89.9,0.0,24.0,1.0,0.047357812500000006
4875,2024-11-24 17:40:46.165,162.589,48.265522,25.919467,60.632,384.588,115.7,-90.0,0.0,24.0,1.0,0.047368749999999994
4876,2024-11-24 17:40:46.199,162.623,48.265522,25.919467,60.632,384.588,115.7,-90.0,0.0,24.0,1.0,0.047368749999999994
4877,2024-11-24 17:40:46.232,162.656,48.265522,25.919467,60.632,384.588,115.7,-90.0,0.0,24.0,1.0,0.047368749999999994
4878,2024-11-24 17:40:46.265,162.689,48.265521,25.919469,60.66,384.617,115.7,-89.9,0.0,24.0,1.0,0.047390625
4879,2024-11-24 17:40:46.299,162.723,48.265521,25.919469,60.66,384.617,115.7,-89.9,0.0,24.0,1.0,0.047390625
4880,2024-11-24 17:40:46.332,162.756,48.265521,25.919469,60.66,384.617,115.7,-89.9,0.0,24.0,1.0,0.047390625
4881,2024-11-24 17:40:46.365,162.789,48.26552,25.919471,60.695,384.652,115.7,-90.0,0.0,24.0,1.0,0.047417968750000004
4882,2024-11-24 17:40:46.399,162.823,48.26552,25.919471,60.695,384.652,115.7,-90.0,0.0,24.0,1.0,0.047417968750000004
4883,2024-11-24 17:40:46.432,162.856,48.26552,25.919472,60.714,384.671,115.7,-90.0,0.0,24.0,1.0,0.0474328125
4884,2024-11-24 17:40:46.465,162.889,48.26552,25.919472,60.714,384.671,115.7,-90.0,0.0,24.0,1.0,0.0474328125
4885,2024-11-24 17:40:46.499,162.923,48.26552,25.919472,60.714,384.671,115.7,-90.0,0.0,24.0,1.0,0.0474328125
4886,2024-11-24 17:40:46.532,162.956,48.26552,25.919472,60.714,384.671,115.7,-90.0,0.0,24.0,1.0,0.0474328125
4887,2024-11-24 17:40:46.565,162.989,48.26552,25.919473,60.732,384.689,115.7,-89.9,0.0,24.0,1.0,0.047446875
4888,2024-11-24 17:40:46.599,163.023,48.26552,25.919473,60.732,384.689,115.7,-89.9,0.0,24.0,1.0,0.047446875
4889,2024-11-24 17:40:46.633,163.057,48.265519,25.919474,60.75,384.707,115.7,-89.9,0.0,24.0,1.0,0.0474609375
4890,2024-11-24 17:40:46.665,163.089,48.265519,25.919474,60.75,384.707,115.7,-90.0,0.0,24.0,1.0,0.0474609375
4891,2024-11-24 17:40:46.699,163.123,48.265519,25.919474,60.75,384.707,115.7,-90.0,0.0,24.0,1.0,0.0474609375
4892,2024-11-24 17:40:46.732,163.156,48.265519,25.919475,60.769,384.726,115.7,-90.0,0.0,24.0,1.0,0.047475781249999995
4893,2024-11-24 17:40:46.765,163.189,48.265519,25.919475,60.769,384.726,115.7,-90.0,0.0,24.0,1.0,0.047475781249999995
4894,2024-11-24 17:40:46.799,163.223,48.265519,25.919475,60.769,384.726,115.7,-90.0,0.0,24.0,1.0,0.047475781249999995
4895,2024-11-24 17:40:46.832,163.256,48.265519,25.919475,60.791,384.747,115.7,-90.0,0.0,24.0,1.0,0.047492968749999996
4896,2024-11-24 17:40:46.866,163.29,48.265519,25.919475,60.791,384.747,115.7,-89.9,0.0,24.0,1.0,0.047492968749999996
4897,2024-11-24 17:40:46.899,163.323,48.265519,25.919475,60.791,384.747,115.7,-89.9,0.0,24.0,1.0,0.047492968749999996
4898,2024-11-24 17:40:46.932,163.356,48.265519,25.919475,60.791,384.747,115.7,-89.9,0.0,24.0,1.0,0.047492968749999996
4899,2024-11-24 17:40:46.965,163.389,48.265518,25.919475,60.812,384.769,115.7,-90.0,0.0,24.0,1.0,0.04750937499999999
4900,2024-11-24 17:40:46.999,163.423,48.265518,25.919475,60.812,384.769,115.7,-90.0,0.0,24.0,1.0,0.04750937499999999
4901,2024-11-24 17:40:47.032,163.456,48.265518,25.919476,60.83,384.787,115.7,-90.0,0.0,24.0,1.0,0.0475234375
4902,2024-11-24 17:40:47.065,163.489,48.265518,25.919476,60.83,384.787,115.7,-90.0,0.0,24.0,1.0,0.0475234375
4903,2024-11-24 17:40:47.099,163.523,48.265518,25.919476,60.83,384.787,115.7,-90.0,0.0,24.0,1.0,0.0475234375
4904,2024-11-24 17:40:47.133,163.557,48.265518,25.919476,60.849,384.805,115.7,-90.0,0.0,24.0,1.0,0.04753828125
4905,2024-11-24 17:40:47.166,163.59,48.265518,25.919476,60.849,384.805,115.7,-90.0,0.0,24.0,1.0,0.04753828125
4906,2024-11-24 17:40:47.199,163.623,48.265518,25.919476,60.849,384.805,115.7,-90.0,0.0,24.0,1.0,0.04753828125
4907,2024-11-24 17:40:47.233,163.657,48.265518,25.919476,60.863,384.819,115.7,-90.0,0.0,24.0,1.0,0.04754921875
4908,2024-11-24 17:40:47.265,163.689,48.265518,25.919476,60.863,384.819,115.7,-90.0,0.0,24.0,1.0,0.04754921875
4909,2024-11-24 17:40:47.299,163.723,48.265518,25.919476,60.863,384.819,115.7,-90.0,0.0,24.0,1.0,0.04754921875
4910,2024-11-24 17:40:47.333,163.757,48.265518,25.919476,60.863,384.819,115.7,-90.0,0.0,24.0,1.0,0.04754921875
4911,2024-11-24 17:40:47.367,163.791,48.265518,25.919476,60.877,384.833,115.7,-90.0,0.0,24.0,1.0,0.04756015625
4912,2024-11-24 17:40:47.400,163.824,48.265518,25.919476,60.877,384.833,115.7,-90.0,0.0,24.0,1.0,0.04756015625
4913,2024-11-24 17:40:47.434,163.858,48.265517,25.919477,60.889,384.846,115.7,-90.0,0.0,24.0,1.0,0.04756953125
4914,2024-11-24 17:40:47.466,163.89,48.265517,25.919477,60.889,384.846,115.7,-90.0,0.0,24.0,1.0,0.04756953125
4915,2024-11-24 17:40:47.500,163.924,48.265517,25.919477,60.889,384.846,115.7,-90.0,0.0,24.0,1.0,0.04756953125
4916,2024-11-24 17:40:47.533,163.957,48.265517,25.919477,60.889,384.846,115.7,-90.0,0.0,24.0,1.0,0.04756953125
4917,2024-11-24 17:40:47.567,163.991,48.265517,25.919477,60.902,384.859,115.7,-90.0,0.0,24.0,1.0,0.0475796875
4918,2024-11-24 17:40:47.600,164.024,48.265517,25.919477,60.902,384.859,115.7,-90.0,0.0,24.0,1.0,0.0475796875
4919,2024-11-24 17:40:47.633,164.057,48.265517,25.919477,60.914,384.871,115.7,-90.0,0.0,24.0,1.0,0.04758906250000001
4920,2024-11-24 17:40:47.666,164.09,48.265517,25.919477,60.914,384.871,115.7,-90.0,0.0,24.0,1.0,0.04758906250000001
4921,2024-11-24 17:40:47.699,164.123,48.265517,25.919477,60.914,384.871,115.7,-90.0,0.0,24.0,1.0,0.04758906250000001
4922,2024-11-24 17:40:47.734,164.158,48.265517,25.919477,60.923,384.88,115.7,-90.0,0.0,24.0,1.0,0.04759609375
4923,2024-11-24 17:40:47.766,164.19,48.265517,25.919477,60.923,384.88,115.7,-90.0,0.0,24.0,1.0,0.04759609375
4924,2024-11-24 17:40:47.801,164.225,48.265517,25.919477,60.923,384.88,115.7,-90.0,0.0,24.0,1.0,0.04759609375
4925,2024-11-24 17:40:47.834,164.258,48.265517,25.919477,60.932,384.888,115.7,-90.0,0.0,24.0,1.0,0.047603124999999996
4926,2024-11-24 17:40:47.867,164.291,48.265517,25.919477,60.932,384.888,115.7,-90.0,0.0,24.0,1.0,0.047603124999999996
4927,2024-11-24 17:40:47.900,164.324,48.265517,25.919477,60.932,384.888,115.7,-90.0,0.0,24.0,1.0,0.047603124999999996
4928,2024-11-24 17:40:47.933,164.357,48.265517,25.919477,60.932,384.888,115.7,-90.0,0.0,24.0,1.0,0.047603124999999996
4929,2024-11-24 17:40:47.967,164.391,48.265517,25.919477,60.939,384.895,115.7,-90.0,0.0,24.0,1.0,0.047608593750000004
4930,2024-11-24 17:40:48.001,164.425,48.265517,25.919477,60.939,384.895,115.7,-90.0,0.0,24.0,1.0,0.047608593750000004
4931,2024-11-24 17:40:48.034,164.458,48.265517,25.919477,60.946,384.902,115.7,-90.0,0.0,24.0,1.0,0.0476140625
4932,2024-11-24 17:40:48.066,164.49,48.265517,25.919477,60.946,384.902,115.7,-90.0,0.0,24.0,1.0,0.0476140625
4933,2024-11-24 17:40:48.100,164.524,48.265517,25.919477,60.946,384.902,115.7,-90.0,0.0,24.0,1.0,0.0476140625
4934,2024-11-24 17:40:48.134,164.558,48.265517,25.919476,60.951,384.907,115.7,-90.0,0.0,24.0,1.0,0.04761796875
4935,2024-11-24 17:40:48.167,164.591,48.265517,25.919476,60.951,384.907,115.7,-90.0,0.0,24.0,1.0,0.04761796875
4936,2024-11-24 17:40:48.200,164.624,48.265517,25.919476,60.951,384.907,115.7,-90.0,0.0,24.0,1.0,0.04761796875
4937,2024-11-24 17:40:48.234,164.658,48.265517,25.919476,60.957,384.913,115.7,-90.0,0.0,24.0,1.0,0.04762265625
4938,2024-11-24 17:40:48.267,164.691,48.265517,25.919476,60.957,384.913,115.7,-90.0,0.0,24.0,1.0,0.04762265625
4939,2024-11-24 17:40:48.301,164.725,48.265517,25.919476,60.957,384.913,115.7,-90.0,0.0,24.0,1.0,0.04762265625
4940,2024-11-24 17:40:48.334,164.758,48.265517,25.919476,60.957,384.913,115.7,-90.0,0.0,24.0,1.0,0.04762265625
4941,2024-11-24 17:40:48.367,164.791,48.265517,25.919476,60.961,384.917,115.7,-90.0,0.0,24.0,1.0,0.04762578124999999
4942,2024-11-24 17:40:48.400,164.824,48.265517,25.919476,60.961,384.917,115.7,-90.0,0.0,24.0,1.0,0.04762578124999999
4943,2024-11-24 17:40:48.434,164.858,48.265517,25.919476,60.965,384.922,115.7,-90.0,0.0,24.0,1.0,0.047628906250000005
4944,2024-11-24 17:40:48.467,164.891,48.265517,25.919476,60.965,384.922,115.7,-90.0,0.0,24.0,1.0,0.047628906250000005
4945,2024-11-24 17:40:48.501,164.925,48.265517,25.919476,60.965,384.922,115.7,-90.0,0.0,24.0,1.0,0.047628906250000005
4946,2024-11-24 17:40:48.534,164.958,48.265517,25.919476,60.971,384.928,115.7,-90.0,0.0,24.0,1.0,0.047633593749999995
4947,2024-11-24 17:40:48.567,164.991,48.265517,25.919476,60.971,384.928,115.7,-90.0,0.0,24.0,1.0,0.047633593749999995
4948,2024-11-24 17:40:48.601,165.025,48.265517,25.919476,60.971,384.928,115.7,-90.0,0.0,24.0,1.0,0.047633593749999995
4949,2024-11-24 17:40:48.634,165.058,48.265517,25.919476,60.975,384.932,115.7,-90.0,0.0,24.0,1.0,0.04763671875
4950,2024-11-24 17:40:48.667,165.091,48.265517,25.919476,60.975,384.932,115.7,-90.0,0.0,24.0,1.0,0.04763671875
4951,2024-11-24 17:40:48.702,165.126,48.265517,25.919476,60.975,384.932,115.7,-90.0,0.0,24.0,1.0,0.04763671875
4952,2024-11-24 17:40:48.734,165.158,48.265517,25.919476,60.98,384.937,115.7,-90.0,0.0,24.0,1.0,0.047640625
4953,2024-11-24 17:40:48.767,165.191,48.265517,25.919476,60.98,384.937,115.7,-90.0,0.0,24.0,1.0,0.047640625
4954,2024-11-24 17:40:48.801,165.225,48.265517,25.919476,60.98,384.937,115.7,-90.0,0.0,24.0,1.0,0.047640625
4955,2024-11-24 17:40:48.835,165.259,48.265517,25.919476,60.983,384.939,115.7,-90.0,0.0,24.0,1.0,0.047642968749999993
4956,2024-11-24 17:40:48.868,165.292,48.265517,25.919476,60.983,384.939,115.7,-90.0,0.0,24.0,1.0,0.047642968749999993
4957,2024-11-24 17:40:48.900,165.324,48.265517,25.919476,60.983,384.939,115.7,-90.0,0.0,24.0,1.0,0.047642968749999993
4958,2024-11-24 17:40:48.936,165.36,48.265517,25.919476,60.986,384.942,115.7,-90.0,0.0,24.0,1.0,0.0476453125
4959,2024-11-24 17:40:48.967,165.391,48.265517,25.919476,60.986,384.942,115.7,-90.0,0.0,24.0,1.0,0.0476453125
4960,2024-11-24 17:40:49.002,165.426,48.265517,25.919476,60.986,384.942,115.7,-90.0,0.0,24.0,1.0,0.0476453125
4961,2024-11-24 17:40:49.034,165.458,48.265517,25.919476,60.989,384.946,115.7,-90.0,0.0,24.0,1.0,0.047647656249999996
4962,2024-11-24 17:40:49.067,165.491,48.265517,25.919476,60.989,384.946,115.7,-90.0,0.0,24.0,1.0,0.047647656249999996
4963,2024-11-24 17:40:49.100,165.524,48.265517,25.919476,60.989,384.946,115.7,-90.0,0.0,24.0,1.0,0.047647656249999996
4964,2024-11-24 17:40:49.136,165.56,48.265518,25.919476,60.992,384.949,115.7,-90.0,0.0,24.0,1.0,0.04765
4965,2024-11-24 17:40:49.168,165.592,48.265518,25.919476,60.992,384.949,115.7,-90.0,0.0,24.0,1.0,0.04765
4966,2024-11-24 17:40:49.202,165.626,48.265518,25.919476,60.992,384.949,115.7,-90.0,0.0,24.0,1.0,0.04765
4967,2024-11-24 17:40:49.234,165.658,48.265518,25.919476,60.995,384.952,115.7,-90.0,0.0,24.0,1.0,0.04765234375
4968,2024-11-24 17:40:49.269,165.693,48.265518,25.919476,60.995,384.952,115.7,-90.0,0.0,24.0,1.0,0.04765234375
4969,2024-11-24 17:40:49.301,165.725,48.265518,25.919476,60.995,384.952,115.7,-90.0,0.0,24.0,1.0,0.04765234375
4970,2024-11-24 17:40:49.335,165.759,48.265518,25.919476,60.996,384.953,115.7,-90.0,0.0,24.0,1.0,0.047653125
4971,2024-11-24 17:40:49.368,165.792,48.265518,25.919476,60.996,384.953,115.7,-90.0,0.0,24.0,1.0,0.047653125
4972,2024-11-24 17:40:49.403,165.827,48.265518,25.919476,60.996,384.953,115.7,-90.0,0.0,24.0,1.0,0.047653125
4973,2024-11-24 17:40:49.436,165.86,48.265518,25.919476,61.0,384.957,115.7,-90.0,0.0,24.0,1.0,0.04765625
4974,2024-11-24 17:40:49.467,165.891,48.265518,25.919476,61.0,384.957,115.7,-90.0,0.0,24.0,1.0,0.04765625
4975,2024-11-24 17:40:49.502,165.926,48.265518,25.919476,61.0,384.957,115.7,-90.0,0.0,24.0,1.0,0.04765625
4976,2024-11-24 17:40:49.536,165.96,48.265518,25.919475,61.003,384.96,115.7,-90.0,0.0,24.0,1.0,0.047658593750000006
4977,2024-11-24 17:40:49.568,165.992,48.265518,25.919475,61.003,384.96,115.7,-90.0,0.0,24.0,1.0,0.047658593750000006
4978,2024-11-24 17:40:49.602,166.026,48.265518,25.919475,61.003,384.96,115.7,-90.0,0.0,24.0,1.0,0.047658593750000006
4979,2024-11-24 17:40:49.637,166.061,48.265518,25.919475,61.009,384.965,115.7,-90.0,0.0,24.0,1.0,0.047663281249999995
